severity,check,row,field,message,expected,observed,source
info,fact_source_coverage,acetazolamide,trade_names,Field has non-RCT source coverage listed in evidence_sources,,,FDA Orange Book products file; FDA Drugs@FDA/accessdata labeling; https://www.accessdata.fda.gov/drugsatfda_docs/label/2024/012945s048lbl.pdf; https://www.accessdata.fda.gov/drugsatfda_docs/label/2025/008943s054lbl.pdf; https://www.accessdata.fda.gov/drugsatfda_docs/label/2024/008943s053%2C009388s039lbl.pdf
info,fact_source_coverage,acetazolamide,status_or_notes,Field has non-RCT source coverage listed in evidence_sources,,,FDA Orange Book products file; FDA Drugs@FDA/accessdata labeling; https://www.accessdata.fda.gov/drugsatfda_docs/label/2024/012945s048lbl.pdf; https://www.accessdata.fda.gov/drugsatfda_docs/label/2025/008943s054lbl.pdf; https://www.accessdata.fda.gov/drugsatfda_docs/label/2024/008943s053%2C009388s039lbl.pdf
info,fact_source_coverage,acetazolamide,available_in_us,Field has non-RCT source coverage listed in evidence_sources,,,FDA Orange Book products file; FDA Drugs@FDA/accessdata labeling; https://www.accessdata.fda.gov/drugsatfda_docs/label/2024/012945s048lbl.pdf; https://www.accessdata.fda.gov/drugsatfda_docs/label/2025/008943s054lbl.pdf; https://www.accessdata.fda.gov/drugsatfda_docs/label/2024/008943s053%2C009388s039lbl.pdf
info,fact_source_coverage,acetazolamide,epilepsy_type,Field has non-RCT source coverage listed in evidence_sources,,,FDA Orange Book products file; FDA Drugs@FDA/accessdata labeling; https://www.accessdata.fda.gov/drugsatfda_docs/label/2024/012945s048lbl.pdf; https://www.accessdata.fda.gov/drugsatfda_docs/label/2025/008943s054lbl.pdf; https://www.accessdata.fda.gov/drugsatfda_docs/label/2024/008943s053%2C009388s039lbl.pdf
info,fact_source_coverage,acetazolamide,mechanism_of_action,Field has non-RCT source coverage listed in evidence_sources,,,FDA Orange Book products file; FDA Drugs@FDA/accessdata labeling; https://www.accessdata.fda.gov/drugsatfda_docs/label/2024/012945s048lbl.pdf; https://www.accessdata.fda.gov/drugsatfda_docs/label/2025/008943s054lbl.pdf; https://www.accessdata.fda.gov/drugsatfda_docs/label/2024/008943s053%2C009388s039lbl.pdf
info,fact_source_coverage,acetazolamide,mechanism_source,Field has non-RCT source coverage listed in evidence_sources,,,FDA Orange Book products file; FDA Drugs@FDA/accessdata labeling; https://www.accessdata.fda.gov/drugsatfda_docs/label/2024/012945s048lbl.pdf; https://www.accessdata.fda.gov/drugsatfda_docs/label/2025/008943s054lbl.pdf; https://www.accessdata.fda.gov/drugsatfda_docs/label/2024/008943s053%2C009388s039lbl.pdf
info,fact_source_coverage,acetazolamide,mechanism_source_tier,Field has non-RCT source coverage listed in evidence_sources,,,FDA Orange Book products file; FDA Drugs@FDA/accessdata labeling; https://www.accessdata.fda.gov/drugsatfda_docs/label/2024/012945s048lbl.pdf; https://www.accessdata.fda.gov/drugsatfda_docs/label/2025/008943s054lbl.pdf; https://www.accessdata.fda.gov/drugsatfda_docs/label/2024/008943s053%2C009388s039lbl.pdf
info,fact_source_coverage,acetazolamide,mechanism_confidence,Field has non-RCT source coverage listed in evidence_sources,,,FDA Orange Book products file; FDA Drugs@FDA/accessdata labeling; https://www.accessdata.fda.gov/drugsatfda_docs/label/2024/012945s048lbl.pdf; https://www.accessdata.fda.gov/drugsatfda_docs/label/2025/008943s054lbl.pdf; https://www.accessdata.fda.gov/drugsatfda_docs/label/2024/008943s053%2C009388s039lbl.pdf
info,fact_source_coverage,acetazolamide,half_life_range,Field has non-RCT source coverage listed in evidence_sources,,,FDA Orange Book products file; FDA Drugs@FDA/accessdata labeling; https://www.accessdata.fda.gov/drugsatfda_docs/label/2024/012945s048lbl.pdf; https://www.accessdata.fda.gov/drugsatfda_docs/label/2025/008943s054lbl.pdf; https://www.accessdata.fda.gov/drugsatfda_docs/label/2024/008943s053%2C009388s039lbl.pdf
info,fact_source_coverage,acetazolamide,major_organ_for_metabolism,Field has non-RCT source coverage listed in evidence_sources,,,FDA Orange Book products file; FDA Drugs@FDA/accessdata labeling; https://www.accessdata.fda.gov/drugsatfda_docs/label/2024/012945s048lbl.pdf; https://www.accessdata.fda.gov/drugsatfda_docs/label/2025/008943s054lbl.pdf; https://www.accessdata.fda.gov/drugsatfda_docs/label/2024/008943s053%2C009388s039lbl.pdf
info,fact_source_coverage,acetazolamide,formulations_available,Field has non-RCT source coverage listed in evidence_sources,,,FDA Orange Book products file; FDA Drugs@FDA/accessdata labeling; https://www.accessdata.fda.gov/drugsatfda_docs/label/2024/012945s048lbl.pdf; https://www.accessdata.fda.gov/drugsatfda_docs/label/2025/008943s054lbl.pdf; https://www.accessdata.fda.gov/drugsatfda_docs/label/2024/008943s053%2C009388s039lbl.pdf
info,fact_source_coverage,acetazolamide,typical_doses_per_day,Field has non-RCT source coverage listed in evidence_sources,,,FDA Orange Book products file; FDA Drugs@FDA/accessdata labeling; https://www.accessdata.fda.gov/drugsatfda_docs/label/2024/012945s048lbl.pdf; https://www.accessdata.fda.gov/drugsatfda_docs/label/2025/008943s054lbl.pdf; https://www.accessdata.fda.gov/drugsatfda_docs/label/2024/008943s053%2C009388s039lbl.pdf
info,fact_source_coverage,acetazolamide,minimum_effective_dose,Field has non-RCT source coverage listed in evidence_sources,,,FDA Orange Book products file; FDA Drugs@FDA/accessdata labeling; https://www.accessdata.fda.gov/drugsatfda_docs/label/2024/012945s048lbl.pdf; https://www.accessdata.fda.gov/drugsatfda_docs/label/2025/008943s054lbl.pdf; https://www.accessdata.fda.gov/drugsatfda_docs/label/2024/008943s053%2C009388s039lbl.pdf
info,fact_source_coverage,acetazolamide,maximum_approved_daily_dose,Field has non-RCT source coverage listed in evidence_sources,,,FDA Orange Book products file; FDA Drugs@FDA/accessdata labeling; https://www.accessdata.fda.gov/drugsatfda_docs/label/2024/012945s048lbl.pdf; https://www.accessdata.fda.gov/drugsatfda_docs/label/2025/008943s054lbl.pdf; https://www.accessdata.fda.gov/drugsatfda_docs/label/2024/008943s053%2C009388s039lbl.pdf
info,fact_source_coverage,acetazolamide,enzyme_inducing_or_inhibiting,Field has non-RCT source coverage listed in evidence_sources,,,FDA Orange Book products file; FDA Drugs@FDA/accessdata labeling; https://www.accessdata.fda.gov/drugsatfda_docs/label/2024/012945s048lbl.pdf; https://www.accessdata.fda.gov/drugsatfda_docs/label/2025/008943s054lbl.pdf; https://www.accessdata.fda.gov/drugsatfda_docs/label/2024/008943s053%2C009388s039lbl.pdf
info,fact_source_coverage,acetazolamide,qt_interval_effect,Field has non-RCT source coverage listed in evidence_sources,,,FDA Orange Book products file; FDA Drugs@FDA/accessdata labeling; https://www.accessdata.fda.gov/drugsatfda_docs/label/2024/012945s048lbl.pdf; https://www.accessdata.fda.gov/drugsatfda_docs/label/2025/008943s054lbl.pdf; https://www.accessdata.fda.gov/drugsatfda_docs/label/2024/008943s053%2C009388s039lbl.pdf
info,fact_source_coverage,acetazolamide,adverse_symptoms_percentages,Field has non-RCT source coverage listed in evidence_sources,,,FDA Orange Book products file; FDA Drugs@FDA/accessdata labeling; https://www.accessdata.fda.gov/drugsatfda_docs/label/2024/012945s048lbl.pdf; https://www.accessdata.fda.gov/drugsatfda_docs/label/2025/008943s054lbl.pdf; https://www.accessdata.fda.gov/drugsatfda_docs/label/2024/008943s053%2C009388s039lbl.pdf
info,fact_source_coverage,acetazolamide,year_fda_cleared,Field has non-RCT source coverage listed in evidence_sources,,,FDA Orange Book products file; FDA Drugs@FDA/accessdata labeling; https://www.accessdata.fda.gov/drugsatfda_docs/label/2024/012945s048lbl.pdf; https://www.accessdata.fda.gov/drugsatfda_docs/label/2025/008943s054lbl.pdf; https://www.accessdata.fda.gov/drugsatfda_docs/label/2024/008943s053%2C009388s039lbl.pdf
info,fact_source_coverage,acetazolamide,fda_black_box_warning,Field has non-RCT source coverage listed in evidence_sources,,,FDA Orange Book products file; FDA Drugs@FDA/accessdata labeling; https://www.accessdata.fda.gov/drugsatfda_docs/label/2024/012945s048lbl.pdf; https://www.accessdata.fda.gov/drugsatfda_docs/label/2025/008943s054lbl.pdf; https://www.accessdata.fda.gov/drugsatfda_docs/label/2024/008943s053%2C009388s039lbl.pdf
info,fact_source_coverage,acetazolamide,fda_black_box_warning_source,Field has non-RCT source coverage listed in evidence_sources,,,FDA Orange Book products file; FDA Drugs@FDA/accessdata labeling; https://www.accessdata.fda.gov/drugsatfda_docs/label/2024/012945s048lbl.pdf; https://www.accessdata.fda.gov/drugsatfda_docs/label/2025/008943s054lbl.pdf; https://www.accessdata.fda.gov/drugsatfda_docs/label/2024/008943s053%2C009388s039lbl.pdf
info,fact_source_coverage,acetazolamide,fda_black_box_warning_verified,Field has non-RCT source coverage listed in evidence_sources,,,FDA Orange Book products file; FDA Drugs@FDA/accessdata labeling; https://www.accessdata.fda.gov/drugsatfda_docs/label/2024/012945s048lbl.pdf; https://www.accessdata.fda.gov/drugsatfda_docs/label/2025/008943s054lbl.pdf; https://www.accessdata.fda.gov/drugsatfda_docs/label/2024/008943s053%2C009388s039lbl.pdf
info,fact_source_coverage,barbexaclone,trade_names,Field has non-RCT source coverage listed in evidence_sources,,,Swiss Maliasin Fachinformation Swissmedic no. 31862 (https://ch.oddb.org/de/gcc/fachinfo/reg/31862); Swissmedic Journal 07/2006 Maliasin authorization entry (https://www.swissmedic.ch/dam/swissmedic/en/dokumente/stab/journal/swissmedic_journal072006.pdf.download.pdf/swissmedic_journal072006.pdf); AIFA Barbesaclone distribution communication (https://www.aifa.gov.it/en/-/comunicazione-sul-medicinale-a-denominazione-generica-barbesaclone-25-mg-e-100-mg-compresse-rivestite-22-05-2014-); https://www.fda.gov/drugs/drug-approvals-and-databases/about-drugsfda; https://open.fda.gov/apis/drug/label/example-api-queries/; https://open.fda.gov/apis/drug/drugsfda/how-to-use-the-endpoint/
info,fact_source_coverage,barbexaclone,status_or_notes,Field has non-RCT source coverage listed in evidence_sources,,,Swiss Maliasin Fachinformation Swissmedic no. 31862 (https://ch.oddb.org/de/gcc/fachinfo/reg/31862); Swissmedic Journal 07/2006 Maliasin authorization entry (https://www.swissmedic.ch/dam/swissmedic/en/dokumente/stab/journal/swissmedic_journal072006.pdf.download.pdf/swissmedic_journal072006.pdf); AIFA Barbesaclone distribution communication (https://www.aifa.gov.it/en/-/comunicazione-sul-medicinale-a-denominazione-generica-barbesaclone-25-mg-e-100-mg-compresse-rivestite-22-05-2014-); https://www.fda.gov/drugs/drug-approvals-and-databases/about-drugsfda; https://open.fda.gov/apis/drug/label/example-api-queries/; https://open.fda.gov/apis/drug/drugsfda/how-to-use-the-endpoint/
info,fact_source_coverage,barbexaclone,available_in_us,Field has non-RCT source coverage listed in evidence_sources,,,Swiss Maliasin Fachinformation Swissmedic no. 31862 (https://ch.oddb.org/de/gcc/fachinfo/reg/31862); Swissmedic Journal 07/2006 Maliasin authorization entry (https://www.swissmedic.ch/dam/swissmedic/en/dokumente/stab/journal/swissmedic_journal072006.pdf.download.pdf/swissmedic_journal072006.pdf); AIFA Barbesaclone distribution communication (https://www.aifa.gov.it/en/-/comunicazione-sul-medicinale-a-denominazione-generica-barbesaclone-25-mg-e-100-mg-compresse-rivestite-22-05-2014-); https://www.fda.gov/drugs/drug-approvals-and-databases/about-drugsfda; https://open.fda.gov/apis/drug/label/example-api-queries/; https://open.fda.gov/apis/drug/drugsfda/how-to-use-the-endpoint/
info,fact_source_coverage,barbexaclone,epilepsy_type,Field has non-RCT source coverage listed in evidence_sources,,,Swiss Maliasin Fachinformation Swissmedic no. 31862 (https://ch.oddb.org/de/gcc/fachinfo/reg/31862); Swissmedic Journal 07/2006 Maliasin authorization entry (https://www.swissmedic.ch/dam/swissmedic/en/dokumente/stab/journal/swissmedic_journal072006.pdf.download.pdf/swissmedic_journal072006.pdf); AIFA Barbesaclone distribution communication (https://www.aifa.gov.it/en/-/comunicazione-sul-medicinale-a-denominazione-generica-barbesaclone-25-mg-e-100-mg-compresse-rivestite-22-05-2014-); https://www.fda.gov/drugs/drug-approvals-and-databases/about-drugsfda; https://open.fda.gov/apis/drug/label/example-api-queries/; https://open.fda.gov/apis/drug/drugsfda/how-to-use-the-endpoint/
info,fact_source_coverage,barbexaclone,mechanism_of_action,Field has non-RCT source coverage listed in evidence_sources,,,Swiss Maliasin Fachinformation Swissmedic no. 31862 (https://ch.oddb.org/de/gcc/fachinfo/reg/31862); Swissmedic Journal 07/2006 Maliasin authorization entry (https://www.swissmedic.ch/dam/swissmedic/en/dokumente/stab/journal/swissmedic_journal072006.pdf.download.pdf/swissmedic_journal072006.pdf); AIFA Barbesaclone distribution communication (https://www.aifa.gov.it/en/-/comunicazione-sul-medicinale-a-denominazione-generica-barbesaclone-25-mg-e-100-mg-compresse-rivestite-22-05-2014-); https://www.fda.gov/drugs/drug-approvals-and-databases/about-drugsfda; https://open.fda.gov/apis/drug/label/example-api-queries/; https://open.fda.gov/apis/drug/drugsfda/how-to-use-the-endpoint/
info,fact_source_coverage,barbexaclone,mechanism_source,Field has non-RCT source coverage listed in evidence_sources,,,Swiss Maliasin Fachinformation Swissmedic no. 31862 (https://ch.oddb.org/de/gcc/fachinfo/reg/31862); Swissmedic Journal 07/2006 Maliasin authorization entry (https://www.swissmedic.ch/dam/swissmedic/en/dokumente/stab/journal/swissmedic_journal072006.pdf.download.pdf/swissmedic_journal072006.pdf); AIFA Barbesaclone distribution communication (https://www.aifa.gov.it/en/-/comunicazione-sul-medicinale-a-denominazione-generica-barbesaclone-25-mg-e-100-mg-compresse-rivestite-22-05-2014-); https://www.fda.gov/drugs/drug-approvals-and-databases/about-drugsfda; https://open.fda.gov/apis/drug/label/example-api-queries/; https://open.fda.gov/apis/drug/drugsfda/how-to-use-the-endpoint/
info,fact_source_coverage,barbexaclone,mechanism_source_tier,Field has non-RCT source coverage listed in evidence_sources,,,Swiss Maliasin Fachinformation Swissmedic no. 31862 (https://ch.oddb.org/de/gcc/fachinfo/reg/31862); Swissmedic Journal 07/2006 Maliasin authorization entry (https://www.swissmedic.ch/dam/swissmedic/en/dokumente/stab/journal/swissmedic_journal072006.pdf.download.pdf/swissmedic_journal072006.pdf); AIFA Barbesaclone distribution communication (https://www.aifa.gov.it/en/-/comunicazione-sul-medicinale-a-denominazione-generica-barbesaclone-25-mg-e-100-mg-compresse-rivestite-22-05-2014-); https://www.fda.gov/drugs/drug-approvals-and-databases/about-drugsfda; https://open.fda.gov/apis/drug/label/example-api-queries/; https://open.fda.gov/apis/drug/drugsfda/how-to-use-the-endpoint/
info,fact_source_coverage,barbexaclone,mechanism_confidence,Field has non-RCT source coverage listed in evidence_sources,,,Swiss Maliasin Fachinformation Swissmedic no. 31862 (https://ch.oddb.org/de/gcc/fachinfo/reg/31862); Swissmedic Journal 07/2006 Maliasin authorization entry (https://www.swissmedic.ch/dam/swissmedic/en/dokumente/stab/journal/swissmedic_journal072006.pdf.download.pdf/swissmedic_journal072006.pdf); AIFA Barbesaclone distribution communication (https://www.aifa.gov.it/en/-/comunicazione-sul-medicinale-a-denominazione-generica-barbesaclone-25-mg-e-100-mg-compresse-rivestite-22-05-2014-); https://www.fda.gov/drugs/drug-approvals-and-databases/about-drugsfda; https://open.fda.gov/apis/drug/label/example-api-queries/; https://open.fda.gov/apis/drug/drugsfda/how-to-use-the-endpoint/
info,fact_source_coverage,barbexaclone,half_life_range,Field has non-RCT source coverage listed in evidence_sources,,,Swiss Maliasin Fachinformation Swissmedic no. 31862 (https://ch.oddb.org/de/gcc/fachinfo/reg/31862); Swissmedic Journal 07/2006 Maliasin authorization entry (https://www.swissmedic.ch/dam/swissmedic/en/dokumente/stab/journal/swissmedic_journal072006.pdf.download.pdf/swissmedic_journal072006.pdf); AIFA Barbesaclone distribution communication (https://www.aifa.gov.it/en/-/comunicazione-sul-medicinale-a-denominazione-generica-barbesaclone-25-mg-e-100-mg-compresse-rivestite-22-05-2014-); https://www.fda.gov/drugs/drug-approvals-and-databases/about-drugsfda; https://open.fda.gov/apis/drug/label/example-api-queries/; https://open.fda.gov/apis/drug/drugsfda/how-to-use-the-endpoint/
info,fact_source_coverage,barbexaclone,major_organ_for_metabolism,Field has non-RCT source coverage listed in evidence_sources,,,Swiss Maliasin Fachinformation Swissmedic no. 31862 (https://ch.oddb.org/de/gcc/fachinfo/reg/31862); Swissmedic Journal 07/2006 Maliasin authorization entry (https://www.swissmedic.ch/dam/swissmedic/en/dokumente/stab/journal/swissmedic_journal072006.pdf.download.pdf/swissmedic_journal072006.pdf); AIFA Barbesaclone distribution communication (https://www.aifa.gov.it/en/-/comunicazione-sul-medicinale-a-denominazione-generica-barbesaclone-25-mg-e-100-mg-compresse-rivestite-22-05-2014-); https://www.fda.gov/drugs/drug-approvals-and-databases/about-drugsfda; https://open.fda.gov/apis/drug/label/example-api-queries/; https://open.fda.gov/apis/drug/drugsfda/how-to-use-the-endpoint/
info,fact_source_coverage,barbexaclone,formulations_available,Field has non-RCT source coverage listed in evidence_sources,,,Swiss Maliasin Fachinformation Swissmedic no. 31862 (https://ch.oddb.org/de/gcc/fachinfo/reg/31862); Swissmedic Journal 07/2006 Maliasin authorization entry (https://www.swissmedic.ch/dam/swissmedic/en/dokumente/stab/journal/swissmedic_journal072006.pdf.download.pdf/swissmedic_journal072006.pdf); AIFA Barbesaclone distribution communication (https://www.aifa.gov.it/en/-/comunicazione-sul-medicinale-a-denominazione-generica-barbesaclone-25-mg-e-100-mg-compresse-rivestite-22-05-2014-); https://www.fda.gov/drugs/drug-approvals-and-databases/about-drugsfda; https://open.fda.gov/apis/drug/label/example-api-queries/; https://open.fda.gov/apis/drug/drugsfda/how-to-use-the-endpoint/
info,fact_source_coverage,barbexaclone,typical_doses_per_day,Field has non-RCT source coverage listed in evidence_sources,,,Swiss Maliasin Fachinformation Swissmedic no. 31862 (https://ch.oddb.org/de/gcc/fachinfo/reg/31862); Swissmedic Journal 07/2006 Maliasin authorization entry (https://www.swissmedic.ch/dam/swissmedic/en/dokumente/stab/journal/swissmedic_journal072006.pdf.download.pdf/swissmedic_journal072006.pdf); AIFA Barbesaclone distribution communication (https://www.aifa.gov.it/en/-/comunicazione-sul-medicinale-a-denominazione-generica-barbesaclone-25-mg-e-100-mg-compresse-rivestite-22-05-2014-); https://www.fda.gov/drugs/drug-approvals-and-databases/about-drugsfda; https://open.fda.gov/apis/drug/label/example-api-queries/; https://open.fda.gov/apis/drug/drugsfda/how-to-use-the-endpoint/
info,fact_source_coverage,barbexaclone,minimum_effective_dose,Field has non-RCT source coverage listed in evidence_sources,,,Swiss Maliasin Fachinformation Swissmedic no. 31862 (https://ch.oddb.org/de/gcc/fachinfo/reg/31862); Swissmedic Journal 07/2006 Maliasin authorization entry (https://www.swissmedic.ch/dam/swissmedic/en/dokumente/stab/journal/swissmedic_journal072006.pdf.download.pdf/swissmedic_journal072006.pdf); AIFA Barbesaclone distribution communication (https://www.aifa.gov.it/en/-/comunicazione-sul-medicinale-a-denominazione-generica-barbesaclone-25-mg-e-100-mg-compresse-rivestite-22-05-2014-); https://www.fda.gov/drugs/drug-approvals-and-databases/about-drugsfda; https://open.fda.gov/apis/drug/label/example-api-queries/; https://open.fda.gov/apis/drug/drugsfda/how-to-use-the-endpoint/
info,fact_source_coverage,barbexaclone,maximum_approved_daily_dose,Field has non-RCT source coverage listed in evidence_sources,,,Swiss Maliasin Fachinformation Swissmedic no. 31862 (https://ch.oddb.org/de/gcc/fachinfo/reg/31862); Swissmedic Journal 07/2006 Maliasin authorization entry (https://www.swissmedic.ch/dam/swissmedic/en/dokumente/stab/journal/swissmedic_journal072006.pdf.download.pdf/swissmedic_journal072006.pdf); AIFA Barbesaclone distribution communication (https://www.aifa.gov.it/en/-/comunicazione-sul-medicinale-a-denominazione-generica-barbesaclone-25-mg-e-100-mg-compresse-rivestite-22-05-2014-); https://www.fda.gov/drugs/drug-approvals-and-databases/about-drugsfda; https://open.fda.gov/apis/drug/label/example-api-queries/; https://open.fda.gov/apis/drug/drugsfda/how-to-use-the-endpoint/
info,fact_source_coverage,barbexaclone,enzyme_inducing_or_inhibiting,Field has non-RCT source coverage listed in evidence_sources,,,Swiss Maliasin Fachinformation Swissmedic no. 31862 (https://ch.oddb.org/de/gcc/fachinfo/reg/31862); Swissmedic Journal 07/2006 Maliasin authorization entry (https://www.swissmedic.ch/dam/swissmedic/en/dokumente/stab/journal/swissmedic_journal072006.pdf.download.pdf/swissmedic_journal072006.pdf); AIFA Barbesaclone distribution communication (https://www.aifa.gov.it/en/-/comunicazione-sul-medicinale-a-denominazione-generica-barbesaclone-25-mg-e-100-mg-compresse-rivestite-22-05-2014-); https://www.fda.gov/drugs/drug-approvals-and-databases/about-drugsfda; https://open.fda.gov/apis/drug/label/example-api-queries/; https://open.fda.gov/apis/drug/drugsfda/how-to-use-the-endpoint/
info,fact_source_coverage,barbexaclone,qt_interval_effect,Field has non-RCT source coverage listed in evidence_sources,,,Swiss Maliasin Fachinformation Swissmedic no. 31862 (https://ch.oddb.org/de/gcc/fachinfo/reg/31862); Swissmedic Journal 07/2006 Maliasin authorization entry (https://www.swissmedic.ch/dam/swissmedic/en/dokumente/stab/journal/swissmedic_journal072006.pdf.download.pdf/swissmedic_journal072006.pdf); AIFA Barbesaclone distribution communication (https://www.aifa.gov.it/en/-/comunicazione-sul-medicinale-a-denominazione-generica-barbesaclone-25-mg-e-100-mg-compresse-rivestite-22-05-2014-); https://www.fda.gov/drugs/drug-approvals-and-databases/about-drugsfda; https://open.fda.gov/apis/drug/label/example-api-queries/; https://open.fda.gov/apis/drug/drugsfda/how-to-use-the-endpoint/
info,fact_source_coverage,barbexaclone,adverse_symptoms_percentages,Field has non-RCT source coverage listed in evidence_sources,,,Swiss Maliasin Fachinformation Swissmedic no. 31862 (https://ch.oddb.org/de/gcc/fachinfo/reg/31862); Swissmedic Journal 07/2006 Maliasin authorization entry (https://www.swissmedic.ch/dam/swissmedic/en/dokumente/stab/journal/swissmedic_journal072006.pdf.download.pdf/swissmedic_journal072006.pdf); AIFA Barbesaclone distribution communication (https://www.aifa.gov.it/en/-/comunicazione-sul-medicinale-a-denominazione-generica-barbesaclone-25-mg-e-100-mg-compresse-rivestite-22-05-2014-); https://www.fda.gov/drugs/drug-approvals-and-databases/about-drugsfda; https://open.fda.gov/apis/drug/label/example-api-queries/; https://open.fda.gov/apis/drug/drugsfda/how-to-use-the-endpoint/
info,fact_source_coverage,barbexaclone,year_fda_cleared,Field has non-RCT source coverage listed in evidence_sources,,,Swiss Maliasin Fachinformation Swissmedic no. 31862 (https://ch.oddb.org/de/gcc/fachinfo/reg/31862); Swissmedic Journal 07/2006 Maliasin authorization entry (https://www.swissmedic.ch/dam/swissmedic/en/dokumente/stab/journal/swissmedic_journal072006.pdf.download.pdf/swissmedic_journal072006.pdf); AIFA Barbesaclone distribution communication (https://www.aifa.gov.it/en/-/comunicazione-sul-medicinale-a-denominazione-generica-barbesaclone-25-mg-e-100-mg-compresse-rivestite-22-05-2014-); https://www.fda.gov/drugs/drug-approvals-and-databases/about-drugsfda; https://open.fda.gov/apis/drug/label/example-api-queries/; https://open.fda.gov/apis/drug/drugsfda/how-to-use-the-endpoint/
info,fact_source_coverage,barbexaclone,fda_black_box_warning,Field has non-RCT source coverage listed in evidence_sources,,,Swiss Maliasin Fachinformation Swissmedic no. 31862 (https://ch.oddb.org/de/gcc/fachinfo/reg/31862); Swissmedic Journal 07/2006 Maliasin authorization entry (https://www.swissmedic.ch/dam/swissmedic/en/dokumente/stab/journal/swissmedic_journal072006.pdf.download.pdf/swissmedic_journal072006.pdf); AIFA Barbesaclone distribution communication (https://www.aifa.gov.it/en/-/comunicazione-sul-medicinale-a-denominazione-generica-barbesaclone-25-mg-e-100-mg-compresse-rivestite-22-05-2014-); https://www.fda.gov/drugs/drug-approvals-and-databases/about-drugsfda; https://open.fda.gov/apis/drug/label/example-api-queries/; https://open.fda.gov/apis/drug/drugsfda/how-to-use-the-endpoint/
info,fact_source_coverage,barbexaclone,fda_black_box_warning_source,Field has non-RCT source coverage listed in evidence_sources,,,Swiss Maliasin Fachinformation Swissmedic no. 31862 (https://ch.oddb.org/de/gcc/fachinfo/reg/31862); Swissmedic Journal 07/2006 Maliasin authorization entry (https://www.swissmedic.ch/dam/swissmedic/en/dokumente/stab/journal/swissmedic_journal072006.pdf.download.pdf/swissmedic_journal072006.pdf); AIFA Barbesaclone distribution communication (https://www.aifa.gov.it/en/-/comunicazione-sul-medicinale-a-denominazione-generica-barbesaclone-25-mg-e-100-mg-compresse-rivestite-22-05-2014-); https://www.fda.gov/drugs/drug-approvals-and-databases/about-drugsfda; https://open.fda.gov/apis/drug/label/example-api-queries/; https://open.fda.gov/apis/drug/drugsfda/how-to-use-the-endpoint/
info,fact_source_coverage,barbexaclone,fda_black_box_warning_verified,Field has non-RCT source coverage listed in evidence_sources,,,Swiss Maliasin Fachinformation Swissmedic no. 31862 (https://ch.oddb.org/de/gcc/fachinfo/reg/31862); Swissmedic Journal 07/2006 Maliasin authorization entry (https://www.swissmedic.ch/dam/swissmedic/en/dokumente/stab/journal/swissmedic_journal072006.pdf.download.pdf/swissmedic_journal072006.pdf); AIFA Barbesaclone distribution communication (https://www.aifa.gov.it/en/-/comunicazione-sul-medicinale-a-denominazione-generica-barbesaclone-25-mg-e-100-mg-compresse-rivestite-22-05-2014-); https://www.fda.gov/drugs/drug-approvals-and-databases/about-drugsfda; https://open.fda.gov/apis/drug/label/example-api-queries/; https://open.fda.gov/apis/drug/drugsfda/how-to-use-the-endpoint/
info,fact_source_coverage,brivaracetam,trade_names,Field has non-RCT source coverage listed in evidence_sources,,,FDA/Drugs@FDA labeling; https://www.accessdata.fda.gov/drugsatfda_docs/label/2025/205836s017%2C205837s014%2C205838s015lbl.pdf; https://api.fda.gov/drug/label.json?search=openfda.spl_set_id%3A%223cf2f439-0e97-443e-8e33-25ecef616f6c%22&limit=5
info,fact_source_coverage,brivaracetam,status_or_notes,Field has non-RCT source coverage listed in evidence_sources,,,FDA/Drugs@FDA labeling; https://www.accessdata.fda.gov/drugsatfda_docs/label/2025/205836s017%2C205837s014%2C205838s015lbl.pdf; https://api.fda.gov/drug/label.json?search=openfda.spl_set_id%3A%223cf2f439-0e97-443e-8e33-25ecef616f6c%22&limit=5
info,fact_source_coverage,brivaracetam,available_in_us,Field has non-RCT source coverage listed in evidence_sources,,,FDA/Drugs@FDA labeling; https://www.accessdata.fda.gov/drugsatfda_docs/label/2025/205836s017%2C205837s014%2C205838s015lbl.pdf; https://api.fda.gov/drug/label.json?search=openfda.spl_set_id%3A%223cf2f439-0e97-443e-8e33-25ecef616f6c%22&limit=5
info,fact_source_coverage,brivaracetam,epilepsy_type,Field has non-RCT source coverage listed in evidence_sources,,,FDA/Drugs@FDA labeling; https://www.accessdata.fda.gov/drugsatfda_docs/label/2025/205836s017%2C205837s014%2C205838s015lbl.pdf; https://api.fda.gov/drug/label.json?search=openfda.spl_set_id%3A%223cf2f439-0e97-443e-8e33-25ecef616f6c%22&limit=5
info,fact_source_coverage,brivaracetam,mechanism_of_action,Field has non-RCT source coverage listed in evidence_sources,,,FDA/Drugs@FDA labeling; https://www.accessdata.fda.gov/drugsatfda_docs/label/2025/205836s017%2C205837s014%2C205838s015lbl.pdf; https://api.fda.gov/drug/label.json?search=openfda.spl_set_id%3A%223cf2f439-0e97-443e-8e33-25ecef616f6c%22&limit=5
info,fact_source_coverage,brivaracetam,mechanism_source,Field has non-RCT source coverage listed in evidence_sources,,,FDA/Drugs@FDA labeling; https://www.accessdata.fda.gov/drugsatfda_docs/label/2025/205836s017%2C205837s014%2C205838s015lbl.pdf; https://api.fda.gov/drug/label.json?search=openfda.spl_set_id%3A%223cf2f439-0e97-443e-8e33-25ecef616f6c%22&limit=5
info,fact_source_coverage,brivaracetam,mechanism_source_tier,Field has non-RCT source coverage listed in evidence_sources,,,FDA/Drugs@FDA labeling; https://www.accessdata.fda.gov/drugsatfda_docs/label/2025/205836s017%2C205837s014%2C205838s015lbl.pdf; https://api.fda.gov/drug/label.json?search=openfda.spl_set_id%3A%223cf2f439-0e97-443e-8e33-25ecef616f6c%22&limit=5
info,fact_source_coverage,brivaracetam,mechanism_confidence,Field has non-RCT source coverage listed in evidence_sources,,,FDA/Drugs@FDA labeling; https://www.accessdata.fda.gov/drugsatfda_docs/label/2025/205836s017%2C205837s014%2C205838s015lbl.pdf; https://api.fda.gov/drug/label.json?search=openfda.spl_set_id%3A%223cf2f439-0e97-443e-8e33-25ecef616f6c%22&limit=5
info,fact_source_coverage,brivaracetam,half_life_range,Field has non-RCT source coverage listed in evidence_sources,,,FDA/Drugs@FDA labeling; https://www.accessdata.fda.gov/drugsatfda_docs/label/2025/205836s017%2C205837s014%2C205838s015lbl.pdf; https://api.fda.gov/drug/label.json?search=openfda.spl_set_id%3A%223cf2f439-0e97-443e-8e33-25ecef616f6c%22&limit=5
info,fact_source_coverage,brivaracetam,major_organ_for_metabolism,Field has non-RCT source coverage listed in evidence_sources,,,FDA/Drugs@FDA labeling; https://www.accessdata.fda.gov/drugsatfda_docs/label/2025/205836s017%2C205837s014%2C205838s015lbl.pdf; https://api.fda.gov/drug/label.json?search=openfda.spl_set_id%3A%223cf2f439-0e97-443e-8e33-25ecef616f6c%22&limit=5
info,fact_source_coverage,brivaracetam,formulations_available,Field has non-RCT source coverage listed in evidence_sources,,,FDA/Drugs@FDA labeling; https://www.accessdata.fda.gov/drugsatfda_docs/label/2025/205836s017%2C205837s014%2C205838s015lbl.pdf; https://api.fda.gov/drug/label.json?search=openfda.spl_set_id%3A%223cf2f439-0e97-443e-8e33-25ecef616f6c%22&limit=5
info,fact_source_coverage,brivaracetam,typical_doses_per_day,Field has non-RCT source coverage listed in evidence_sources,,,FDA/Drugs@FDA labeling; https://www.accessdata.fda.gov/drugsatfda_docs/label/2025/205836s017%2C205837s014%2C205838s015lbl.pdf; https://api.fda.gov/drug/label.json?search=openfda.spl_set_id%3A%223cf2f439-0e97-443e-8e33-25ecef616f6c%22&limit=5
info,fact_source_coverage,brivaracetam,minimum_effective_dose,Field has non-RCT source coverage listed in evidence_sources,,,FDA/Drugs@FDA labeling; https://www.accessdata.fda.gov/drugsatfda_docs/label/2025/205836s017%2C205837s014%2C205838s015lbl.pdf; https://api.fda.gov/drug/label.json?search=openfda.spl_set_id%3A%223cf2f439-0e97-443e-8e33-25ecef616f6c%22&limit=5
info,fact_source_coverage,brivaracetam,maximum_approved_daily_dose,Field has non-RCT source coverage listed in evidence_sources,,,FDA/Drugs@FDA labeling; https://www.accessdata.fda.gov/drugsatfda_docs/label/2025/205836s017%2C205837s014%2C205838s015lbl.pdf; https://api.fda.gov/drug/label.json?search=openfda.spl_set_id%3A%223cf2f439-0e97-443e-8e33-25ecef616f6c%22&limit=5
info,fact_source_coverage,brivaracetam,enzyme_inducing_or_inhibiting,Field has non-RCT source coverage listed in evidence_sources,,,FDA/Drugs@FDA labeling; https://www.accessdata.fda.gov/drugsatfda_docs/label/2025/205836s017%2C205837s014%2C205838s015lbl.pdf; https://api.fda.gov/drug/label.json?search=openfda.spl_set_id%3A%223cf2f439-0e97-443e-8e33-25ecef616f6c%22&limit=5
info,fact_source_coverage,brivaracetam,qt_interval_effect,Field has non-RCT source coverage listed in evidence_sources,,,FDA/Drugs@FDA labeling; https://www.accessdata.fda.gov/drugsatfda_docs/label/2025/205836s017%2C205837s014%2C205838s015lbl.pdf; https://api.fda.gov/drug/label.json?search=openfda.spl_set_id%3A%223cf2f439-0e97-443e-8e33-25ecef616f6c%22&limit=5
info,fact_source_coverage,brivaracetam,adverse_symptoms_percentages,Field has non-RCT source coverage listed in evidence_sources,,,FDA/Drugs@FDA labeling; https://www.accessdata.fda.gov/drugsatfda_docs/label/2025/205836s017%2C205837s014%2C205838s015lbl.pdf; https://api.fda.gov/drug/label.json?search=openfda.spl_set_id%3A%223cf2f439-0e97-443e-8e33-25ecef616f6c%22&limit=5
info,fact_source_coverage,brivaracetam,year_fda_cleared,Field has non-RCT source coverage listed in evidence_sources,,,FDA/Drugs@FDA labeling; https://www.accessdata.fda.gov/drugsatfda_docs/label/2025/205836s017%2C205837s014%2C205838s015lbl.pdf; https://api.fda.gov/drug/label.json?search=openfda.spl_set_id%3A%223cf2f439-0e97-443e-8e33-25ecef616f6c%22&limit=5
info,fact_source_coverage,brivaracetam,fda_black_box_warning,Field has non-RCT source coverage listed in evidence_sources,,,FDA/Drugs@FDA labeling; https://www.accessdata.fda.gov/drugsatfda_docs/label/2025/205836s017%2C205837s014%2C205838s015lbl.pdf; https://api.fda.gov/drug/label.json?search=openfda.spl_set_id%3A%223cf2f439-0e97-443e-8e33-25ecef616f6c%22&limit=5
info,fact_source_coverage,brivaracetam,fda_black_box_warning_source,Field has non-RCT source coverage listed in evidence_sources,,,FDA/Drugs@FDA labeling; https://www.accessdata.fda.gov/drugsatfda_docs/label/2025/205836s017%2C205837s014%2C205838s015lbl.pdf; https://api.fda.gov/drug/label.json?search=openfda.spl_set_id%3A%223cf2f439-0e97-443e-8e33-25ecef616f6c%22&limit=5
info,fact_source_coverage,brivaracetam,fda_black_box_warning_verified,Field has non-RCT source coverage listed in evidence_sources,,,FDA/Drugs@FDA labeling; https://www.accessdata.fda.gov/drugsatfda_docs/label/2025/205836s017%2C205837s014%2C205838s015lbl.pdf; https://api.fda.gov/drug/label.json?search=openfda.spl_set_id%3A%223cf2f439-0e97-443e-8e33-25ecef616f6c%22&limit=5
info,fact_source_coverage,cannabidiol,trade_names,Field has non-RCT source coverage listed in evidence_sources,,,"FDA-approved labeling for Epidiolex, section 12.1 Clinical Pharmacology / Mechanism of Action; https://www.accessdata.fda.gov/drugsatfda_docs/label/2024/210365s021lbl.pdf"
info,fact_source_coverage,cannabidiol,status_or_notes,Field has non-RCT source coverage listed in evidence_sources,,,"FDA-approved labeling for Epidiolex, section 12.1 Clinical Pharmacology / Mechanism of Action; https://www.accessdata.fda.gov/drugsatfda_docs/label/2024/210365s021lbl.pdf"
info,fact_source_coverage,cannabidiol,available_in_us,Field has non-RCT source coverage listed in evidence_sources,,,"FDA-approved labeling for Epidiolex, section 12.1 Clinical Pharmacology / Mechanism of Action; https://www.accessdata.fda.gov/drugsatfda_docs/label/2024/210365s021lbl.pdf"
info,fact_source_coverage,cannabidiol,epilepsy_type,Field has non-RCT source coverage listed in evidence_sources,,,"FDA-approved labeling for Epidiolex, section 12.1 Clinical Pharmacology / Mechanism of Action; https://www.accessdata.fda.gov/drugsatfda_docs/label/2024/210365s021lbl.pdf"
info,fact_source_coverage,cannabidiol,mechanism_of_action,Field has non-RCT source coverage listed in evidence_sources,,,"FDA-approved labeling for Epidiolex, section 12.1 Clinical Pharmacology / Mechanism of Action; https://www.accessdata.fda.gov/drugsatfda_docs/label/2024/210365s021lbl.pdf"
info,fact_source_coverage,cannabidiol,mechanism_source,Field has non-RCT source coverage listed in evidence_sources,,,"FDA-approved labeling for Epidiolex, section 12.1 Clinical Pharmacology / Mechanism of Action; https://www.accessdata.fda.gov/drugsatfda_docs/label/2024/210365s021lbl.pdf"
info,fact_source_coverage,cannabidiol,mechanism_source_tier,Field has non-RCT source coverage listed in evidence_sources,,,"FDA-approved labeling for Epidiolex, section 12.1 Clinical Pharmacology / Mechanism of Action; https://www.accessdata.fda.gov/drugsatfda_docs/label/2024/210365s021lbl.pdf"
info,fact_source_coverage,cannabidiol,mechanism_confidence,Field has non-RCT source coverage listed in evidence_sources,,,"FDA-approved labeling for Epidiolex, section 12.1 Clinical Pharmacology / Mechanism of Action; https://www.accessdata.fda.gov/drugsatfda_docs/label/2024/210365s021lbl.pdf"
info,fact_source_coverage,cannabidiol,half_life_range,Field has non-RCT source coverage listed in evidence_sources,,,"FDA-approved labeling for Epidiolex, section 12.1 Clinical Pharmacology / Mechanism of Action; https://www.accessdata.fda.gov/drugsatfda_docs/label/2024/210365s021lbl.pdf"
info,fact_source_coverage,cannabidiol,major_organ_for_metabolism,Field has non-RCT source coverage listed in evidence_sources,,,"FDA-approved labeling for Epidiolex, section 12.1 Clinical Pharmacology / Mechanism of Action; https://www.accessdata.fda.gov/drugsatfda_docs/label/2024/210365s021lbl.pdf"
info,fact_source_coverage,cannabidiol,formulations_available,Field has non-RCT source coverage listed in evidence_sources,,,"FDA-approved labeling for Epidiolex, section 12.1 Clinical Pharmacology / Mechanism of Action; https://www.accessdata.fda.gov/drugsatfda_docs/label/2024/210365s021lbl.pdf"
info,fact_source_coverage,cannabidiol,typical_doses_per_day,Field has non-RCT source coverage listed in evidence_sources,,,"FDA-approved labeling for Epidiolex, section 12.1 Clinical Pharmacology / Mechanism of Action; https://www.accessdata.fda.gov/drugsatfda_docs/label/2024/210365s021lbl.pdf"
info,fact_source_coverage,cannabidiol,minimum_effective_dose,Field has non-RCT source coverage listed in evidence_sources,,,"FDA-approved labeling for Epidiolex, section 12.1 Clinical Pharmacology / Mechanism of Action; https://www.accessdata.fda.gov/drugsatfda_docs/label/2024/210365s021lbl.pdf"
info,fact_source_coverage,cannabidiol,maximum_approved_daily_dose,Field has non-RCT source coverage listed in evidence_sources,,,"FDA-approved labeling for Epidiolex, section 12.1 Clinical Pharmacology / Mechanism of Action; https://www.accessdata.fda.gov/drugsatfda_docs/label/2024/210365s021lbl.pdf"
info,fact_source_coverage,cannabidiol,enzyme_inducing_or_inhibiting,Field has non-RCT source coverage listed in evidence_sources,,,"FDA-approved labeling for Epidiolex, section 12.1 Clinical Pharmacology / Mechanism of Action; https://www.accessdata.fda.gov/drugsatfda_docs/label/2024/210365s021lbl.pdf"
info,fact_source_coverage,cannabidiol,qt_interval_effect,Field has non-RCT source coverage listed in evidence_sources,,,"FDA-approved labeling for Epidiolex, section 12.1 Clinical Pharmacology / Mechanism of Action; https://www.accessdata.fda.gov/drugsatfda_docs/label/2024/210365s021lbl.pdf"
info,fact_source_coverage,cannabidiol,adverse_symptoms_percentages,Field has non-RCT source coverage listed in evidence_sources,,,"FDA-approved labeling for Epidiolex, section 12.1 Clinical Pharmacology / Mechanism of Action; https://www.accessdata.fda.gov/drugsatfda_docs/label/2024/210365s021lbl.pdf"
info,fact_source_coverage,cannabidiol,year_fda_cleared,Field has non-RCT source coverage listed in evidence_sources,,,"FDA-approved labeling for Epidiolex, section 12.1 Clinical Pharmacology / Mechanism of Action; https://www.accessdata.fda.gov/drugsatfda_docs/label/2024/210365s021lbl.pdf"
info,fact_source_coverage,cannabidiol,fda_black_box_warning,Field has non-RCT source coverage listed in evidence_sources,,,"FDA-approved labeling for Epidiolex, section 12.1 Clinical Pharmacology / Mechanism of Action; https://www.accessdata.fda.gov/drugsatfda_docs/label/2024/210365s021lbl.pdf"
info,fact_source_coverage,cannabidiol,fda_black_box_warning_source,Field has non-RCT source coverage listed in evidence_sources,,,"FDA-approved labeling for Epidiolex, section 12.1 Clinical Pharmacology / Mechanism of Action; https://www.accessdata.fda.gov/drugsatfda_docs/label/2024/210365s021lbl.pdf"
info,fact_source_coverage,cannabidiol,fda_black_box_warning_verified,Field has non-RCT source coverage listed in evidence_sources,,,"FDA-approved labeling for Epidiolex, section 12.1 Clinical Pharmacology / Mechanism of Action; https://www.accessdata.fda.gov/drugsatfda_docs/label/2024/210365s021lbl.pdf"
info,fact_source_coverage,carbamazepine,trade_names,Field has non-RCT source coverage listed in evidence_sources,,,https://www.accessdata.fda.gov/drugsatfda_docs/label/2022/021710s018lbl.pdf; https://www.accessdata.fda.gov/drugsatfda_docs/label/2023/020712s038lbl.pdf; FDA prescribing information (https://www.accessdata.fda.gov/drugsatfda_docs/label/2022/021710s018lbl.pdf)
info,fact_source_coverage,carbamazepine,status_or_notes,Field has non-RCT source coverage listed in evidence_sources,,,https://www.accessdata.fda.gov/drugsatfda_docs/label/2022/021710s018lbl.pdf; https://www.accessdata.fda.gov/drugsatfda_docs/label/2023/020712s038lbl.pdf; FDA prescribing information (https://www.accessdata.fda.gov/drugsatfda_docs/label/2022/021710s018lbl.pdf)
info,fact_source_coverage,carbamazepine,available_in_us,Field has non-RCT source coverage listed in evidence_sources,,,https://www.accessdata.fda.gov/drugsatfda_docs/label/2022/021710s018lbl.pdf; https://www.accessdata.fda.gov/drugsatfda_docs/label/2023/020712s038lbl.pdf; FDA prescribing information (https://www.accessdata.fda.gov/drugsatfda_docs/label/2022/021710s018lbl.pdf)
info,fact_source_coverage,carbamazepine,epilepsy_type,Field has non-RCT source coverage listed in evidence_sources,,,https://www.accessdata.fda.gov/drugsatfda_docs/label/2022/021710s018lbl.pdf; https://www.accessdata.fda.gov/drugsatfda_docs/label/2023/020712s038lbl.pdf; FDA prescribing information (https://www.accessdata.fda.gov/drugsatfda_docs/label/2022/021710s018lbl.pdf)
info,fact_source_coverage,carbamazepine,mechanism_of_action,Field has non-RCT source coverage listed in evidence_sources,,,https://www.accessdata.fda.gov/drugsatfda_docs/label/2022/021710s018lbl.pdf; https://www.accessdata.fda.gov/drugsatfda_docs/label/2023/020712s038lbl.pdf; FDA prescribing information (https://www.accessdata.fda.gov/drugsatfda_docs/label/2022/021710s018lbl.pdf)
info,fact_source_coverage,carbamazepine,mechanism_source,Field has non-RCT source coverage listed in evidence_sources,,,https://www.accessdata.fda.gov/drugsatfda_docs/label/2022/021710s018lbl.pdf; https://www.accessdata.fda.gov/drugsatfda_docs/label/2023/020712s038lbl.pdf; FDA prescribing information (https://www.accessdata.fda.gov/drugsatfda_docs/label/2022/021710s018lbl.pdf)
info,fact_source_coverage,carbamazepine,mechanism_source_tier,Field has non-RCT source coverage listed in evidence_sources,,,https://www.accessdata.fda.gov/drugsatfda_docs/label/2022/021710s018lbl.pdf; https://www.accessdata.fda.gov/drugsatfda_docs/label/2023/020712s038lbl.pdf; FDA prescribing information (https://www.accessdata.fda.gov/drugsatfda_docs/label/2022/021710s018lbl.pdf)
info,fact_source_coverage,carbamazepine,mechanism_confidence,Field has non-RCT source coverage listed in evidence_sources,,,https://www.accessdata.fda.gov/drugsatfda_docs/label/2022/021710s018lbl.pdf; https://www.accessdata.fda.gov/drugsatfda_docs/label/2023/020712s038lbl.pdf; FDA prescribing information (https://www.accessdata.fda.gov/drugsatfda_docs/label/2022/021710s018lbl.pdf)
info,fact_source_coverage,carbamazepine,half_life_range,Field has non-RCT source coverage listed in evidence_sources,,,https://www.accessdata.fda.gov/drugsatfda_docs/label/2022/021710s018lbl.pdf; https://www.accessdata.fda.gov/drugsatfda_docs/label/2023/020712s038lbl.pdf; FDA prescribing information (https://www.accessdata.fda.gov/drugsatfda_docs/label/2022/021710s018lbl.pdf)
info,fact_source_coverage,carbamazepine,major_organ_for_metabolism,Field has non-RCT source coverage listed in evidence_sources,,,https://www.accessdata.fda.gov/drugsatfda_docs/label/2022/021710s018lbl.pdf; https://www.accessdata.fda.gov/drugsatfda_docs/label/2023/020712s038lbl.pdf; FDA prescribing information (https://www.accessdata.fda.gov/drugsatfda_docs/label/2022/021710s018lbl.pdf)
info,fact_source_coverage,carbamazepine,formulations_available,Field has non-RCT source coverage listed in evidence_sources,,,https://www.accessdata.fda.gov/drugsatfda_docs/label/2022/021710s018lbl.pdf; https://www.accessdata.fda.gov/drugsatfda_docs/label/2023/020712s038lbl.pdf; FDA prescribing information (https://www.accessdata.fda.gov/drugsatfda_docs/label/2022/021710s018lbl.pdf)
info,fact_source_coverage,carbamazepine,typical_doses_per_day,Field has non-RCT source coverage listed in evidence_sources,,,https://www.accessdata.fda.gov/drugsatfda_docs/label/2022/021710s018lbl.pdf; https://www.accessdata.fda.gov/drugsatfda_docs/label/2023/020712s038lbl.pdf; FDA prescribing information (https://www.accessdata.fda.gov/drugsatfda_docs/label/2022/021710s018lbl.pdf)
info,fact_source_coverage,carbamazepine,minimum_effective_dose,Field has non-RCT source coverage listed in evidence_sources,,,https://www.accessdata.fda.gov/drugsatfda_docs/label/2022/021710s018lbl.pdf; https://www.accessdata.fda.gov/drugsatfda_docs/label/2023/020712s038lbl.pdf; FDA prescribing information (https://www.accessdata.fda.gov/drugsatfda_docs/label/2022/021710s018lbl.pdf)
info,fact_source_coverage,carbamazepine,maximum_approved_daily_dose,Field has non-RCT source coverage listed in evidence_sources,,,https://www.accessdata.fda.gov/drugsatfda_docs/label/2022/021710s018lbl.pdf; https://www.accessdata.fda.gov/drugsatfda_docs/label/2023/020712s038lbl.pdf; FDA prescribing information (https://www.accessdata.fda.gov/drugsatfda_docs/label/2022/021710s018lbl.pdf)
info,fact_source_coverage,carbamazepine,enzyme_inducing_or_inhibiting,Field has non-RCT source coverage listed in evidence_sources,,,https://www.accessdata.fda.gov/drugsatfda_docs/label/2022/021710s018lbl.pdf; https://www.accessdata.fda.gov/drugsatfda_docs/label/2023/020712s038lbl.pdf; FDA prescribing information (https://www.accessdata.fda.gov/drugsatfda_docs/label/2022/021710s018lbl.pdf)
info,fact_source_coverage,carbamazepine,qt_interval_effect,Field has non-RCT source coverage listed in evidence_sources,,,https://www.accessdata.fda.gov/drugsatfda_docs/label/2022/021710s018lbl.pdf; https://www.accessdata.fda.gov/drugsatfda_docs/label/2023/020712s038lbl.pdf; FDA prescribing information (https://www.accessdata.fda.gov/drugsatfda_docs/label/2022/021710s018lbl.pdf)
info,fact_source_coverage,carbamazepine,adverse_symptoms_percentages,Field has non-RCT source coverage listed in evidence_sources,,,https://www.accessdata.fda.gov/drugsatfda_docs/label/2022/021710s018lbl.pdf; https://www.accessdata.fda.gov/drugsatfda_docs/label/2023/020712s038lbl.pdf; FDA prescribing information (https://www.accessdata.fda.gov/drugsatfda_docs/label/2022/021710s018lbl.pdf)
info,fact_source_coverage,carbamazepine,year_fda_cleared,Field has non-RCT source coverage listed in evidence_sources,,,https://www.accessdata.fda.gov/drugsatfda_docs/label/2022/021710s018lbl.pdf; https://www.accessdata.fda.gov/drugsatfda_docs/label/2023/020712s038lbl.pdf; FDA prescribing information (https://www.accessdata.fda.gov/drugsatfda_docs/label/2022/021710s018lbl.pdf)
info,fact_source_coverage,carbamazepine,fda_black_box_warning,Field has non-RCT source coverage listed in evidence_sources,,,https://www.accessdata.fda.gov/drugsatfda_docs/label/2022/021710s018lbl.pdf; https://www.accessdata.fda.gov/drugsatfda_docs/label/2023/020712s038lbl.pdf; FDA prescribing information (https://www.accessdata.fda.gov/drugsatfda_docs/label/2022/021710s018lbl.pdf)
info,fact_source_coverage,carbamazepine,fda_black_box_warning_source,Field has non-RCT source coverage listed in evidence_sources,,,https://www.accessdata.fda.gov/drugsatfda_docs/label/2022/021710s018lbl.pdf; https://www.accessdata.fda.gov/drugsatfda_docs/label/2023/020712s038lbl.pdf; FDA prescribing information (https://www.accessdata.fda.gov/drugsatfda_docs/label/2022/021710s018lbl.pdf)
info,fact_source_coverage,carbamazepine,fda_black_box_warning_verified,Field has non-RCT source coverage listed in evidence_sources,,,https://www.accessdata.fda.gov/drugsatfda_docs/label/2022/021710s018lbl.pdf; https://www.accessdata.fda.gov/drugsatfda_docs/label/2023/020712s038lbl.pdf; FDA prescribing information (https://www.accessdata.fda.gov/drugsatfda_docs/label/2022/021710s018lbl.pdf)
info,fact_source_coverage,cenobamate,trade_names,Field has non-RCT source coverage listed in evidence_sources,,,FDA label (Xcopri Prescribing Information); https://www.accessdata.fda.gov/drugsatfda_docs/label/2025/212839s013lbl.pdf
info,fact_source_coverage,cenobamate,status_or_notes,Field has non-RCT source coverage listed in evidence_sources,,,FDA label (Xcopri Prescribing Information); https://www.accessdata.fda.gov/drugsatfda_docs/label/2025/212839s013lbl.pdf
info,fact_source_coverage,cenobamate,available_in_us,Field has non-RCT source coverage listed in evidence_sources,,,FDA label (Xcopri Prescribing Information); https://www.accessdata.fda.gov/drugsatfda_docs/label/2025/212839s013lbl.pdf
info,fact_source_coverage,cenobamate,epilepsy_type,Field has non-RCT source coverage listed in evidence_sources,,,FDA label (Xcopri Prescribing Information); https://www.accessdata.fda.gov/drugsatfda_docs/label/2025/212839s013lbl.pdf
info,fact_source_coverage,cenobamate,mechanism_of_action,Field has non-RCT source coverage listed in evidence_sources,,,FDA label (Xcopri Prescribing Information); https://www.accessdata.fda.gov/drugsatfda_docs/label/2025/212839s013lbl.pdf
info,fact_source_coverage,cenobamate,mechanism_source,Field has non-RCT source coverage listed in evidence_sources,,,FDA label (Xcopri Prescribing Information); https://www.accessdata.fda.gov/drugsatfda_docs/label/2025/212839s013lbl.pdf
info,fact_source_coverage,cenobamate,mechanism_source_tier,Field has non-RCT source coverage listed in evidence_sources,,,FDA label (Xcopri Prescribing Information); https://www.accessdata.fda.gov/drugsatfda_docs/label/2025/212839s013lbl.pdf
info,fact_source_coverage,cenobamate,mechanism_confidence,Field has non-RCT source coverage listed in evidence_sources,,,FDA label (Xcopri Prescribing Information); https://www.accessdata.fda.gov/drugsatfda_docs/label/2025/212839s013lbl.pdf
info,fact_source_coverage,cenobamate,half_life_range,Field has non-RCT source coverage listed in evidence_sources,,,FDA label (Xcopri Prescribing Information); https://www.accessdata.fda.gov/drugsatfda_docs/label/2025/212839s013lbl.pdf
info,fact_source_coverage,cenobamate,major_organ_for_metabolism,Field has non-RCT source coverage listed in evidence_sources,,,FDA label (Xcopri Prescribing Information); https://www.accessdata.fda.gov/drugsatfda_docs/label/2025/212839s013lbl.pdf
info,fact_source_coverage,cenobamate,formulations_available,Field has non-RCT source coverage listed in evidence_sources,,,FDA label (Xcopri Prescribing Information); https://www.accessdata.fda.gov/drugsatfda_docs/label/2025/212839s013lbl.pdf
info,fact_source_coverage,cenobamate,typical_doses_per_day,Field has non-RCT source coverage listed in evidence_sources,,,FDA label (Xcopri Prescribing Information); https://www.accessdata.fda.gov/drugsatfda_docs/label/2025/212839s013lbl.pdf
info,fact_source_coverage,cenobamate,minimum_effective_dose,Field has non-RCT source coverage listed in evidence_sources,,,FDA label (Xcopri Prescribing Information); https://www.accessdata.fda.gov/drugsatfda_docs/label/2025/212839s013lbl.pdf
info,fact_source_coverage,cenobamate,maximum_approved_daily_dose,Field has non-RCT source coverage listed in evidence_sources,,,FDA label (Xcopri Prescribing Information); https://www.accessdata.fda.gov/drugsatfda_docs/label/2025/212839s013lbl.pdf
info,fact_source_coverage,cenobamate,enzyme_inducing_or_inhibiting,Field has non-RCT source coverage listed in evidence_sources,,,FDA label (Xcopri Prescribing Information); https://www.accessdata.fda.gov/drugsatfda_docs/label/2025/212839s013lbl.pdf
info,fact_source_coverage,cenobamate,qt_interval_effect,Field has non-RCT source coverage listed in evidence_sources,,,FDA label (Xcopri Prescribing Information); https://www.accessdata.fda.gov/drugsatfda_docs/label/2025/212839s013lbl.pdf
info,fact_source_coverage,cenobamate,adverse_symptoms_percentages,Field has non-RCT source coverage listed in evidence_sources,,,FDA label (Xcopri Prescribing Information); https://www.accessdata.fda.gov/drugsatfda_docs/label/2025/212839s013lbl.pdf
info,fact_source_coverage,cenobamate,year_fda_cleared,Field has non-RCT source coverage listed in evidence_sources,,,FDA label (Xcopri Prescribing Information); https://www.accessdata.fda.gov/drugsatfda_docs/label/2025/212839s013lbl.pdf
info,fact_source_coverage,cenobamate,fda_black_box_warning,Field has non-RCT source coverage listed in evidence_sources,,,FDA label (Xcopri Prescribing Information); https://www.accessdata.fda.gov/drugsatfda_docs/label/2025/212839s013lbl.pdf
info,fact_source_coverage,cenobamate,fda_black_box_warning_source,Field has non-RCT source coverage listed in evidence_sources,,,FDA label (Xcopri Prescribing Information); https://www.accessdata.fda.gov/drugsatfda_docs/label/2025/212839s013lbl.pdf
info,fact_source_coverage,cenobamate,fda_black_box_warning_verified,Field has non-RCT source coverage listed in evidence_sources,,,FDA label (Xcopri Prescribing Information); https://www.accessdata.fda.gov/drugsatfda_docs/label/2025/212839s013lbl.pdf
info,fact_source_coverage,clobazam,trade_names,Field has non-RCT source coverage listed in evidence_sources,,,FDA accessdata labeling; https://www.accessdata.fda.gov/drugsatfda_docs/label/2024/202067s008%2C203993s010lbl.pdf; https://api.fda.gov/drug/label.json?search=openfda.spl_set_id%3A%22de03bd69-2dca-459c-93b4-541fd3e9571c%22&limit=5
info,fact_source_coverage,clobazam,status_or_notes,Field has non-RCT source coverage listed in evidence_sources,,,FDA accessdata labeling; https://www.accessdata.fda.gov/drugsatfda_docs/label/2024/202067s008%2C203993s010lbl.pdf; https://api.fda.gov/drug/label.json?search=openfda.spl_set_id%3A%22de03bd69-2dca-459c-93b4-541fd3e9571c%22&limit=5
info,fact_source_coverage,clobazam,available_in_us,Field has non-RCT source coverage listed in evidence_sources,,,FDA accessdata labeling; https://www.accessdata.fda.gov/drugsatfda_docs/label/2024/202067s008%2C203993s010lbl.pdf; https://api.fda.gov/drug/label.json?search=openfda.spl_set_id%3A%22de03bd69-2dca-459c-93b4-541fd3e9571c%22&limit=5
info,fact_source_coverage,clobazam,epilepsy_type,Field has non-RCT source coverage listed in evidence_sources,,,FDA accessdata labeling; https://www.accessdata.fda.gov/drugsatfda_docs/label/2024/202067s008%2C203993s010lbl.pdf; https://api.fda.gov/drug/label.json?search=openfda.spl_set_id%3A%22de03bd69-2dca-459c-93b4-541fd3e9571c%22&limit=5
info,fact_source_coverage,clobazam,mechanism_of_action,Field has non-RCT source coverage listed in evidence_sources,,,FDA accessdata labeling; https://www.accessdata.fda.gov/drugsatfda_docs/label/2024/202067s008%2C203993s010lbl.pdf; https://api.fda.gov/drug/label.json?search=openfda.spl_set_id%3A%22de03bd69-2dca-459c-93b4-541fd3e9571c%22&limit=5
info,fact_source_coverage,clobazam,mechanism_source,Field has non-RCT source coverage listed in evidence_sources,,,FDA accessdata labeling; https://www.accessdata.fda.gov/drugsatfda_docs/label/2024/202067s008%2C203993s010lbl.pdf; https://api.fda.gov/drug/label.json?search=openfda.spl_set_id%3A%22de03bd69-2dca-459c-93b4-541fd3e9571c%22&limit=5
info,fact_source_coverage,clobazam,mechanism_source_tier,Field has non-RCT source coverage listed in evidence_sources,,,FDA accessdata labeling; https://www.accessdata.fda.gov/drugsatfda_docs/label/2024/202067s008%2C203993s010lbl.pdf; https://api.fda.gov/drug/label.json?search=openfda.spl_set_id%3A%22de03bd69-2dca-459c-93b4-541fd3e9571c%22&limit=5
info,fact_source_coverage,clobazam,mechanism_confidence,Field has non-RCT source coverage listed in evidence_sources,,,FDA accessdata labeling; https://www.accessdata.fda.gov/drugsatfda_docs/label/2024/202067s008%2C203993s010lbl.pdf; https://api.fda.gov/drug/label.json?search=openfda.spl_set_id%3A%22de03bd69-2dca-459c-93b4-541fd3e9571c%22&limit=5
info,fact_source_coverage,clobazam,half_life_range,Field has non-RCT source coverage listed in evidence_sources,,,FDA accessdata labeling; https://www.accessdata.fda.gov/drugsatfda_docs/label/2024/202067s008%2C203993s010lbl.pdf; https://api.fda.gov/drug/label.json?search=openfda.spl_set_id%3A%22de03bd69-2dca-459c-93b4-541fd3e9571c%22&limit=5
info,fact_source_coverage,clobazam,major_organ_for_metabolism,Field has non-RCT source coverage listed in evidence_sources,,,FDA accessdata labeling; https://www.accessdata.fda.gov/drugsatfda_docs/label/2024/202067s008%2C203993s010lbl.pdf; https://api.fda.gov/drug/label.json?search=openfda.spl_set_id%3A%22de03bd69-2dca-459c-93b4-541fd3e9571c%22&limit=5
info,fact_source_coverage,clobazam,formulations_available,Field has non-RCT source coverage listed in evidence_sources,,,FDA accessdata labeling; https://www.accessdata.fda.gov/drugsatfda_docs/label/2024/202067s008%2C203993s010lbl.pdf; https://api.fda.gov/drug/label.json?search=openfda.spl_set_id%3A%22de03bd69-2dca-459c-93b4-541fd3e9571c%22&limit=5
info,fact_source_coverage,clobazam,typical_doses_per_day,Field has non-RCT source coverage listed in evidence_sources,,,FDA accessdata labeling; https://www.accessdata.fda.gov/drugsatfda_docs/label/2024/202067s008%2C203993s010lbl.pdf; https://api.fda.gov/drug/label.json?search=openfda.spl_set_id%3A%22de03bd69-2dca-459c-93b4-541fd3e9571c%22&limit=5
info,fact_source_coverage,clobazam,minimum_effective_dose,Field has non-RCT source coverage listed in evidence_sources,,,FDA accessdata labeling; https://www.accessdata.fda.gov/drugsatfda_docs/label/2024/202067s008%2C203993s010lbl.pdf; https://api.fda.gov/drug/label.json?search=openfda.spl_set_id%3A%22de03bd69-2dca-459c-93b4-541fd3e9571c%22&limit=5
info,fact_source_coverage,clobazam,maximum_approved_daily_dose,Field has non-RCT source coverage listed in evidence_sources,,,FDA accessdata labeling; https://www.accessdata.fda.gov/drugsatfda_docs/label/2024/202067s008%2C203993s010lbl.pdf; https://api.fda.gov/drug/label.json?search=openfda.spl_set_id%3A%22de03bd69-2dca-459c-93b4-541fd3e9571c%22&limit=5
info,fact_source_coverage,clobazam,enzyme_inducing_or_inhibiting,Field has non-RCT source coverage listed in evidence_sources,,,FDA accessdata labeling; https://www.accessdata.fda.gov/drugsatfda_docs/label/2024/202067s008%2C203993s010lbl.pdf; https://api.fda.gov/drug/label.json?search=openfda.spl_set_id%3A%22de03bd69-2dca-459c-93b4-541fd3e9571c%22&limit=5
info,fact_source_coverage,clobazam,qt_interval_effect,Field has non-RCT source coverage listed in evidence_sources,,,FDA accessdata labeling; https://www.accessdata.fda.gov/drugsatfda_docs/label/2024/202067s008%2C203993s010lbl.pdf; https://api.fda.gov/drug/label.json?search=openfda.spl_set_id%3A%22de03bd69-2dca-459c-93b4-541fd3e9571c%22&limit=5
info,fact_source_coverage,clobazam,adverse_symptoms_percentages,Field has non-RCT source coverage listed in evidence_sources,,,FDA accessdata labeling; https://www.accessdata.fda.gov/drugsatfda_docs/label/2024/202067s008%2C203993s010lbl.pdf; https://api.fda.gov/drug/label.json?search=openfda.spl_set_id%3A%22de03bd69-2dca-459c-93b4-541fd3e9571c%22&limit=5
info,fact_source_coverage,clobazam,year_fda_cleared,Field has non-RCT source coverage listed in evidence_sources,,,FDA accessdata labeling; https://www.accessdata.fda.gov/drugsatfda_docs/label/2024/202067s008%2C203993s010lbl.pdf; https://api.fda.gov/drug/label.json?search=openfda.spl_set_id%3A%22de03bd69-2dca-459c-93b4-541fd3e9571c%22&limit=5
info,fact_source_coverage,clobazam,fda_black_box_warning,Field has non-RCT source coverage listed in evidence_sources,,,FDA accessdata labeling; https://www.accessdata.fda.gov/drugsatfda_docs/label/2024/202067s008%2C203993s010lbl.pdf; https://api.fda.gov/drug/label.json?search=openfda.spl_set_id%3A%22de03bd69-2dca-459c-93b4-541fd3e9571c%22&limit=5
info,fact_source_coverage,clobazam,fda_black_box_warning_source,Field has non-RCT source coverage listed in evidence_sources,,,FDA accessdata labeling; https://www.accessdata.fda.gov/drugsatfda_docs/label/2024/202067s008%2C203993s010lbl.pdf; https://api.fda.gov/drug/label.json?search=openfda.spl_set_id%3A%22de03bd69-2dca-459c-93b4-541fd3e9571c%22&limit=5
info,fact_source_coverage,clobazam,fda_black_box_warning_verified,Field has non-RCT source coverage listed in evidence_sources,,,FDA accessdata labeling; https://www.accessdata.fda.gov/drugsatfda_docs/label/2024/202067s008%2C203993s010lbl.pdf; https://api.fda.gov/drug/label.json?search=openfda.spl_set_id%3A%22de03bd69-2dca-459c-93b4-541fd3e9571c%22&limit=5
info,fact_source_coverage,clonazepam,trade_names,Field has non-RCT source coverage listed in evidence_sources,,,https://www.accessdata.fda.gov/drugsatfda_docs/label/2023/017533s062lbl.pdf; FDA Klonopin prescribing information (https://www.accessdata.fda.gov/drugsatfda_docs/label/2023/017533s062lbl.pdf)
info,fact_source_coverage,clonazepam,status_or_notes,Field has non-RCT source coverage listed in evidence_sources,,,https://www.accessdata.fda.gov/drugsatfda_docs/label/2023/017533s062lbl.pdf; FDA Klonopin prescribing information (https://www.accessdata.fda.gov/drugsatfda_docs/label/2023/017533s062lbl.pdf)
info,fact_source_coverage,clonazepam,available_in_us,Field has non-RCT source coverage listed in evidence_sources,,,https://www.accessdata.fda.gov/drugsatfda_docs/label/2023/017533s062lbl.pdf; FDA Klonopin prescribing information (https://www.accessdata.fda.gov/drugsatfda_docs/label/2023/017533s062lbl.pdf)
info,fact_source_coverage,clonazepam,epilepsy_type,Field has non-RCT source coverage listed in evidence_sources,,,https://www.accessdata.fda.gov/drugsatfda_docs/label/2023/017533s062lbl.pdf; FDA Klonopin prescribing information (https://www.accessdata.fda.gov/drugsatfda_docs/label/2023/017533s062lbl.pdf)
info,fact_source_coverage,clonazepam,mechanism_of_action,Field has non-RCT source coverage listed in evidence_sources,,,https://www.accessdata.fda.gov/drugsatfda_docs/label/2023/017533s062lbl.pdf; FDA Klonopin prescribing information (https://www.accessdata.fda.gov/drugsatfda_docs/label/2023/017533s062lbl.pdf)
info,fact_source_coverage,clonazepam,mechanism_source,Field has non-RCT source coverage listed in evidence_sources,,,https://www.accessdata.fda.gov/drugsatfda_docs/label/2023/017533s062lbl.pdf; FDA Klonopin prescribing information (https://www.accessdata.fda.gov/drugsatfda_docs/label/2023/017533s062lbl.pdf)
info,fact_source_coverage,clonazepam,mechanism_source_tier,Field has non-RCT source coverage listed in evidence_sources,,,https://www.accessdata.fda.gov/drugsatfda_docs/label/2023/017533s062lbl.pdf; FDA Klonopin prescribing information (https://www.accessdata.fda.gov/drugsatfda_docs/label/2023/017533s062lbl.pdf)
info,fact_source_coverage,clonazepam,mechanism_confidence,Field has non-RCT source coverage listed in evidence_sources,,,https://www.accessdata.fda.gov/drugsatfda_docs/label/2023/017533s062lbl.pdf; FDA Klonopin prescribing information (https://www.accessdata.fda.gov/drugsatfda_docs/label/2023/017533s062lbl.pdf)
info,fact_source_coverage,clonazepam,half_life_range,Field has non-RCT source coverage listed in evidence_sources,,,https://www.accessdata.fda.gov/drugsatfda_docs/label/2023/017533s062lbl.pdf; FDA Klonopin prescribing information (https://www.accessdata.fda.gov/drugsatfda_docs/label/2023/017533s062lbl.pdf)
info,fact_source_coverage,clonazepam,major_organ_for_metabolism,Field has non-RCT source coverage listed in evidence_sources,,,https://www.accessdata.fda.gov/drugsatfda_docs/label/2023/017533s062lbl.pdf; FDA Klonopin prescribing information (https://www.accessdata.fda.gov/drugsatfda_docs/label/2023/017533s062lbl.pdf)
info,fact_source_coverage,clonazepam,formulations_available,Field has non-RCT source coverage listed in evidence_sources,,,https://www.accessdata.fda.gov/drugsatfda_docs/label/2023/017533s062lbl.pdf; FDA Klonopin prescribing information (https://www.accessdata.fda.gov/drugsatfda_docs/label/2023/017533s062lbl.pdf)
info,fact_source_coverage,clonazepam,typical_doses_per_day,Field has non-RCT source coverage listed in evidence_sources,,,https://www.accessdata.fda.gov/drugsatfda_docs/label/2023/017533s062lbl.pdf; FDA Klonopin prescribing information (https://www.accessdata.fda.gov/drugsatfda_docs/label/2023/017533s062lbl.pdf)
info,fact_source_coverage,clonazepam,minimum_effective_dose,Field has non-RCT source coverage listed in evidence_sources,,,https://www.accessdata.fda.gov/drugsatfda_docs/label/2023/017533s062lbl.pdf; FDA Klonopin prescribing information (https://www.accessdata.fda.gov/drugsatfda_docs/label/2023/017533s062lbl.pdf)
info,fact_source_coverage,clonazepam,maximum_approved_daily_dose,Field has non-RCT source coverage listed in evidence_sources,,,https://www.accessdata.fda.gov/drugsatfda_docs/label/2023/017533s062lbl.pdf; FDA Klonopin prescribing information (https://www.accessdata.fda.gov/drugsatfda_docs/label/2023/017533s062lbl.pdf)
info,fact_source_coverage,clonazepam,enzyme_inducing_or_inhibiting,Field has non-RCT source coverage listed in evidence_sources,,,https://www.accessdata.fda.gov/drugsatfda_docs/label/2023/017533s062lbl.pdf; FDA Klonopin prescribing information (https://www.accessdata.fda.gov/drugsatfda_docs/label/2023/017533s062lbl.pdf)
info,fact_source_coverage,clonazepam,qt_interval_effect,Field has non-RCT source coverage listed in evidence_sources,,,https://www.accessdata.fda.gov/drugsatfda_docs/label/2023/017533s062lbl.pdf; FDA Klonopin prescribing information (https://www.accessdata.fda.gov/drugsatfda_docs/label/2023/017533s062lbl.pdf)
info,fact_source_coverage,clonazepam,adverse_symptoms_percentages,Field has non-RCT source coverage listed in evidence_sources,,,https://www.accessdata.fda.gov/drugsatfda_docs/label/2023/017533s062lbl.pdf; FDA Klonopin prescribing information (https://www.accessdata.fda.gov/drugsatfda_docs/label/2023/017533s062lbl.pdf)
info,fact_source_coverage,clonazepam,year_fda_cleared,Field has non-RCT source coverage listed in evidence_sources,,,https://www.accessdata.fda.gov/drugsatfda_docs/label/2023/017533s062lbl.pdf; FDA Klonopin prescribing information (https://www.accessdata.fda.gov/drugsatfda_docs/label/2023/017533s062lbl.pdf)
info,fact_source_coverage,clonazepam,fda_black_box_warning,Field has non-RCT source coverage listed in evidence_sources,,,https://www.accessdata.fda.gov/drugsatfda_docs/label/2023/017533s062lbl.pdf; FDA Klonopin prescribing information (https://www.accessdata.fda.gov/drugsatfda_docs/label/2023/017533s062lbl.pdf)
info,fact_source_coverage,clonazepam,fda_black_box_warning_source,Field has non-RCT source coverage listed in evidence_sources,,,https://www.accessdata.fda.gov/drugsatfda_docs/label/2023/017533s062lbl.pdf; FDA Klonopin prescribing information (https://www.accessdata.fda.gov/drugsatfda_docs/label/2023/017533s062lbl.pdf)
info,fact_source_coverage,clonazepam,fda_black_box_warning_verified,Field has non-RCT source coverage listed in evidence_sources,,,https://www.accessdata.fda.gov/drugsatfda_docs/label/2023/017533s062lbl.pdf; FDA Klonopin prescribing information (https://www.accessdata.fda.gov/drugsatfda_docs/label/2023/017533s062lbl.pdf)
info,fact_source_coverage,clorazepate dipotassium,trade_names,Field has non-RCT source coverage listed in evidence_sources,,,FDA Orange Book products file; https://www.accessdata.fda.gov/drugsatfda_docs/label/2023/017105s085lbl.pdf; FDA prescribing information (https://www.accessdata.fda.gov/drugsatfda_docs/label/2023/017105s085lbl.pdf)
info,fact_source_coverage,clorazepate dipotassium,status_or_notes,Field has non-RCT source coverage listed in evidence_sources,,,FDA Orange Book products file; https://www.accessdata.fda.gov/drugsatfda_docs/label/2023/017105s085lbl.pdf; FDA prescribing information (https://www.accessdata.fda.gov/drugsatfda_docs/label/2023/017105s085lbl.pdf)
info,fact_source_coverage,clorazepate dipotassium,available_in_us,Field has non-RCT source coverage listed in evidence_sources,,,FDA Orange Book products file; https://www.accessdata.fda.gov/drugsatfda_docs/label/2023/017105s085lbl.pdf; FDA prescribing information (https://www.accessdata.fda.gov/drugsatfda_docs/label/2023/017105s085lbl.pdf)
info,fact_source_coverage,clorazepate dipotassium,epilepsy_type,Field has non-RCT source coverage listed in evidence_sources,,,FDA Orange Book products file; https://www.accessdata.fda.gov/drugsatfda_docs/label/2023/017105s085lbl.pdf; FDA prescribing information (https://www.accessdata.fda.gov/drugsatfda_docs/label/2023/017105s085lbl.pdf)
info,fact_source_coverage,clorazepate dipotassium,mechanism_of_action,Field has non-RCT source coverage listed in evidence_sources,,,FDA Orange Book products file; https://www.accessdata.fda.gov/drugsatfda_docs/label/2023/017105s085lbl.pdf; FDA prescribing information (https://www.accessdata.fda.gov/drugsatfda_docs/label/2023/017105s085lbl.pdf)
info,fact_source_coverage,clorazepate dipotassium,mechanism_source,Field has non-RCT source coverage listed in evidence_sources,,,FDA Orange Book products file; https://www.accessdata.fda.gov/drugsatfda_docs/label/2023/017105s085lbl.pdf; FDA prescribing information (https://www.accessdata.fda.gov/drugsatfda_docs/label/2023/017105s085lbl.pdf)
info,fact_source_coverage,clorazepate dipotassium,mechanism_source_tier,Field has non-RCT source coverage listed in evidence_sources,,,FDA Orange Book products file; https://www.accessdata.fda.gov/drugsatfda_docs/label/2023/017105s085lbl.pdf; FDA prescribing information (https://www.accessdata.fda.gov/drugsatfda_docs/label/2023/017105s085lbl.pdf)
info,fact_source_coverage,clorazepate dipotassium,mechanism_confidence,Field has non-RCT source coverage listed in evidence_sources,,,FDA Orange Book products file; https://www.accessdata.fda.gov/drugsatfda_docs/label/2023/017105s085lbl.pdf; FDA prescribing information (https://www.accessdata.fda.gov/drugsatfda_docs/label/2023/017105s085lbl.pdf)
info,fact_source_coverage,clorazepate dipotassium,half_life_range,Field has non-RCT source coverage listed in evidence_sources,,,FDA Orange Book products file; https://www.accessdata.fda.gov/drugsatfda_docs/label/2023/017105s085lbl.pdf; FDA prescribing information (https://www.accessdata.fda.gov/drugsatfda_docs/label/2023/017105s085lbl.pdf)
info,fact_source_coverage,clorazepate dipotassium,major_organ_for_metabolism,Field has non-RCT source coverage listed in evidence_sources,,,FDA Orange Book products file; https://www.accessdata.fda.gov/drugsatfda_docs/label/2023/017105s085lbl.pdf; FDA prescribing information (https://www.accessdata.fda.gov/drugsatfda_docs/label/2023/017105s085lbl.pdf)
info,fact_source_coverage,clorazepate dipotassium,formulations_available,Field has non-RCT source coverage listed in evidence_sources,,,FDA Orange Book products file; https://www.accessdata.fda.gov/drugsatfda_docs/label/2023/017105s085lbl.pdf; FDA prescribing information (https://www.accessdata.fda.gov/drugsatfda_docs/label/2023/017105s085lbl.pdf)
info,fact_source_coverage,clorazepate dipotassium,typical_doses_per_day,Field has non-RCT source coverage listed in evidence_sources,,,FDA Orange Book products file; https://www.accessdata.fda.gov/drugsatfda_docs/label/2023/017105s085lbl.pdf; FDA prescribing information (https://www.accessdata.fda.gov/drugsatfda_docs/label/2023/017105s085lbl.pdf)
info,fact_source_coverage,clorazepate dipotassium,minimum_effective_dose,Field has non-RCT source coverage listed in evidence_sources,,,FDA Orange Book products file; https://www.accessdata.fda.gov/drugsatfda_docs/label/2023/017105s085lbl.pdf; FDA prescribing information (https://www.accessdata.fda.gov/drugsatfda_docs/label/2023/017105s085lbl.pdf)
info,fact_source_coverage,clorazepate dipotassium,maximum_approved_daily_dose,Field has non-RCT source coverage listed in evidence_sources,,,FDA Orange Book products file; https://www.accessdata.fda.gov/drugsatfda_docs/label/2023/017105s085lbl.pdf; FDA prescribing information (https://www.accessdata.fda.gov/drugsatfda_docs/label/2023/017105s085lbl.pdf)
info,fact_source_coverage,clorazepate dipotassium,enzyme_inducing_or_inhibiting,Field has non-RCT source coverage listed in evidence_sources,,,FDA Orange Book products file; https://www.accessdata.fda.gov/drugsatfda_docs/label/2023/017105s085lbl.pdf; FDA prescribing information (https://www.accessdata.fda.gov/drugsatfda_docs/label/2023/017105s085lbl.pdf)
info,fact_source_coverage,clorazepate dipotassium,qt_interval_effect,Field has non-RCT source coverage listed in evidence_sources,,,FDA Orange Book products file; https://www.accessdata.fda.gov/drugsatfda_docs/label/2023/017105s085lbl.pdf; FDA prescribing information (https://www.accessdata.fda.gov/drugsatfda_docs/label/2023/017105s085lbl.pdf)
info,fact_source_coverage,clorazepate dipotassium,adverse_symptoms_percentages,Field has non-RCT source coverage listed in evidence_sources,,,FDA Orange Book products file; https://www.accessdata.fda.gov/drugsatfda_docs/label/2023/017105s085lbl.pdf; FDA prescribing information (https://www.accessdata.fda.gov/drugsatfda_docs/label/2023/017105s085lbl.pdf)
info,fact_source_coverage,clorazepate dipotassium,year_fda_cleared,Field has non-RCT source coverage listed in evidence_sources,,,FDA Orange Book products file; https://www.accessdata.fda.gov/drugsatfda_docs/label/2023/017105s085lbl.pdf; FDA prescribing information (https://www.accessdata.fda.gov/drugsatfda_docs/label/2023/017105s085lbl.pdf)
info,fact_source_coverage,clorazepate dipotassium,fda_black_box_warning,Field has non-RCT source coverage listed in evidence_sources,,,FDA Orange Book products file; https://www.accessdata.fda.gov/drugsatfda_docs/label/2023/017105s085lbl.pdf; FDA prescribing information (https://www.accessdata.fda.gov/drugsatfda_docs/label/2023/017105s085lbl.pdf)
info,fact_source_coverage,clorazepate dipotassium,fda_black_box_warning_source,Field has non-RCT source coverage listed in evidence_sources,,,FDA Orange Book products file; https://www.accessdata.fda.gov/drugsatfda_docs/label/2023/017105s085lbl.pdf; FDA prescribing information (https://www.accessdata.fda.gov/drugsatfda_docs/label/2023/017105s085lbl.pdf)
info,fact_source_coverage,clorazepate dipotassium,fda_black_box_warning_verified,Field has non-RCT source coverage listed in evidence_sources,,,FDA Orange Book products file; https://www.accessdata.fda.gov/drugsatfda_docs/label/2023/017105s085lbl.pdf; FDA prescribing information (https://www.accessdata.fda.gov/drugsatfda_docs/label/2023/017105s085lbl.pdf)
info,fact_source_coverage,diazepam,trade_names,Field has non-RCT source coverage listed in evidence_sources,,,https://www.accessdata.fda.gov/drugsatfda_docs/label/2025/211635Orig1s012corrected_lbl.pdf; https://www.accessdata.fda.gov/drugsatfda_docs/label/2024/218623s000lbl.pdf; FDA/accessdata labeling
info,fact_source_coverage,diazepam,status_or_notes,Field has non-RCT source coverage listed in evidence_sources,,,https://www.accessdata.fda.gov/drugsatfda_docs/label/2025/211635Orig1s012corrected_lbl.pdf; https://www.accessdata.fda.gov/drugsatfda_docs/label/2024/218623s000lbl.pdf; FDA/accessdata labeling
info,fact_source_coverage,diazepam,available_in_us,Field has non-RCT source coverage listed in evidence_sources,,,https://www.accessdata.fda.gov/drugsatfda_docs/label/2025/211635Orig1s012corrected_lbl.pdf; https://www.accessdata.fda.gov/drugsatfda_docs/label/2024/218623s000lbl.pdf; FDA/accessdata labeling
info,fact_source_coverage,diazepam,epilepsy_type,Field has non-RCT source coverage listed in evidence_sources,,,https://www.accessdata.fda.gov/drugsatfda_docs/label/2025/211635Orig1s012corrected_lbl.pdf; https://www.accessdata.fda.gov/drugsatfda_docs/label/2024/218623s000lbl.pdf; FDA/accessdata labeling
info,fact_source_coverage,diazepam,mechanism_of_action,Field has non-RCT source coverage listed in evidence_sources,,,https://www.accessdata.fda.gov/drugsatfda_docs/label/2025/211635Orig1s012corrected_lbl.pdf; https://www.accessdata.fda.gov/drugsatfda_docs/label/2024/218623s000lbl.pdf; FDA/accessdata labeling
info,fact_source_coverage,diazepam,mechanism_source,Field has non-RCT source coverage listed in evidence_sources,,,https://www.accessdata.fda.gov/drugsatfda_docs/label/2025/211635Orig1s012corrected_lbl.pdf; https://www.accessdata.fda.gov/drugsatfda_docs/label/2024/218623s000lbl.pdf; FDA/accessdata labeling
info,fact_source_coverage,diazepam,mechanism_source_tier,Field has non-RCT source coverage listed in evidence_sources,,,https://www.accessdata.fda.gov/drugsatfda_docs/label/2025/211635Orig1s012corrected_lbl.pdf; https://www.accessdata.fda.gov/drugsatfda_docs/label/2024/218623s000lbl.pdf; FDA/accessdata labeling
info,fact_source_coverage,diazepam,mechanism_confidence,Field has non-RCT source coverage listed in evidence_sources,,,https://www.accessdata.fda.gov/drugsatfda_docs/label/2025/211635Orig1s012corrected_lbl.pdf; https://www.accessdata.fda.gov/drugsatfda_docs/label/2024/218623s000lbl.pdf; FDA/accessdata labeling
info,fact_source_coverage,diazepam,half_life_range,Field has non-RCT source coverage listed in evidence_sources,,,https://www.accessdata.fda.gov/drugsatfda_docs/label/2025/211635Orig1s012corrected_lbl.pdf; https://www.accessdata.fda.gov/drugsatfda_docs/label/2024/218623s000lbl.pdf; FDA/accessdata labeling
info,fact_source_coverage,diazepam,major_organ_for_metabolism,Field has non-RCT source coverage listed in evidence_sources,,,https://www.accessdata.fda.gov/drugsatfda_docs/label/2025/211635Orig1s012corrected_lbl.pdf; https://www.accessdata.fda.gov/drugsatfda_docs/label/2024/218623s000lbl.pdf; FDA/accessdata labeling
info,fact_source_coverage,diazepam,formulations_available,Field has non-RCT source coverage listed in evidence_sources,,,https://www.accessdata.fda.gov/drugsatfda_docs/label/2025/211635Orig1s012corrected_lbl.pdf; https://www.accessdata.fda.gov/drugsatfda_docs/label/2024/218623s000lbl.pdf; FDA/accessdata labeling
info,fact_source_coverage,diazepam,typical_doses_per_day,Field has non-RCT source coverage listed in evidence_sources,,,https://www.accessdata.fda.gov/drugsatfda_docs/label/2025/211635Orig1s012corrected_lbl.pdf; https://www.accessdata.fda.gov/drugsatfda_docs/label/2024/218623s000lbl.pdf; FDA/accessdata labeling
info,fact_source_coverage,diazepam,minimum_effective_dose,Field has non-RCT source coverage listed in evidence_sources,,,https://www.accessdata.fda.gov/drugsatfda_docs/label/2025/211635Orig1s012corrected_lbl.pdf; https://www.accessdata.fda.gov/drugsatfda_docs/label/2024/218623s000lbl.pdf; FDA/accessdata labeling
info,fact_source_coverage,diazepam,maximum_approved_daily_dose,Field has non-RCT source coverage listed in evidence_sources,,,https://www.accessdata.fda.gov/drugsatfda_docs/label/2025/211635Orig1s012corrected_lbl.pdf; https://www.accessdata.fda.gov/drugsatfda_docs/label/2024/218623s000lbl.pdf; FDA/accessdata labeling
info,fact_source_coverage,diazepam,enzyme_inducing_or_inhibiting,Field has non-RCT source coverage listed in evidence_sources,,,https://www.accessdata.fda.gov/drugsatfda_docs/label/2025/211635Orig1s012corrected_lbl.pdf; https://www.accessdata.fda.gov/drugsatfda_docs/label/2024/218623s000lbl.pdf; FDA/accessdata labeling
info,fact_source_coverage,diazepam,qt_interval_effect,Field has non-RCT source coverage listed in evidence_sources,,,https://www.accessdata.fda.gov/drugsatfda_docs/label/2025/211635Orig1s012corrected_lbl.pdf; https://www.accessdata.fda.gov/drugsatfda_docs/label/2024/218623s000lbl.pdf; FDA/accessdata labeling
info,fact_source_coverage,diazepam,adverse_symptoms_percentages,Field has non-RCT source coverage listed in evidence_sources,,,https://www.accessdata.fda.gov/drugsatfda_docs/label/2025/211635Orig1s012corrected_lbl.pdf; https://www.accessdata.fda.gov/drugsatfda_docs/label/2024/218623s000lbl.pdf; FDA/accessdata labeling
info,fact_source_coverage,diazepam,year_fda_cleared,Field has non-RCT source coverage listed in evidence_sources,,,https://www.accessdata.fda.gov/drugsatfda_docs/label/2025/211635Orig1s012corrected_lbl.pdf; https://www.accessdata.fda.gov/drugsatfda_docs/label/2024/218623s000lbl.pdf; FDA/accessdata labeling
info,fact_source_coverage,diazepam,fda_black_box_warning,Field has non-RCT source coverage listed in evidence_sources,,,https://www.accessdata.fda.gov/drugsatfda_docs/label/2025/211635Orig1s012corrected_lbl.pdf; https://www.accessdata.fda.gov/drugsatfda_docs/label/2024/218623s000lbl.pdf; FDA/accessdata labeling
info,fact_source_coverage,diazepam,fda_black_box_warning_source,Field has non-RCT source coverage listed in evidence_sources,,,https://www.accessdata.fda.gov/drugsatfda_docs/label/2025/211635Orig1s012corrected_lbl.pdf; https://www.accessdata.fda.gov/drugsatfda_docs/label/2024/218623s000lbl.pdf; FDA/accessdata labeling
info,fact_source_coverage,diazepam,fda_black_box_warning_verified,Field has non-RCT source coverage listed in evidence_sources,,,https://www.accessdata.fda.gov/drugsatfda_docs/label/2025/211635Orig1s012corrected_lbl.pdf; https://www.accessdata.fda.gov/drugsatfda_docs/label/2024/218623s000lbl.pdf; FDA/accessdata labeling
info,fact_source_coverage,eslicarbazepine acetate,trade_names,Field has non-RCT source coverage listed in evidence_sources,,,FDA/accessdata labeling; https://www.accessdata.fda.gov/drugsatfda_docs/label/2017/022416s009lbl.pdf; https://www.medicines.org.uk/emc/product/7872/smpc
info,fact_source_coverage,eslicarbazepine acetate,status_or_notes,Field has non-RCT source coverage listed in evidence_sources,,,FDA/accessdata labeling; https://www.accessdata.fda.gov/drugsatfda_docs/label/2017/022416s009lbl.pdf; https://www.medicines.org.uk/emc/product/7872/smpc
info,fact_source_coverage,eslicarbazepine acetate,available_in_us,Field has non-RCT source coverage listed in evidence_sources,,,FDA/accessdata labeling; https://www.accessdata.fda.gov/drugsatfda_docs/label/2017/022416s009lbl.pdf; https://www.medicines.org.uk/emc/product/7872/smpc
info,fact_source_coverage,eslicarbazepine acetate,epilepsy_type,Field has non-RCT source coverage listed in evidence_sources,,,FDA/accessdata labeling; https://www.accessdata.fda.gov/drugsatfda_docs/label/2017/022416s009lbl.pdf; https://www.medicines.org.uk/emc/product/7872/smpc
info,fact_source_coverage,eslicarbazepine acetate,mechanism_of_action,Field has non-RCT source coverage listed in evidence_sources,,,FDA/accessdata labeling; https://www.accessdata.fda.gov/drugsatfda_docs/label/2017/022416s009lbl.pdf; https://www.medicines.org.uk/emc/product/7872/smpc
info,fact_source_coverage,eslicarbazepine acetate,mechanism_source,Field has non-RCT source coverage listed in evidence_sources,,,FDA/accessdata labeling; https://www.accessdata.fda.gov/drugsatfda_docs/label/2017/022416s009lbl.pdf; https://www.medicines.org.uk/emc/product/7872/smpc
info,fact_source_coverage,eslicarbazepine acetate,mechanism_source_tier,Field has non-RCT source coverage listed in evidence_sources,,,FDA/accessdata labeling; https://www.accessdata.fda.gov/drugsatfda_docs/label/2017/022416s009lbl.pdf; https://www.medicines.org.uk/emc/product/7872/smpc
info,fact_source_coverage,eslicarbazepine acetate,mechanism_confidence,Field has non-RCT source coverage listed in evidence_sources,,,FDA/accessdata labeling; https://www.accessdata.fda.gov/drugsatfda_docs/label/2017/022416s009lbl.pdf; https://www.medicines.org.uk/emc/product/7872/smpc
info,fact_source_coverage,eslicarbazepine acetate,half_life_range,Field has non-RCT source coverage listed in evidence_sources,,,FDA/accessdata labeling; https://www.accessdata.fda.gov/drugsatfda_docs/label/2017/022416s009lbl.pdf; https://www.medicines.org.uk/emc/product/7872/smpc
info,fact_source_coverage,eslicarbazepine acetate,major_organ_for_metabolism,Field has non-RCT source coverage listed in evidence_sources,,,FDA/accessdata labeling; https://www.accessdata.fda.gov/drugsatfda_docs/label/2017/022416s009lbl.pdf; https://www.medicines.org.uk/emc/product/7872/smpc
info,fact_source_coverage,eslicarbazepine acetate,formulations_available,Field has non-RCT source coverage listed in evidence_sources,,,FDA/accessdata labeling; https://www.accessdata.fda.gov/drugsatfda_docs/label/2017/022416s009lbl.pdf; https://www.medicines.org.uk/emc/product/7872/smpc
info,fact_source_coverage,eslicarbazepine acetate,typical_doses_per_day,Field has non-RCT source coverage listed in evidence_sources,,,FDA/accessdata labeling; https://www.accessdata.fda.gov/drugsatfda_docs/label/2017/022416s009lbl.pdf; https://www.medicines.org.uk/emc/product/7872/smpc
info,fact_source_coverage,eslicarbazepine acetate,minimum_effective_dose,Field has non-RCT source coverage listed in evidence_sources,,,FDA/accessdata labeling; https://www.accessdata.fda.gov/drugsatfda_docs/label/2017/022416s009lbl.pdf; https://www.medicines.org.uk/emc/product/7872/smpc
info,fact_source_coverage,eslicarbazepine acetate,maximum_approved_daily_dose,Field has non-RCT source coverage listed in evidence_sources,,,FDA/accessdata labeling; https://www.accessdata.fda.gov/drugsatfda_docs/label/2017/022416s009lbl.pdf; https://www.medicines.org.uk/emc/product/7872/smpc
info,fact_source_coverage,eslicarbazepine acetate,enzyme_inducing_or_inhibiting,Field has non-RCT source coverage listed in evidence_sources,,,FDA/accessdata labeling; https://www.accessdata.fda.gov/drugsatfda_docs/label/2017/022416s009lbl.pdf; https://www.medicines.org.uk/emc/product/7872/smpc
info,fact_source_coverage,eslicarbazepine acetate,qt_interval_effect,Field has non-RCT source coverage listed in evidence_sources,,,FDA/accessdata labeling; https://www.accessdata.fda.gov/drugsatfda_docs/label/2017/022416s009lbl.pdf; https://www.medicines.org.uk/emc/product/7872/smpc
info,fact_source_coverage,eslicarbazepine acetate,adverse_symptoms_percentages,Field has non-RCT source coverage listed in evidence_sources,,,FDA/accessdata labeling; https://www.accessdata.fda.gov/drugsatfda_docs/label/2017/022416s009lbl.pdf; https://www.medicines.org.uk/emc/product/7872/smpc
info,fact_source_coverage,eslicarbazepine acetate,year_fda_cleared,Field has non-RCT source coverage listed in evidence_sources,,,FDA/accessdata labeling; https://www.accessdata.fda.gov/drugsatfda_docs/label/2017/022416s009lbl.pdf; https://www.medicines.org.uk/emc/product/7872/smpc
info,fact_source_coverage,eslicarbazepine acetate,fda_black_box_warning,Field has non-RCT source coverage listed in evidence_sources,,,FDA/accessdata labeling; https://www.accessdata.fda.gov/drugsatfda_docs/label/2017/022416s009lbl.pdf; https://www.medicines.org.uk/emc/product/7872/smpc
info,fact_source_coverage,eslicarbazepine acetate,fda_black_box_warning_source,Field has non-RCT source coverage listed in evidence_sources,,,FDA/accessdata labeling; https://www.accessdata.fda.gov/drugsatfda_docs/label/2017/022416s009lbl.pdf; https://www.medicines.org.uk/emc/product/7872/smpc
info,fact_source_coverage,eslicarbazepine acetate,fda_black_box_warning_verified,Field has non-RCT source coverage listed in evidence_sources,,,FDA/accessdata labeling; https://www.accessdata.fda.gov/drugsatfda_docs/label/2017/022416s009lbl.pdf; https://www.medicines.org.uk/emc/product/7872/smpc
info,fact_source_coverage,ethosuximide,trade_names,Field has non-RCT source coverage listed in evidence_sources,,,FDA Orange Book products file; FDA-approved labeling; https://www.accessdata.fda.gov/drugsatfda_docs/label/2021/012380s037lbl.pdf; https://api.fda.gov/drug/label.json?search=openfda.spl_set_id%3A%220e008f33-70a1-4bc6-b3a0-d45214418ab6%22&limit=5
info,fact_source_coverage,ethosuximide,status_or_notes,Field has non-RCT source coverage listed in evidence_sources,,,FDA Orange Book products file; FDA-approved labeling; https://www.accessdata.fda.gov/drugsatfda_docs/label/2021/012380s037lbl.pdf; https://api.fda.gov/drug/label.json?search=openfda.spl_set_id%3A%220e008f33-70a1-4bc6-b3a0-d45214418ab6%22&limit=5
info,fact_source_coverage,ethosuximide,available_in_us,Field has non-RCT source coverage listed in evidence_sources,,,FDA Orange Book products file; FDA-approved labeling; https://www.accessdata.fda.gov/drugsatfda_docs/label/2021/012380s037lbl.pdf; https://api.fda.gov/drug/label.json?search=openfda.spl_set_id%3A%220e008f33-70a1-4bc6-b3a0-d45214418ab6%22&limit=5
info,fact_source_coverage,ethosuximide,epilepsy_type,Field has non-RCT source coverage listed in evidence_sources,,,FDA Orange Book products file; FDA-approved labeling; https://www.accessdata.fda.gov/drugsatfda_docs/label/2021/012380s037lbl.pdf; https://api.fda.gov/drug/label.json?search=openfda.spl_set_id%3A%220e008f33-70a1-4bc6-b3a0-d45214418ab6%22&limit=5
info,fact_source_coverage,ethosuximide,mechanism_of_action,Field has non-RCT source coverage listed in evidence_sources,,,FDA Orange Book products file; FDA-approved labeling; https://www.accessdata.fda.gov/drugsatfda_docs/label/2021/012380s037lbl.pdf; https://api.fda.gov/drug/label.json?search=openfda.spl_set_id%3A%220e008f33-70a1-4bc6-b3a0-d45214418ab6%22&limit=5
info,fact_source_coverage,ethosuximide,mechanism_source,Field has non-RCT source coverage listed in evidence_sources,,,FDA Orange Book products file; FDA-approved labeling; https://www.accessdata.fda.gov/drugsatfda_docs/label/2021/012380s037lbl.pdf; https://api.fda.gov/drug/label.json?search=openfda.spl_set_id%3A%220e008f33-70a1-4bc6-b3a0-d45214418ab6%22&limit=5
info,fact_source_coverage,ethosuximide,mechanism_source_tier,Field has non-RCT source coverage listed in evidence_sources,,,FDA Orange Book products file; FDA-approved labeling; https://www.accessdata.fda.gov/drugsatfda_docs/label/2021/012380s037lbl.pdf; https://api.fda.gov/drug/label.json?search=openfda.spl_set_id%3A%220e008f33-70a1-4bc6-b3a0-d45214418ab6%22&limit=5
info,fact_source_coverage,ethosuximide,mechanism_confidence,Field has non-RCT source coverage listed in evidence_sources,,,FDA Orange Book products file; FDA-approved labeling; https://www.accessdata.fda.gov/drugsatfda_docs/label/2021/012380s037lbl.pdf; https://api.fda.gov/drug/label.json?search=openfda.spl_set_id%3A%220e008f33-70a1-4bc6-b3a0-d45214418ab6%22&limit=5
info,fact_source_coverage,ethosuximide,half_life_range,Field has non-RCT source coverage listed in evidence_sources,,,FDA Orange Book products file; FDA-approved labeling; https://www.accessdata.fda.gov/drugsatfda_docs/label/2021/012380s037lbl.pdf; https://api.fda.gov/drug/label.json?search=openfda.spl_set_id%3A%220e008f33-70a1-4bc6-b3a0-d45214418ab6%22&limit=5
info,fact_source_coverage,ethosuximide,major_organ_for_metabolism,Field has non-RCT source coverage listed in evidence_sources,,,FDA Orange Book products file; FDA-approved labeling; https://www.accessdata.fda.gov/drugsatfda_docs/label/2021/012380s037lbl.pdf; https://api.fda.gov/drug/label.json?search=openfda.spl_set_id%3A%220e008f33-70a1-4bc6-b3a0-d45214418ab6%22&limit=5
info,fact_source_coverage,ethosuximide,formulations_available,Field has non-RCT source coverage listed in evidence_sources,,,FDA Orange Book products file; FDA-approved labeling; https://www.accessdata.fda.gov/drugsatfda_docs/label/2021/012380s037lbl.pdf; https://api.fda.gov/drug/label.json?search=openfda.spl_set_id%3A%220e008f33-70a1-4bc6-b3a0-d45214418ab6%22&limit=5
info,fact_source_coverage,ethosuximide,typical_doses_per_day,Field has non-RCT source coverage listed in evidence_sources,,,FDA Orange Book products file; FDA-approved labeling; https://www.accessdata.fda.gov/drugsatfda_docs/label/2021/012380s037lbl.pdf; https://api.fda.gov/drug/label.json?search=openfda.spl_set_id%3A%220e008f33-70a1-4bc6-b3a0-d45214418ab6%22&limit=5
info,fact_source_coverage,ethosuximide,minimum_effective_dose,Field has non-RCT source coverage listed in evidence_sources,,,FDA Orange Book products file; FDA-approved labeling; https://www.accessdata.fda.gov/drugsatfda_docs/label/2021/012380s037lbl.pdf; https://api.fda.gov/drug/label.json?search=openfda.spl_set_id%3A%220e008f33-70a1-4bc6-b3a0-d45214418ab6%22&limit=5
info,fact_source_coverage,ethosuximide,maximum_approved_daily_dose,Field has non-RCT source coverage listed in evidence_sources,,,FDA Orange Book products file; FDA-approved labeling; https://www.accessdata.fda.gov/drugsatfda_docs/label/2021/012380s037lbl.pdf; https://api.fda.gov/drug/label.json?search=openfda.spl_set_id%3A%220e008f33-70a1-4bc6-b3a0-d45214418ab6%22&limit=5
info,fact_source_coverage,ethosuximide,enzyme_inducing_or_inhibiting,Field has non-RCT source coverage listed in evidence_sources,,,FDA Orange Book products file; FDA-approved labeling; https://www.accessdata.fda.gov/drugsatfda_docs/label/2021/012380s037lbl.pdf; https://api.fda.gov/drug/label.json?search=openfda.spl_set_id%3A%220e008f33-70a1-4bc6-b3a0-d45214418ab6%22&limit=5
info,fact_source_coverage,ethosuximide,qt_interval_effect,Field has non-RCT source coverage listed in evidence_sources,,,FDA Orange Book products file; FDA-approved labeling; https://www.accessdata.fda.gov/drugsatfda_docs/label/2021/012380s037lbl.pdf; https://api.fda.gov/drug/label.json?search=openfda.spl_set_id%3A%220e008f33-70a1-4bc6-b3a0-d45214418ab6%22&limit=5
info,fact_source_coverage,ethosuximide,adverse_symptoms_percentages,Field has non-RCT source coverage listed in evidence_sources,,,FDA Orange Book products file; FDA-approved labeling; https://www.accessdata.fda.gov/drugsatfda_docs/label/2021/012380s037lbl.pdf; https://api.fda.gov/drug/label.json?search=openfda.spl_set_id%3A%220e008f33-70a1-4bc6-b3a0-d45214418ab6%22&limit=5
info,fact_source_coverage,ethosuximide,year_fda_cleared,Field has non-RCT source coverage listed in evidence_sources,,,FDA Orange Book products file; FDA-approved labeling; https://www.accessdata.fda.gov/drugsatfda_docs/label/2021/012380s037lbl.pdf; https://api.fda.gov/drug/label.json?search=openfda.spl_set_id%3A%220e008f33-70a1-4bc6-b3a0-d45214418ab6%22&limit=5
info,fact_source_coverage,ethosuximide,fda_black_box_warning,Field has non-RCT source coverage listed in evidence_sources,,,FDA Orange Book products file; FDA-approved labeling; https://www.accessdata.fda.gov/drugsatfda_docs/label/2021/012380s037lbl.pdf; https://api.fda.gov/drug/label.json?search=openfda.spl_set_id%3A%220e008f33-70a1-4bc6-b3a0-d45214418ab6%22&limit=5
info,fact_source_coverage,ethosuximide,fda_black_box_warning_source,Field has non-RCT source coverage listed in evidence_sources,,,FDA Orange Book products file; FDA-approved labeling; https://www.accessdata.fda.gov/drugsatfda_docs/label/2021/012380s037lbl.pdf; https://api.fda.gov/drug/label.json?search=openfda.spl_set_id%3A%220e008f33-70a1-4bc6-b3a0-d45214418ab6%22&limit=5
info,fact_source_coverage,ethosuximide,fda_black_box_warning_verified,Field has non-RCT source coverage listed in evidence_sources,,,FDA Orange Book products file; FDA-approved labeling; https://www.accessdata.fda.gov/drugsatfda_docs/label/2021/012380s037lbl.pdf; https://api.fda.gov/drug/label.json?search=openfda.spl_set_id%3A%220e008f33-70a1-4bc6-b3a0-d45214418ab6%22&limit=5
info,fact_source_coverage,ethotoin,trade_names,Field has non-RCT source coverage listed in evidence_sources,,,FDA Orange Book products file; FDA Peganone (ethotoin) labeling (accessdata.fda.gov; NDA010841/S-022); https://www.accessdata.fda.gov/drugsatfda_docs/label/2010/010841s022lbl.pdf
info,fact_source_coverage,ethotoin,status_or_notes,Field has non-RCT source coverage listed in evidence_sources,,,FDA Orange Book products file; FDA Peganone (ethotoin) labeling (accessdata.fda.gov; NDA010841/S-022); https://www.accessdata.fda.gov/drugsatfda_docs/label/2010/010841s022lbl.pdf
info,fact_source_coverage,ethotoin,available_in_us,Field has non-RCT source coverage listed in evidence_sources,,,FDA Orange Book products file; FDA Peganone (ethotoin) labeling (accessdata.fda.gov; NDA010841/S-022); https://www.accessdata.fda.gov/drugsatfda_docs/label/2010/010841s022lbl.pdf
info,fact_source_coverage,ethotoin,epilepsy_type,Field has non-RCT source coverage listed in evidence_sources,,,FDA Orange Book products file; FDA Peganone (ethotoin) labeling (accessdata.fda.gov; NDA010841/S-022); https://www.accessdata.fda.gov/drugsatfda_docs/label/2010/010841s022lbl.pdf
info,fact_source_coverage,ethotoin,mechanism_of_action,Field has non-RCT source coverage listed in evidence_sources,,,FDA Orange Book products file; FDA Peganone (ethotoin) labeling (accessdata.fda.gov; NDA010841/S-022); https://www.accessdata.fda.gov/drugsatfda_docs/label/2010/010841s022lbl.pdf
info,fact_source_coverage,ethotoin,mechanism_source,Field has non-RCT source coverage listed in evidence_sources,,,FDA Orange Book products file; FDA Peganone (ethotoin) labeling (accessdata.fda.gov; NDA010841/S-022); https://www.accessdata.fda.gov/drugsatfda_docs/label/2010/010841s022lbl.pdf
info,fact_source_coverage,ethotoin,mechanism_source_tier,Field has non-RCT source coverage listed in evidence_sources,,,FDA Orange Book products file; FDA Peganone (ethotoin) labeling (accessdata.fda.gov; NDA010841/S-022); https://www.accessdata.fda.gov/drugsatfda_docs/label/2010/010841s022lbl.pdf
info,fact_source_coverage,ethotoin,mechanism_confidence,Field has non-RCT source coverage listed in evidence_sources,,,FDA Orange Book products file; FDA Peganone (ethotoin) labeling (accessdata.fda.gov; NDA010841/S-022); https://www.accessdata.fda.gov/drugsatfda_docs/label/2010/010841s022lbl.pdf
info,fact_source_coverage,ethotoin,half_life_range,Field has non-RCT source coverage listed in evidence_sources,,,FDA Orange Book products file; FDA Peganone (ethotoin) labeling (accessdata.fda.gov; NDA010841/S-022); https://www.accessdata.fda.gov/drugsatfda_docs/label/2010/010841s022lbl.pdf
info,fact_source_coverage,ethotoin,major_organ_for_metabolism,Field has non-RCT source coverage listed in evidence_sources,,,FDA Orange Book products file; FDA Peganone (ethotoin) labeling (accessdata.fda.gov; NDA010841/S-022); https://www.accessdata.fda.gov/drugsatfda_docs/label/2010/010841s022lbl.pdf
info,fact_source_coverage,ethotoin,formulations_available,Field has non-RCT source coverage listed in evidence_sources,,,FDA Orange Book products file; FDA Peganone (ethotoin) labeling (accessdata.fda.gov; NDA010841/S-022); https://www.accessdata.fda.gov/drugsatfda_docs/label/2010/010841s022lbl.pdf
info,fact_source_coverage,ethotoin,typical_doses_per_day,Field has non-RCT source coverage listed in evidence_sources,,,FDA Orange Book products file; FDA Peganone (ethotoin) labeling (accessdata.fda.gov; NDA010841/S-022); https://www.accessdata.fda.gov/drugsatfda_docs/label/2010/010841s022lbl.pdf
info,fact_source_coverage,ethotoin,minimum_effective_dose,Field has non-RCT source coverage listed in evidence_sources,,,FDA Orange Book products file; FDA Peganone (ethotoin) labeling (accessdata.fda.gov; NDA010841/S-022); https://www.accessdata.fda.gov/drugsatfda_docs/label/2010/010841s022lbl.pdf
info,fact_source_coverage,ethotoin,maximum_approved_daily_dose,Field has non-RCT source coverage listed in evidence_sources,,,FDA Orange Book products file; FDA Peganone (ethotoin) labeling (accessdata.fda.gov; NDA010841/S-022); https://www.accessdata.fda.gov/drugsatfda_docs/label/2010/010841s022lbl.pdf
info,fact_source_coverage,ethotoin,enzyme_inducing_or_inhibiting,Field has non-RCT source coverage listed in evidence_sources,,,FDA Orange Book products file; FDA Peganone (ethotoin) labeling (accessdata.fda.gov; NDA010841/S-022); https://www.accessdata.fda.gov/drugsatfda_docs/label/2010/010841s022lbl.pdf
info,fact_source_coverage,ethotoin,qt_interval_effect,Field has non-RCT source coverage listed in evidence_sources,,,FDA Orange Book products file; FDA Peganone (ethotoin) labeling (accessdata.fda.gov; NDA010841/S-022); https://www.accessdata.fda.gov/drugsatfda_docs/label/2010/010841s022lbl.pdf
info,fact_source_coverage,ethotoin,adverse_symptoms_percentages,Field has non-RCT source coverage listed in evidence_sources,,,FDA Orange Book products file; FDA Peganone (ethotoin) labeling (accessdata.fda.gov; NDA010841/S-022); https://www.accessdata.fda.gov/drugsatfda_docs/label/2010/010841s022lbl.pdf
info,fact_source_coverage,ethotoin,year_fda_cleared,Field has non-RCT source coverage listed in evidence_sources,,,FDA Orange Book products file; FDA Peganone (ethotoin) labeling (accessdata.fda.gov; NDA010841/S-022); https://www.accessdata.fda.gov/drugsatfda_docs/label/2010/010841s022lbl.pdf
info,fact_source_coverage,ethotoin,fda_black_box_warning,Field has non-RCT source coverage listed in evidence_sources,,,FDA Orange Book products file; FDA Peganone (ethotoin) labeling (accessdata.fda.gov; NDA010841/S-022); https://www.accessdata.fda.gov/drugsatfda_docs/label/2010/010841s022lbl.pdf
info,fact_source_coverage,ethotoin,fda_black_box_warning_source,Field has non-RCT source coverage listed in evidence_sources,,,FDA Orange Book products file; FDA Peganone (ethotoin) labeling (accessdata.fda.gov; NDA010841/S-022); https://www.accessdata.fda.gov/drugsatfda_docs/label/2010/010841s022lbl.pdf
info,fact_source_coverage,ethotoin,fda_black_box_warning_verified,Field has non-RCT source coverage listed in evidence_sources,,,FDA Orange Book products file; FDA Peganone (ethotoin) labeling (accessdata.fda.gov; NDA010841/S-022); https://www.accessdata.fda.gov/drugsatfda_docs/label/2010/010841s022lbl.pdf
info,fact_source_coverage,everolimus,trade_names,Field has non-RCT source coverage listed in evidence_sources,,,FDA/accessdata AFINITOR/AFINITOR DISPERZ labeling; https://www.accessdata.fda.gov/drugsatfda_docs/label/2022/203985s023%2C022334s051lbl.pdf; https://www.ema.europa.eu/en/medicines/human/EPAR/votubia; https://www.accessdata.fda.gov/drugsatfda_docs/label/2018/021560s021lbl.pdf; https://api.fda.gov/drug/label.json?search=openfda.spl_set_id%3A%2243ef3c29-0e25-4fdd-aea1-06a20af9bbab%22&limit=5
info,fact_source_coverage,everolimus,status_or_notes,Field has non-RCT source coverage listed in evidence_sources,,,FDA/accessdata AFINITOR/AFINITOR DISPERZ labeling; https://www.accessdata.fda.gov/drugsatfda_docs/label/2022/203985s023%2C022334s051lbl.pdf; https://www.ema.europa.eu/en/medicines/human/EPAR/votubia; https://www.accessdata.fda.gov/drugsatfda_docs/label/2018/021560s021lbl.pdf; https://api.fda.gov/drug/label.json?search=openfda.spl_set_id%3A%2243ef3c29-0e25-4fdd-aea1-06a20af9bbab%22&limit=5
info,fact_source_coverage,everolimus,available_in_us,Field has non-RCT source coverage listed in evidence_sources,,,FDA/accessdata AFINITOR/AFINITOR DISPERZ labeling; https://www.accessdata.fda.gov/drugsatfda_docs/label/2022/203985s023%2C022334s051lbl.pdf; https://www.ema.europa.eu/en/medicines/human/EPAR/votubia; https://www.accessdata.fda.gov/drugsatfda_docs/label/2018/021560s021lbl.pdf; https://api.fda.gov/drug/label.json?search=openfda.spl_set_id%3A%2243ef3c29-0e25-4fdd-aea1-06a20af9bbab%22&limit=5
info,fact_source_coverage,everolimus,epilepsy_type,Field has non-RCT source coverage listed in evidence_sources,,,FDA/accessdata AFINITOR/AFINITOR DISPERZ labeling; https://www.accessdata.fda.gov/drugsatfda_docs/label/2022/203985s023%2C022334s051lbl.pdf; https://www.ema.europa.eu/en/medicines/human/EPAR/votubia; https://www.accessdata.fda.gov/drugsatfda_docs/label/2018/021560s021lbl.pdf; https://api.fda.gov/drug/label.json?search=openfda.spl_set_id%3A%2243ef3c29-0e25-4fdd-aea1-06a20af9bbab%22&limit=5
info,fact_source_coverage,everolimus,mechanism_of_action,Field has non-RCT source coverage listed in evidence_sources,,,FDA/accessdata AFINITOR/AFINITOR DISPERZ labeling; https://www.accessdata.fda.gov/drugsatfda_docs/label/2022/203985s023%2C022334s051lbl.pdf; https://www.ema.europa.eu/en/medicines/human/EPAR/votubia; https://www.accessdata.fda.gov/drugsatfda_docs/label/2018/021560s021lbl.pdf; https://api.fda.gov/drug/label.json?search=openfda.spl_set_id%3A%2243ef3c29-0e25-4fdd-aea1-06a20af9bbab%22&limit=5
info,fact_source_coverage,everolimus,mechanism_source,Field has non-RCT source coverage listed in evidence_sources,,,FDA/accessdata AFINITOR/AFINITOR DISPERZ labeling; https://www.accessdata.fda.gov/drugsatfda_docs/label/2022/203985s023%2C022334s051lbl.pdf; https://www.ema.europa.eu/en/medicines/human/EPAR/votubia; https://www.accessdata.fda.gov/drugsatfda_docs/label/2018/021560s021lbl.pdf; https://api.fda.gov/drug/label.json?search=openfda.spl_set_id%3A%2243ef3c29-0e25-4fdd-aea1-06a20af9bbab%22&limit=5
info,fact_source_coverage,everolimus,mechanism_source_tier,Field has non-RCT source coverage listed in evidence_sources,,,FDA/accessdata AFINITOR/AFINITOR DISPERZ labeling; https://www.accessdata.fda.gov/drugsatfda_docs/label/2022/203985s023%2C022334s051lbl.pdf; https://www.ema.europa.eu/en/medicines/human/EPAR/votubia; https://www.accessdata.fda.gov/drugsatfda_docs/label/2018/021560s021lbl.pdf; https://api.fda.gov/drug/label.json?search=openfda.spl_set_id%3A%2243ef3c29-0e25-4fdd-aea1-06a20af9bbab%22&limit=5
info,fact_source_coverage,everolimus,mechanism_confidence,Field has non-RCT source coverage listed in evidence_sources,,,FDA/accessdata AFINITOR/AFINITOR DISPERZ labeling; https://www.accessdata.fda.gov/drugsatfda_docs/label/2022/203985s023%2C022334s051lbl.pdf; https://www.ema.europa.eu/en/medicines/human/EPAR/votubia; https://www.accessdata.fda.gov/drugsatfda_docs/label/2018/021560s021lbl.pdf; https://api.fda.gov/drug/label.json?search=openfda.spl_set_id%3A%2243ef3c29-0e25-4fdd-aea1-06a20af9bbab%22&limit=5
info,fact_source_coverage,everolimus,half_life_range,Field has non-RCT source coverage listed in evidence_sources,,,FDA/accessdata AFINITOR/AFINITOR DISPERZ labeling; https://www.accessdata.fda.gov/drugsatfda_docs/label/2022/203985s023%2C022334s051lbl.pdf; https://www.ema.europa.eu/en/medicines/human/EPAR/votubia; https://www.accessdata.fda.gov/drugsatfda_docs/label/2018/021560s021lbl.pdf; https://api.fda.gov/drug/label.json?search=openfda.spl_set_id%3A%2243ef3c29-0e25-4fdd-aea1-06a20af9bbab%22&limit=5
info,fact_source_coverage,everolimus,major_organ_for_metabolism,Field has non-RCT source coverage listed in evidence_sources,,,FDA/accessdata AFINITOR/AFINITOR DISPERZ labeling; https://www.accessdata.fda.gov/drugsatfda_docs/label/2022/203985s023%2C022334s051lbl.pdf; https://www.ema.europa.eu/en/medicines/human/EPAR/votubia; https://www.accessdata.fda.gov/drugsatfda_docs/label/2018/021560s021lbl.pdf; https://api.fda.gov/drug/label.json?search=openfda.spl_set_id%3A%2243ef3c29-0e25-4fdd-aea1-06a20af9bbab%22&limit=5
info,fact_source_coverage,everolimus,formulations_available,Field has non-RCT source coverage listed in evidence_sources,,,FDA/accessdata AFINITOR/AFINITOR DISPERZ labeling; https://www.accessdata.fda.gov/drugsatfda_docs/label/2022/203985s023%2C022334s051lbl.pdf; https://www.ema.europa.eu/en/medicines/human/EPAR/votubia; https://www.accessdata.fda.gov/drugsatfda_docs/label/2018/021560s021lbl.pdf; https://api.fda.gov/drug/label.json?search=openfda.spl_set_id%3A%2243ef3c29-0e25-4fdd-aea1-06a20af9bbab%22&limit=5
info,fact_source_coverage,everolimus,typical_doses_per_day,Field has non-RCT source coverage listed in evidence_sources,,,FDA/accessdata AFINITOR/AFINITOR DISPERZ labeling; https://www.accessdata.fda.gov/drugsatfda_docs/label/2022/203985s023%2C022334s051lbl.pdf; https://www.ema.europa.eu/en/medicines/human/EPAR/votubia; https://www.accessdata.fda.gov/drugsatfda_docs/label/2018/021560s021lbl.pdf; https://api.fda.gov/drug/label.json?search=openfda.spl_set_id%3A%2243ef3c29-0e25-4fdd-aea1-06a20af9bbab%22&limit=5
info,fact_source_coverage,everolimus,minimum_effective_dose,Field has non-RCT source coverage listed in evidence_sources,,,FDA/accessdata AFINITOR/AFINITOR DISPERZ labeling; https://www.accessdata.fda.gov/drugsatfda_docs/label/2022/203985s023%2C022334s051lbl.pdf; https://www.ema.europa.eu/en/medicines/human/EPAR/votubia; https://www.accessdata.fda.gov/drugsatfda_docs/label/2018/021560s021lbl.pdf; https://api.fda.gov/drug/label.json?search=openfda.spl_set_id%3A%2243ef3c29-0e25-4fdd-aea1-06a20af9bbab%22&limit=5
info,fact_source_coverage,everolimus,maximum_approved_daily_dose,Field has non-RCT source coverage listed in evidence_sources,,,FDA/accessdata AFINITOR/AFINITOR DISPERZ labeling; https://www.accessdata.fda.gov/drugsatfda_docs/label/2022/203985s023%2C022334s051lbl.pdf; https://www.ema.europa.eu/en/medicines/human/EPAR/votubia; https://www.accessdata.fda.gov/drugsatfda_docs/label/2018/021560s021lbl.pdf; https://api.fda.gov/drug/label.json?search=openfda.spl_set_id%3A%2243ef3c29-0e25-4fdd-aea1-06a20af9bbab%22&limit=5
info,fact_source_coverage,everolimus,enzyme_inducing_or_inhibiting,Field has non-RCT source coverage listed in evidence_sources,,,FDA/accessdata AFINITOR/AFINITOR DISPERZ labeling; https://www.accessdata.fda.gov/drugsatfda_docs/label/2022/203985s023%2C022334s051lbl.pdf; https://www.ema.europa.eu/en/medicines/human/EPAR/votubia; https://www.accessdata.fda.gov/drugsatfda_docs/label/2018/021560s021lbl.pdf; https://api.fda.gov/drug/label.json?search=openfda.spl_set_id%3A%2243ef3c29-0e25-4fdd-aea1-06a20af9bbab%22&limit=5
info,fact_source_coverage,everolimus,qt_interval_effect,Field has non-RCT source coverage listed in evidence_sources,,,FDA/accessdata AFINITOR/AFINITOR DISPERZ labeling; https://www.accessdata.fda.gov/drugsatfda_docs/label/2022/203985s023%2C022334s051lbl.pdf; https://www.ema.europa.eu/en/medicines/human/EPAR/votubia; https://www.accessdata.fda.gov/drugsatfda_docs/label/2018/021560s021lbl.pdf; https://api.fda.gov/drug/label.json?search=openfda.spl_set_id%3A%2243ef3c29-0e25-4fdd-aea1-06a20af9bbab%22&limit=5
info,fact_source_coverage,everolimus,adverse_symptoms_percentages,Field has non-RCT source coverage listed in evidence_sources,,,FDA/accessdata AFINITOR/AFINITOR DISPERZ labeling; https://www.accessdata.fda.gov/drugsatfda_docs/label/2022/203985s023%2C022334s051lbl.pdf; https://www.ema.europa.eu/en/medicines/human/EPAR/votubia; https://www.accessdata.fda.gov/drugsatfda_docs/label/2018/021560s021lbl.pdf; https://api.fda.gov/drug/label.json?search=openfda.spl_set_id%3A%2243ef3c29-0e25-4fdd-aea1-06a20af9bbab%22&limit=5
info,fact_source_coverage,everolimus,year_fda_cleared,Field has non-RCT source coverage listed in evidence_sources,,,FDA/accessdata AFINITOR/AFINITOR DISPERZ labeling; https://www.accessdata.fda.gov/drugsatfda_docs/label/2022/203985s023%2C022334s051lbl.pdf; https://www.ema.europa.eu/en/medicines/human/EPAR/votubia; https://www.accessdata.fda.gov/drugsatfda_docs/label/2018/021560s021lbl.pdf; https://api.fda.gov/drug/label.json?search=openfda.spl_set_id%3A%2243ef3c29-0e25-4fdd-aea1-06a20af9bbab%22&limit=5
info,fact_source_coverage,everolimus,fda_black_box_warning,Field has non-RCT source coverage listed in evidence_sources,,,FDA/accessdata AFINITOR/AFINITOR DISPERZ labeling; https://www.accessdata.fda.gov/drugsatfda_docs/label/2022/203985s023%2C022334s051lbl.pdf; https://www.ema.europa.eu/en/medicines/human/EPAR/votubia; https://www.accessdata.fda.gov/drugsatfda_docs/label/2018/021560s021lbl.pdf; https://api.fda.gov/drug/label.json?search=openfda.spl_set_id%3A%2243ef3c29-0e25-4fdd-aea1-06a20af9bbab%22&limit=5
info,fact_source_coverage,everolimus,fda_black_box_warning_source,Field has non-RCT source coverage listed in evidence_sources,,,FDA/accessdata AFINITOR/AFINITOR DISPERZ labeling; https://www.accessdata.fda.gov/drugsatfda_docs/label/2022/203985s023%2C022334s051lbl.pdf; https://www.ema.europa.eu/en/medicines/human/EPAR/votubia; https://www.accessdata.fda.gov/drugsatfda_docs/label/2018/021560s021lbl.pdf; https://api.fda.gov/drug/label.json?search=openfda.spl_set_id%3A%2243ef3c29-0e25-4fdd-aea1-06a20af9bbab%22&limit=5
info,fact_source_coverage,everolimus,fda_black_box_warning_verified,Field has non-RCT source coverage listed in evidence_sources,,,FDA/accessdata AFINITOR/AFINITOR DISPERZ labeling; https://www.accessdata.fda.gov/drugsatfda_docs/label/2022/203985s023%2C022334s051lbl.pdf; https://www.ema.europa.eu/en/medicines/human/EPAR/votubia; https://www.accessdata.fda.gov/drugsatfda_docs/label/2018/021560s021lbl.pdf; https://api.fda.gov/drug/label.json?search=openfda.spl_set_id%3A%2243ef3c29-0e25-4fdd-aea1-06a20af9bbab%22&limit=5
info,fact_source_coverage,ezogabine,trade_names,Field has non-RCT source coverage listed in evidence_sources,,,EMA Trobalt withdrawal page; ILAE/GSK discontinuation notice
info,fact_source_coverage,ezogabine,status_or_notes,Field has non-RCT source coverage listed in evidence_sources,,,EMA Trobalt withdrawal page; ILAE/GSK discontinuation notice
info,fact_source_coverage,ezogabine,available_in_us,Field has non-RCT source coverage listed in evidence_sources,,,EMA Trobalt withdrawal page; ILAE/GSK discontinuation notice
info,fact_source_coverage,ezogabine,epilepsy_type,Field has non-RCT source coverage listed in evidence_sources,,,EMA Trobalt withdrawal page; ILAE/GSK discontinuation notice
info,fact_source_coverage,ezogabine,mechanism_of_action,Field has non-RCT source coverage listed in evidence_sources,,,EMA Trobalt withdrawal page; ILAE/GSK discontinuation notice
info,fact_source_coverage,ezogabine,mechanism_source,Field has non-RCT source coverage listed in evidence_sources,,,EMA Trobalt withdrawal page; ILAE/GSK discontinuation notice
info,fact_source_coverage,ezogabine,mechanism_source_tier,Field has non-RCT source coverage listed in evidence_sources,,,EMA Trobalt withdrawal page; ILAE/GSK discontinuation notice
info,fact_source_coverage,ezogabine,mechanism_confidence,Field has non-RCT source coverage listed in evidence_sources,,,EMA Trobalt withdrawal page; ILAE/GSK discontinuation notice
info,fact_source_coverage,ezogabine,half_life_range,Field has non-RCT source coverage listed in evidence_sources,,,EMA Trobalt withdrawal page; ILAE/GSK discontinuation notice
info,fact_source_coverage,ezogabine,major_organ_for_metabolism,Field has non-RCT source coverage listed in evidence_sources,,,EMA Trobalt withdrawal page; ILAE/GSK discontinuation notice
info,fact_source_coverage,ezogabine,formulations_available,Field has non-RCT source coverage listed in evidence_sources,,,EMA Trobalt withdrawal page; ILAE/GSK discontinuation notice
info,fact_source_coverage,ezogabine,typical_doses_per_day,Field has non-RCT source coverage listed in evidence_sources,,,EMA Trobalt withdrawal page; ILAE/GSK discontinuation notice
info,fact_source_coverage,ezogabine,minimum_effective_dose,Field has non-RCT source coverage listed in evidence_sources,,,EMA Trobalt withdrawal page; ILAE/GSK discontinuation notice
info,fact_source_coverage,ezogabine,maximum_approved_daily_dose,Field has non-RCT source coverage listed in evidence_sources,,,EMA Trobalt withdrawal page; ILAE/GSK discontinuation notice
info,fact_source_coverage,ezogabine,enzyme_inducing_or_inhibiting,Field has non-RCT source coverage listed in evidence_sources,,,EMA Trobalt withdrawal page; ILAE/GSK discontinuation notice
info,fact_source_coverage,ezogabine,qt_interval_effect,Field has non-RCT source coverage listed in evidence_sources,,,EMA Trobalt withdrawal page; ILAE/GSK discontinuation notice
info,fact_source_coverage,ezogabine,adverse_symptoms_percentages,Field has non-RCT source coverage listed in evidence_sources,,,EMA Trobalt withdrawal page; ILAE/GSK discontinuation notice
info,fact_source_coverage,ezogabine,year_fda_cleared,Field has non-RCT source coverage listed in evidence_sources,,,EMA Trobalt withdrawal page; ILAE/GSK discontinuation notice
info,fact_source_coverage,ezogabine,fda_black_box_warning,Field has non-RCT source coverage listed in evidence_sources,,,EMA Trobalt withdrawal page; ILAE/GSK discontinuation notice
info,fact_source_coverage,ezogabine,fda_black_box_warning_source,Field has non-RCT source coverage listed in evidence_sources,,,EMA Trobalt withdrawal page; ILAE/GSK discontinuation notice
info,fact_source_coverage,ezogabine,fda_black_box_warning_verified,Field has non-RCT source coverage listed in evidence_sources,,,EMA Trobalt withdrawal page; ILAE/GSK discontinuation notice
info,fact_source_coverage,felbamate,trade_names,Field has non-RCT source coverage listed in evidence_sources,,,https://www.accessdata.fda.gov/drugsatfda_docs/label/2012/020189s027lbl.pdf; FDA prescribing information (https://www.accessdata.fda.gov/drugsatfda_docs/label/2012/020189s027lbl.pdf)
info,fact_source_coverage,felbamate,status_or_notes,Field has non-RCT source coverage listed in evidence_sources,,,https://www.accessdata.fda.gov/drugsatfda_docs/label/2012/020189s027lbl.pdf; FDA prescribing information (https://www.accessdata.fda.gov/drugsatfda_docs/label/2012/020189s027lbl.pdf)
info,fact_source_coverage,felbamate,available_in_us,Field has non-RCT source coverage listed in evidence_sources,,,https://www.accessdata.fda.gov/drugsatfda_docs/label/2012/020189s027lbl.pdf; FDA prescribing information (https://www.accessdata.fda.gov/drugsatfda_docs/label/2012/020189s027lbl.pdf)
info,fact_source_coverage,felbamate,epilepsy_type,Field has non-RCT source coverage listed in evidence_sources,,,https://www.accessdata.fda.gov/drugsatfda_docs/label/2012/020189s027lbl.pdf; FDA prescribing information (https://www.accessdata.fda.gov/drugsatfda_docs/label/2012/020189s027lbl.pdf)
info,fact_source_coverage,felbamate,mechanism_of_action,Field has non-RCT source coverage listed in evidence_sources,,,https://www.accessdata.fda.gov/drugsatfda_docs/label/2012/020189s027lbl.pdf; FDA prescribing information (https://www.accessdata.fda.gov/drugsatfda_docs/label/2012/020189s027lbl.pdf)
info,fact_source_coverage,felbamate,mechanism_source,Field has non-RCT source coverage listed in evidence_sources,,,https://www.accessdata.fda.gov/drugsatfda_docs/label/2012/020189s027lbl.pdf; FDA prescribing information (https://www.accessdata.fda.gov/drugsatfda_docs/label/2012/020189s027lbl.pdf)
info,fact_source_coverage,felbamate,mechanism_source_tier,Field has non-RCT source coverage listed in evidence_sources,,,https://www.accessdata.fda.gov/drugsatfda_docs/label/2012/020189s027lbl.pdf; FDA prescribing information (https://www.accessdata.fda.gov/drugsatfda_docs/label/2012/020189s027lbl.pdf)
info,fact_source_coverage,felbamate,mechanism_confidence,Field has non-RCT source coverage listed in evidence_sources,,,https://www.accessdata.fda.gov/drugsatfda_docs/label/2012/020189s027lbl.pdf; FDA prescribing information (https://www.accessdata.fda.gov/drugsatfda_docs/label/2012/020189s027lbl.pdf)
info,fact_source_coverage,felbamate,half_life_range,Field has non-RCT source coverage listed in evidence_sources,,,https://www.accessdata.fda.gov/drugsatfda_docs/label/2012/020189s027lbl.pdf; FDA prescribing information (https://www.accessdata.fda.gov/drugsatfda_docs/label/2012/020189s027lbl.pdf)
info,fact_source_coverage,felbamate,major_organ_for_metabolism,Field has non-RCT source coverage listed in evidence_sources,,,https://www.accessdata.fda.gov/drugsatfda_docs/label/2012/020189s027lbl.pdf; FDA prescribing information (https://www.accessdata.fda.gov/drugsatfda_docs/label/2012/020189s027lbl.pdf)
info,fact_source_coverage,felbamate,formulations_available,Field has non-RCT source coverage listed in evidence_sources,,,https://www.accessdata.fda.gov/drugsatfda_docs/label/2012/020189s027lbl.pdf; FDA prescribing information (https://www.accessdata.fda.gov/drugsatfda_docs/label/2012/020189s027lbl.pdf)
info,fact_source_coverage,felbamate,typical_doses_per_day,Field has non-RCT source coverage listed in evidence_sources,,,https://www.accessdata.fda.gov/drugsatfda_docs/label/2012/020189s027lbl.pdf; FDA prescribing information (https://www.accessdata.fda.gov/drugsatfda_docs/label/2012/020189s027lbl.pdf)
info,fact_source_coverage,felbamate,minimum_effective_dose,Field has non-RCT source coverage listed in evidence_sources,,,https://www.accessdata.fda.gov/drugsatfda_docs/label/2012/020189s027lbl.pdf; FDA prescribing information (https://www.accessdata.fda.gov/drugsatfda_docs/label/2012/020189s027lbl.pdf)
info,fact_source_coverage,felbamate,maximum_approved_daily_dose,Field has non-RCT source coverage listed in evidence_sources,,,https://www.accessdata.fda.gov/drugsatfda_docs/label/2012/020189s027lbl.pdf; FDA prescribing information (https://www.accessdata.fda.gov/drugsatfda_docs/label/2012/020189s027lbl.pdf)
info,fact_source_coverage,felbamate,enzyme_inducing_or_inhibiting,Field has non-RCT source coverage listed in evidence_sources,,,https://www.accessdata.fda.gov/drugsatfda_docs/label/2012/020189s027lbl.pdf; FDA prescribing information (https://www.accessdata.fda.gov/drugsatfda_docs/label/2012/020189s027lbl.pdf)
info,fact_source_coverage,felbamate,qt_interval_effect,Field has non-RCT source coverage listed in evidence_sources,,,https://www.accessdata.fda.gov/drugsatfda_docs/label/2012/020189s027lbl.pdf; FDA prescribing information (https://www.accessdata.fda.gov/drugsatfda_docs/label/2012/020189s027lbl.pdf)
info,fact_source_coverage,felbamate,adverse_symptoms_percentages,Field has non-RCT source coverage listed in evidence_sources,,,https://www.accessdata.fda.gov/drugsatfda_docs/label/2012/020189s027lbl.pdf; FDA prescribing information (https://www.accessdata.fda.gov/drugsatfda_docs/label/2012/020189s027lbl.pdf)
info,fact_source_coverage,felbamate,year_fda_cleared,Field has non-RCT source coverage listed in evidence_sources,,,https://www.accessdata.fda.gov/drugsatfda_docs/label/2012/020189s027lbl.pdf; FDA prescribing information (https://www.accessdata.fda.gov/drugsatfda_docs/label/2012/020189s027lbl.pdf)
info,fact_source_coverage,felbamate,fda_black_box_warning,Field has non-RCT source coverage listed in evidence_sources,,,https://www.accessdata.fda.gov/drugsatfda_docs/label/2012/020189s027lbl.pdf; FDA prescribing information (https://www.accessdata.fda.gov/drugsatfda_docs/label/2012/020189s027lbl.pdf)
info,fact_source_coverage,felbamate,fda_black_box_warning_source,Field has non-RCT source coverage listed in evidence_sources,,,https://www.accessdata.fda.gov/drugsatfda_docs/label/2012/020189s027lbl.pdf; FDA prescribing information (https://www.accessdata.fda.gov/drugsatfda_docs/label/2012/020189s027lbl.pdf)
info,fact_source_coverage,felbamate,fda_black_box_warning_verified,Field has non-RCT source coverage listed in evidence_sources,,,https://www.accessdata.fda.gov/drugsatfda_docs/label/2012/020189s027lbl.pdf; FDA prescribing information (https://www.accessdata.fda.gov/drugsatfda_docs/label/2012/020189s027lbl.pdf)
info,fact_source_coverage,fenfluramine,trade_names,Field has non-RCT source coverage listed in evidence_sources,,,https://www.accessdata.fda.gov/drugsatfda_docs/label/2025/212102s016lbl.pdf; FDA prescribing information (https://www.accessdata.fda.gov/drugsatfda_docs/label/2025/212102s016lbl.pdf)
info,fact_source_coverage,fenfluramine,status_or_notes,Field has non-RCT source coverage listed in evidence_sources,,,https://www.accessdata.fda.gov/drugsatfda_docs/label/2025/212102s016lbl.pdf; FDA prescribing information (https://www.accessdata.fda.gov/drugsatfda_docs/label/2025/212102s016lbl.pdf)
info,fact_source_coverage,fenfluramine,available_in_us,Field has non-RCT source coverage listed in evidence_sources,,,https://www.accessdata.fda.gov/drugsatfda_docs/label/2025/212102s016lbl.pdf; FDA prescribing information (https://www.accessdata.fda.gov/drugsatfda_docs/label/2025/212102s016lbl.pdf)
info,fact_source_coverage,fenfluramine,epilepsy_type,Field has non-RCT source coverage listed in evidence_sources,,,https://www.accessdata.fda.gov/drugsatfda_docs/label/2025/212102s016lbl.pdf; FDA prescribing information (https://www.accessdata.fda.gov/drugsatfda_docs/label/2025/212102s016lbl.pdf)
info,fact_source_coverage,fenfluramine,mechanism_of_action,Field has non-RCT source coverage listed in evidence_sources,,,https://www.accessdata.fda.gov/drugsatfda_docs/label/2025/212102s016lbl.pdf; FDA prescribing information (https://www.accessdata.fda.gov/drugsatfda_docs/label/2025/212102s016lbl.pdf)
info,fact_source_coverage,fenfluramine,mechanism_source,Field has non-RCT source coverage listed in evidence_sources,,,https://www.accessdata.fda.gov/drugsatfda_docs/label/2025/212102s016lbl.pdf; FDA prescribing information (https://www.accessdata.fda.gov/drugsatfda_docs/label/2025/212102s016lbl.pdf)
info,fact_source_coverage,fenfluramine,mechanism_source_tier,Field has non-RCT source coverage listed in evidence_sources,,,https://www.accessdata.fda.gov/drugsatfda_docs/label/2025/212102s016lbl.pdf; FDA prescribing information (https://www.accessdata.fda.gov/drugsatfda_docs/label/2025/212102s016lbl.pdf)
info,fact_source_coverage,fenfluramine,mechanism_confidence,Field has non-RCT source coverage listed in evidence_sources,,,https://www.accessdata.fda.gov/drugsatfda_docs/label/2025/212102s016lbl.pdf; FDA prescribing information (https://www.accessdata.fda.gov/drugsatfda_docs/label/2025/212102s016lbl.pdf)
info,fact_source_coverage,fenfluramine,half_life_range,Field has non-RCT source coverage listed in evidence_sources,,,https://www.accessdata.fda.gov/drugsatfda_docs/label/2025/212102s016lbl.pdf; FDA prescribing information (https://www.accessdata.fda.gov/drugsatfda_docs/label/2025/212102s016lbl.pdf)
info,fact_source_coverage,fenfluramine,major_organ_for_metabolism,Field has non-RCT source coverage listed in evidence_sources,,,https://www.accessdata.fda.gov/drugsatfda_docs/label/2025/212102s016lbl.pdf; FDA prescribing information (https://www.accessdata.fda.gov/drugsatfda_docs/label/2025/212102s016lbl.pdf)
info,fact_source_coverage,fenfluramine,formulations_available,Field has non-RCT source coverage listed in evidence_sources,,,https://www.accessdata.fda.gov/drugsatfda_docs/label/2025/212102s016lbl.pdf; FDA prescribing information (https://www.accessdata.fda.gov/drugsatfda_docs/label/2025/212102s016lbl.pdf)
info,fact_source_coverage,fenfluramine,typical_doses_per_day,Field has non-RCT source coverage listed in evidence_sources,,,https://www.accessdata.fda.gov/drugsatfda_docs/label/2025/212102s016lbl.pdf; FDA prescribing information (https://www.accessdata.fda.gov/drugsatfda_docs/label/2025/212102s016lbl.pdf)
info,fact_source_coverage,fenfluramine,minimum_effective_dose,Field has non-RCT source coverage listed in evidence_sources,,,https://www.accessdata.fda.gov/drugsatfda_docs/label/2025/212102s016lbl.pdf; FDA prescribing information (https://www.accessdata.fda.gov/drugsatfda_docs/label/2025/212102s016lbl.pdf)
info,fact_source_coverage,fenfluramine,maximum_approved_daily_dose,Field has non-RCT source coverage listed in evidence_sources,,,https://www.accessdata.fda.gov/drugsatfda_docs/label/2025/212102s016lbl.pdf; FDA prescribing information (https://www.accessdata.fda.gov/drugsatfda_docs/label/2025/212102s016lbl.pdf)
info,fact_source_coverage,fenfluramine,enzyme_inducing_or_inhibiting,Field has non-RCT source coverage listed in evidence_sources,,,https://www.accessdata.fda.gov/drugsatfda_docs/label/2025/212102s016lbl.pdf; FDA prescribing information (https://www.accessdata.fda.gov/drugsatfda_docs/label/2025/212102s016lbl.pdf)
info,fact_source_coverage,fenfluramine,qt_interval_effect,Field has non-RCT source coverage listed in evidence_sources,,,https://www.accessdata.fda.gov/drugsatfda_docs/label/2025/212102s016lbl.pdf; FDA prescribing information (https://www.accessdata.fda.gov/drugsatfda_docs/label/2025/212102s016lbl.pdf)
info,fact_source_coverage,fenfluramine,adverse_symptoms_percentages,Field has non-RCT source coverage listed in evidence_sources,,,https://www.accessdata.fda.gov/drugsatfda_docs/label/2025/212102s016lbl.pdf; FDA prescribing information (https://www.accessdata.fda.gov/drugsatfda_docs/label/2025/212102s016lbl.pdf)
info,fact_source_coverage,fenfluramine,year_fda_cleared,Field has non-RCT source coverage listed in evidence_sources,,,https://www.accessdata.fda.gov/drugsatfda_docs/label/2025/212102s016lbl.pdf; FDA prescribing information (https://www.accessdata.fda.gov/drugsatfda_docs/label/2025/212102s016lbl.pdf)
info,fact_source_coverage,fenfluramine,fda_black_box_warning,Field has non-RCT source coverage listed in evidence_sources,,,https://www.accessdata.fda.gov/drugsatfda_docs/label/2025/212102s016lbl.pdf; FDA prescribing information (https://www.accessdata.fda.gov/drugsatfda_docs/label/2025/212102s016lbl.pdf)
info,fact_source_coverage,fenfluramine,fda_black_box_warning_source,Field has non-RCT source coverage listed in evidence_sources,,,https://www.accessdata.fda.gov/drugsatfda_docs/label/2025/212102s016lbl.pdf; FDA prescribing information (https://www.accessdata.fda.gov/drugsatfda_docs/label/2025/212102s016lbl.pdf)
info,fact_source_coverage,fenfluramine,fda_black_box_warning_verified,Field has non-RCT source coverage listed in evidence_sources,,,https://www.accessdata.fda.gov/drugsatfda_docs/label/2025/212102s016lbl.pdf; FDA prescribing information (https://www.accessdata.fda.gov/drugsatfda_docs/label/2025/212102s016lbl.pdf)
info,fact_source_coverage,fosphenytoin,trade_names,Field has non-RCT source coverage listed in evidence_sources,,,FDA/accessdata CEREBYX prescribing information; https://www.accessdata.fda.gov/drugsatfda_docs/label/2019/020450s039lbl.pdf; https://www.medicines.org.uk/emc/medicine/13310/SPC/pro-epanutin%20concentrate%20for%20infusion%20~%20solution%20for%20injection; https://api.fda.gov/drug/label.json?search=openfda.spl_set_id%3A%22d4c36fad-0ba2-4cd4-9c5e-dcf843f38a5a%22&limit=5; https://www.accessdata.fda.gov/drugsatfda_docs/nda/2021/210864Orig1s000OtherR.pdf
info,fact_source_coverage,fosphenytoin,status_or_notes,Field has non-RCT source coverage listed in evidence_sources,,,FDA/accessdata CEREBYX prescribing information; https://www.accessdata.fda.gov/drugsatfda_docs/label/2019/020450s039lbl.pdf; https://www.medicines.org.uk/emc/medicine/13310/SPC/pro-epanutin%20concentrate%20for%20infusion%20~%20solution%20for%20injection; https://api.fda.gov/drug/label.json?search=openfda.spl_set_id%3A%22d4c36fad-0ba2-4cd4-9c5e-dcf843f38a5a%22&limit=5; https://www.accessdata.fda.gov/drugsatfda_docs/nda/2021/210864Orig1s000OtherR.pdf
info,fact_source_coverage,fosphenytoin,available_in_us,Field has non-RCT source coverage listed in evidence_sources,,,FDA/accessdata CEREBYX prescribing information; https://www.accessdata.fda.gov/drugsatfda_docs/label/2019/020450s039lbl.pdf; https://www.medicines.org.uk/emc/medicine/13310/SPC/pro-epanutin%20concentrate%20for%20infusion%20~%20solution%20for%20injection; https://api.fda.gov/drug/label.json?search=openfda.spl_set_id%3A%22d4c36fad-0ba2-4cd4-9c5e-dcf843f38a5a%22&limit=5; https://www.accessdata.fda.gov/drugsatfda_docs/nda/2021/210864Orig1s000OtherR.pdf
info,fact_source_coverage,fosphenytoin,epilepsy_type,Field has non-RCT source coverage listed in evidence_sources,,,FDA/accessdata CEREBYX prescribing information; https://www.accessdata.fda.gov/drugsatfda_docs/label/2019/020450s039lbl.pdf; https://www.medicines.org.uk/emc/medicine/13310/SPC/pro-epanutin%20concentrate%20for%20infusion%20~%20solution%20for%20injection; https://api.fda.gov/drug/label.json?search=openfda.spl_set_id%3A%22d4c36fad-0ba2-4cd4-9c5e-dcf843f38a5a%22&limit=5; https://www.accessdata.fda.gov/drugsatfda_docs/nda/2021/210864Orig1s000OtherR.pdf
info,fact_source_coverage,fosphenytoin,mechanism_of_action,Field has non-RCT source coverage listed in evidence_sources,,,FDA/accessdata CEREBYX prescribing information; https://www.accessdata.fda.gov/drugsatfda_docs/label/2019/020450s039lbl.pdf; https://www.medicines.org.uk/emc/medicine/13310/SPC/pro-epanutin%20concentrate%20for%20infusion%20~%20solution%20for%20injection; https://api.fda.gov/drug/label.json?search=openfda.spl_set_id%3A%22d4c36fad-0ba2-4cd4-9c5e-dcf843f38a5a%22&limit=5; https://www.accessdata.fda.gov/drugsatfda_docs/nda/2021/210864Orig1s000OtherR.pdf
info,fact_source_coverage,fosphenytoin,mechanism_source,Field has non-RCT source coverage listed in evidence_sources,,,FDA/accessdata CEREBYX prescribing information; https://www.accessdata.fda.gov/drugsatfda_docs/label/2019/020450s039lbl.pdf; https://www.medicines.org.uk/emc/medicine/13310/SPC/pro-epanutin%20concentrate%20for%20infusion%20~%20solution%20for%20injection; https://api.fda.gov/drug/label.json?search=openfda.spl_set_id%3A%22d4c36fad-0ba2-4cd4-9c5e-dcf843f38a5a%22&limit=5; https://www.accessdata.fda.gov/drugsatfda_docs/nda/2021/210864Orig1s000OtherR.pdf
info,fact_source_coverage,fosphenytoin,mechanism_source_tier,Field has non-RCT source coverage listed in evidence_sources,,,FDA/accessdata CEREBYX prescribing information; https://www.accessdata.fda.gov/drugsatfda_docs/label/2019/020450s039lbl.pdf; https://www.medicines.org.uk/emc/medicine/13310/SPC/pro-epanutin%20concentrate%20for%20infusion%20~%20solution%20for%20injection; https://api.fda.gov/drug/label.json?search=openfda.spl_set_id%3A%22d4c36fad-0ba2-4cd4-9c5e-dcf843f38a5a%22&limit=5; https://www.accessdata.fda.gov/drugsatfda_docs/nda/2021/210864Orig1s000OtherR.pdf
info,fact_source_coverage,fosphenytoin,mechanism_confidence,Field has non-RCT source coverage listed in evidence_sources,,,FDA/accessdata CEREBYX prescribing information; https://www.accessdata.fda.gov/drugsatfda_docs/label/2019/020450s039lbl.pdf; https://www.medicines.org.uk/emc/medicine/13310/SPC/pro-epanutin%20concentrate%20for%20infusion%20~%20solution%20for%20injection; https://api.fda.gov/drug/label.json?search=openfda.spl_set_id%3A%22d4c36fad-0ba2-4cd4-9c5e-dcf843f38a5a%22&limit=5; https://www.accessdata.fda.gov/drugsatfda_docs/nda/2021/210864Orig1s000OtherR.pdf
info,fact_source_coverage,fosphenytoin,half_life_range,Field has non-RCT source coverage listed in evidence_sources,,,FDA/accessdata CEREBYX prescribing information; https://www.accessdata.fda.gov/drugsatfda_docs/label/2019/020450s039lbl.pdf; https://www.medicines.org.uk/emc/medicine/13310/SPC/pro-epanutin%20concentrate%20for%20infusion%20~%20solution%20for%20injection; https://api.fda.gov/drug/label.json?search=openfda.spl_set_id%3A%22d4c36fad-0ba2-4cd4-9c5e-dcf843f38a5a%22&limit=5; https://www.accessdata.fda.gov/drugsatfda_docs/nda/2021/210864Orig1s000OtherR.pdf
info,fact_source_coverage,fosphenytoin,major_organ_for_metabolism,Field has non-RCT source coverage listed in evidence_sources,,,FDA/accessdata CEREBYX prescribing information; https://www.accessdata.fda.gov/drugsatfda_docs/label/2019/020450s039lbl.pdf; https://www.medicines.org.uk/emc/medicine/13310/SPC/pro-epanutin%20concentrate%20for%20infusion%20~%20solution%20for%20injection; https://api.fda.gov/drug/label.json?search=openfda.spl_set_id%3A%22d4c36fad-0ba2-4cd4-9c5e-dcf843f38a5a%22&limit=5; https://www.accessdata.fda.gov/drugsatfda_docs/nda/2021/210864Orig1s000OtherR.pdf
info,fact_source_coverage,fosphenytoin,formulations_available,Field has non-RCT source coverage listed in evidence_sources,,,FDA/accessdata CEREBYX prescribing information; https://www.accessdata.fda.gov/drugsatfda_docs/label/2019/020450s039lbl.pdf; https://www.medicines.org.uk/emc/medicine/13310/SPC/pro-epanutin%20concentrate%20for%20infusion%20~%20solution%20for%20injection; https://api.fda.gov/drug/label.json?search=openfda.spl_set_id%3A%22d4c36fad-0ba2-4cd4-9c5e-dcf843f38a5a%22&limit=5; https://www.accessdata.fda.gov/drugsatfda_docs/nda/2021/210864Orig1s000OtherR.pdf
info,fact_source_coverage,fosphenytoin,typical_doses_per_day,Field has non-RCT source coverage listed in evidence_sources,,,FDA/accessdata CEREBYX prescribing information; https://www.accessdata.fda.gov/drugsatfda_docs/label/2019/020450s039lbl.pdf; https://www.medicines.org.uk/emc/medicine/13310/SPC/pro-epanutin%20concentrate%20for%20infusion%20~%20solution%20for%20injection; https://api.fda.gov/drug/label.json?search=openfda.spl_set_id%3A%22d4c36fad-0ba2-4cd4-9c5e-dcf843f38a5a%22&limit=5; https://www.accessdata.fda.gov/drugsatfda_docs/nda/2021/210864Orig1s000OtherR.pdf
info,fact_source_coverage,fosphenytoin,minimum_effective_dose,Field has non-RCT source coverage listed in evidence_sources,,,FDA/accessdata CEREBYX prescribing information; https://www.accessdata.fda.gov/drugsatfda_docs/label/2019/020450s039lbl.pdf; https://www.medicines.org.uk/emc/medicine/13310/SPC/pro-epanutin%20concentrate%20for%20infusion%20~%20solution%20for%20injection; https://api.fda.gov/drug/label.json?search=openfda.spl_set_id%3A%22d4c36fad-0ba2-4cd4-9c5e-dcf843f38a5a%22&limit=5; https://www.accessdata.fda.gov/drugsatfda_docs/nda/2021/210864Orig1s000OtherR.pdf
info,fact_source_coverage,fosphenytoin,maximum_approved_daily_dose,Field has non-RCT source coverage listed in evidence_sources,,,FDA/accessdata CEREBYX prescribing information; https://www.accessdata.fda.gov/drugsatfda_docs/label/2019/020450s039lbl.pdf; https://www.medicines.org.uk/emc/medicine/13310/SPC/pro-epanutin%20concentrate%20for%20infusion%20~%20solution%20for%20injection; https://api.fda.gov/drug/label.json?search=openfda.spl_set_id%3A%22d4c36fad-0ba2-4cd4-9c5e-dcf843f38a5a%22&limit=5; https://www.accessdata.fda.gov/drugsatfda_docs/nda/2021/210864Orig1s000OtherR.pdf
info,fact_source_coverage,fosphenytoin,enzyme_inducing_or_inhibiting,Field has non-RCT source coverage listed in evidence_sources,,,FDA/accessdata CEREBYX prescribing information; https://www.accessdata.fda.gov/drugsatfda_docs/label/2019/020450s039lbl.pdf; https://www.medicines.org.uk/emc/medicine/13310/SPC/pro-epanutin%20concentrate%20for%20infusion%20~%20solution%20for%20injection; https://api.fda.gov/drug/label.json?search=openfda.spl_set_id%3A%22d4c36fad-0ba2-4cd4-9c5e-dcf843f38a5a%22&limit=5; https://www.accessdata.fda.gov/drugsatfda_docs/nda/2021/210864Orig1s000OtherR.pdf
info,fact_source_coverage,fosphenytoin,qt_interval_effect,Field has non-RCT source coverage listed in evidence_sources,,,FDA/accessdata CEREBYX prescribing information; https://www.accessdata.fda.gov/drugsatfda_docs/label/2019/020450s039lbl.pdf; https://www.medicines.org.uk/emc/medicine/13310/SPC/pro-epanutin%20concentrate%20for%20infusion%20~%20solution%20for%20injection; https://api.fda.gov/drug/label.json?search=openfda.spl_set_id%3A%22d4c36fad-0ba2-4cd4-9c5e-dcf843f38a5a%22&limit=5; https://www.accessdata.fda.gov/drugsatfda_docs/nda/2021/210864Orig1s000OtherR.pdf
info,fact_source_coverage,fosphenytoin,adverse_symptoms_percentages,Field has non-RCT source coverage listed in evidence_sources,,,FDA/accessdata CEREBYX prescribing information; https://www.accessdata.fda.gov/drugsatfda_docs/label/2019/020450s039lbl.pdf; https://www.medicines.org.uk/emc/medicine/13310/SPC/pro-epanutin%20concentrate%20for%20infusion%20~%20solution%20for%20injection; https://api.fda.gov/drug/label.json?search=openfda.spl_set_id%3A%22d4c36fad-0ba2-4cd4-9c5e-dcf843f38a5a%22&limit=5; https://www.accessdata.fda.gov/drugsatfda_docs/nda/2021/210864Orig1s000OtherR.pdf
info,fact_source_coverage,fosphenytoin,year_fda_cleared,Field has non-RCT source coverage listed in evidence_sources,,,FDA/accessdata CEREBYX prescribing information; https://www.accessdata.fda.gov/drugsatfda_docs/label/2019/020450s039lbl.pdf; https://www.medicines.org.uk/emc/medicine/13310/SPC/pro-epanutin%20concentrate%20for%20infusion%20~%20solution%20for%20injection; https://api.fda.gov/drug/label.json?search=openfda.spl_set_id%3A%22d4c36fad-0ba2-4cd4-9c5e-dcf843f38a5a%22&limit=5; https://www.accessdata.fda.gov/drugsatfda_docs/nda/2021/210864Orig1s000OtherR.pdf
info,fact_source_coverage,fosphenytoin,fda_black_box_warning,Field has non-RCT source coverage listed in evidence_sources,,,FDA/accessdata CEREBYX prescribing information; https://www.accessdata.fda.gov/drugsatfda_docs/label/2019/020450s039lbl.pdf; https://www.medicines.org.uk/emc/medicine/13310/SPC/pro-epanutin%20concentrate%20for%20infusion%20~%20solution%20for%20injection; https://api.fda.gov/drug/label.json?search=openfda.spl_set_id%3A%22d4c36fad-0ba2-4cd4-9c5e-dcf843f38a5a%22&limit=5; https://www.accessdata.fda.gov/drugsatfda_docs/nda/2021/210864Orig1s000OtherR.pdf
info,fact_source_coverage,fosphenytoin,fda_black_box_warning_source,Field has non-RCT source coverage listed in evidence_sources,,,FDA/accessdata CEREBYX prescribing information; https://www.accessdata.fda.gov/drugsatfda_docs/label/2019/020450s039lbl.pdf; https://www.medicines.org.uk/emc/medicine/13310/SPC/pro-epanutin%20concentrate%20for%20infusion%20~%20solution%20for%20injection; https://api.fda.gov/drug/label.json?search=openfda.spl_set_id%3A%22d4c36fad-0ba2-4cd4-9c5e-dcf843f38a5a%22&limit=5; https://www.accessdata.fda.gov/drugsatfda_docs/nda/2021/210864Orig1s000OtherR.pdf
info,fact_source_coverage,fosphenytoin,fda_black_box_warning_verified,Field has non-RCT source coverage listed in evidence_sources,,,FDA/accessdata CEREBYX prescribing information; https://www.accessdata.fda.gov/drugsatfda_docs/label/2019/020450s039lbl.pdf; https://www.medicines.org.uk/emc/medicine/13310/SPC/pro-epanutin%20concentrate%20for%20infusion%20~%20solution%20for%20injection; https://api.fda.gov/drug/label.json?search=openfda.spl_set_id%3A%22d4c36fad-0ba2-4cd4-9c5e-dcf843f38a5a%22&limit=5; https://www.accessdata.fda.gov/drugsatfda_docs/nda/2021/210864Orig1s000OtherR.pdf
info,fact_source_coverage,gabapentin,trade_names,Field has non-RCT source coverage listed in evidence_sources,,,FDA-approved Neurontin prescribing information (accessdata.fda.gov); https://www.accessdata.fda.gov/drugsatfda_docs/label/2024/021129s056%2C020882s057%2C020235s076lbl.pdf; https://www.accessdata.fda.gov/drugsatfda_docs/label/2023/022544s029lbl.pdf; https://www.accessdata.fda.gov/drugsatfda_docs/label/2020/022399s010lbl.pdf
info,fact_source_coverage,gabapentin,status_or_notes,Field has non-RCT source coverage listed in evidence_sources,,,FDA-approved Neurontin prescribing information (accessdata.fda.gov); https://www.accessdata.fda.gov/drugsatfda_docs/label/2024/021129s056%2C020882s057%2C020235s076lbl.pdf; https://www.accessdata.fda.gov/drugsatfda_docs/label/2023/022544s029lbl.pdf; https://www.accessdata.fda.gov/drugsatfda_docs/label/2020/022399s010lbl.pdf
info,fact_source_coverage,gabapentin,available_in_us,Field has non-RCT source coverage listed in evidence_sources,,,FDA-approved Neurontin prescribing information (accessdata.fda.gov); https://www.accessdata.fda.gov/drugsatfda_docs/label/2024/021129s056%2C020882s057%2C020235s076lbl.pdf; https://www.accessdata.fda.gov/drugsatfda_docs/label/2023/022544s029lbl.pdf; https://www.accessdata.fda.gov/drugsatfda_docs/label/2020/022399s010lbl.pdf
info,fact_source_coverage,gabapentin,epilepsy_type,Field has non-RCT source coverage listed in evidence_sources,,,FDA-approved Neurontin prescribing information (accessdata.fda.gov); https://www.accessdata.fda.gov/drugsatfda_docs/label/2024/021129s056%2C020882s057%2C020235s076lbl.pdf; https://www.accessdata.fda.gov/drugsatfda_docs/label/2023/022544s029lbl.pdf; https://www.accessdata.fda.gov/drugsatfda_docs/label/2020/022399s010lbl.pdf
info,fact_source_coverage,gabapentin,mechanism_of_action,Field has non-RCT source coverage listed in evidence_sources,,,FDA-approved Neurontin prescribing information (accessdata.fda.gov); https://www.accessdata.fda.gov/drugsatfda_docs/label/2024/021129s056%2C020882s057%2C020235s076lbl.pdf; https://www.accessdata.fda.gov/drugsatfda_docs/label/2023/022544s029lbl.pdf; https://www.accessdata.fda.gov/drugsatfda_docs/label/2020/022399s010lbl.pdf
info,fact_source_coverage,gabapentin,mechanism_source,Field has non-RCT source coverage listed in evidence_sources,,,FDA-approved Neurontin prescribing information (accessdata.fda.gov); https://www.accessdata.fda.gov/drugsatfda_docs/label/2024/021129s056%2C020882s057%2C020235s076lbl.pdf; https://www.accessdata.fda.gov/drugsatfda_docs/label/2023/022544s029lbl.pdf; https://www.accessdata.fda.gov/drugsatfda_docs/label/2020/022399s010lbl.pdf
info,fact_source_coverage,gabapentin,mechanism_source_tier,Field has non-RCT source coverage listed in evidence_sources,,,FDA-approved Neurontin prescribing information (accessdata.fda.gov); https://www.accessdata.fda.gov/drugsatfda_docs/label/2024/021129s056%2C020882s057%2C020235s076lbl.pdf; https://www.accessdata.fda.gov/drugsatfda_docs/label/2023/022544s029lbl.pdf; https://www.accessdata.fda.gov/drugsatfda_docs/label/2020/022399s010lbl.pdf
info,fact_source_coverage,gabapentin,mechanism_confidence,Field has non-RCT source coverage listed in evidence_sources,,,FDA-approved Neurontin prescribing information (accessdata.fda.gov); https://www.accessdata.fda.gov/drugsatfda_docs/label/2024/021129s056%2C020882s057%2C020235s076lbl.pdf; https://www.accessdata.fda.gov/drugsatfda_docs/label/2023/022544s029lbl.pdf; https://www.accessdata.fda.gov/drugsatfda_docs/label/2020/022399s010lbl.pdf
info,fact_source_coverage,gabapentin,half_life_range,Field has non-RCT source coverage listed in evidence_sources,,,FDA-approved Neurontin prescribing information (accessdata.fda.gov); https://www.accessdata.fda.gov/drugsatfda_docs/label/2024/021129s056%2C020882s057%2C020235s076lbl.pdf; https://www.accessdata.fda.gov/drugsatfda_docs/label/2023/022544s029lbl.pdf; https://www.accessdata.fda.gov/drugsatfda_docs/label/2020/022399s010lbl.pdf
info,fact_source_coverage,gabapentin,major_organ_for_metabolism,Field has non-RCT source coverage listed in evidence_sources,,,FDA-approved Neurontin prescribing information (accessdata.fda.gov); https://www.accessdata.fda.gov/drugsatfda_docs/label/2024/021129s056%2C020882s057%2C020235s076lbl.pdf; https://www.accessdata.fda.gov/drugsatfda_docs/label/2023/022544s029lbl.pdf; https://www.accessdata.fda.gov/drugsatfda_docs/label/2020/022399s010lbl.pdf
info,fact_source_coverage,gabapentin,formulations_available,Field has non-RCT source coverage listed in evidence_sources,,,FDA-approved Neurontin prescribing information (accessdata.fda.gov); https://www.accessdata.fda.gov/drugsatfda_docs/label/2024/021129s056%2C020882s057%2C020235s076lbl.pdf; https://www.accessdata.fda.gov/drugsatfda_docs/label/2023/022544s029lbl.pdf; https://www.accessdata.fda.gov/drugsatfda_docs/label/2020/022399s010lbl.pdf
info,fact_source_coverage,gabapentin,typical_doses_per_day,Field has non-RCT source coverage listed in evidence_sources,,,FDA-approved Neurontin prescribing information (accessdata.fda.gov); https://www.accessdata.fda.gov/drugsatfda_docs/label/2024/021129s056%2C020882s057%2C020235s076lbl.pdf; https://www.accessdata.fda.gov/drugsatfda_docs/label/2023/022544s029lbl.pdf; https://www.accessdata.fda.gov/drugsatfda_docs/label/2020/022399s010lbl.pdf
info,fact_source_coverage,gabapentin,minimum_effective_dose,Field has non-RCT source coverage listed in evidence_sources,,,FDA-approved Neurontin prescribing information (accessdata.fda.gov); https://www.accessdata.fda.gov/drugsatfda_docs/label/2024/021129s056%2C020882s057%2C020235s076lbl.pdf; https://www.accessdata.fda.gov/drugsatfda_docs/label/2023/022544s029lbl.pdf; https://www.accessdata.fda.gov/drugsatfda_docs/label/2020/022399s010lbl.pdf
info,fact_source_coverage,gabapentin,maximum_approved_daily_dose,Field has non-RCT source coverage listed in evidence_sources,,,FDA-approved Neurontin prescribing information (accessdata.fda.gov); https://www.accessdata.fda.gov/drugsatfda_docs/label/2024/021129s056%2C020882s057%2C020235s076lbl.pdf; https://www.accessdata.fda.gov/drugsatfda_docs/label/2023/022544s029lbl.pdf; https://www.accessdata.fda.gov/drugsatfda_docs/label/2020/022399s010lbl.pdf
info,fact_source_coverage,gabapentin,enzyme_inducing_or_inhibiting,Field has non-RCT source coverage listed in evidence_sources,,,FDA-approved Neurontin prescribing information (accessdata.fda.gov); https://www.accessdata.fda.gov/drugsatfda_docs/label/2024/021129s056%2C020882s057%2C020235s076lbl.pdf; https://www.accessdata.fda.gov/drugsatfda_docs/label/2023/022544s029lbl.pdf; https://www.accessdata.fda.gov/drugsatfda_docs/label/2020/022399s010lbl.pdf
info,fact_source_coverage,gabapentin,qt_interval_effect,Field has non-RCT source coverage listed in evidence_sources,,,FDA-approved Neurontin prescribing information (accessdata.fda.gov); https://www.accessdata.fda.gov/drugsatfda_docs/label/2024/021129s056%2C020882s057%2C020235s076lbl.pdf; https://www.accessdata.fda.gov/drugsatfda_docs/label/2023/022544s029lbl.pdf; https://www.accessdata.fda.gov/drugsatfda_docs/label/2020/022399s010lbl.pdf
info,fact_source_coverage,gabapentin,adverse_symptoms_percentages,Field has non-RCT source coverage listed in evidence_sources,,,FDA-approved Neurontin prescribing information (accessdata.fda.gov); https://www.accessdata.fda.gov/drugsatfda_docs/label/2024/021129s056%2C020882s057%2C020235s076lbl.pdf; https://www.accessdata.fda.gov/drugsatfda_docs/label/2023/022544s029lbl.pdf; https://www.accessdata.fda.gov/drugsatfda_docs/label/2020/022399s010lbl.pdf
info,fact_source_coverage,gabapentin,year_fda_cleared,Field has non-RCT source coverage listed in evidence_sources,,,FDA-approved Neurontin prescribing information (accessdata.fda.gov); https://www.accessdata.fda.gov/drugsatfda_docs/label/2024/021129s056%2C020882s057%2C020235s076lbl.pdf; https://www.accessdata.fda.gov/drugsatfda_docs/label/2023/022544s029lbl.pdf; https://www.accessdata.fda.gov/drugsatfda_docs/label/2020/022399s010lbl.pdf
info,fact_source_coverage,gabapentin,fda_black_box_warning,Field has non-RCT source coverage listed in evidence_sources,,,FDA-approved Neurontin prescribing information (accessdata.fda.gov); https://www.accessdata.fda.gov/drugsatfda_docs/label/2024/021129s056%2C020882s057%2C020235s076lbl.pdf; https://www.accessdata.fda.gov/drugsatfda_docs/label/2023/022544s029lbl.pdf; https://www.accessdata.fda.gov/drugsatfda_docs/label/2020/022399s010lbl.pdf
info,fact_source_coverage,gabapentin,fda_black_box_warning_source,Field has non-RCT source coverage listed in evidence_sources,,,FDA-approved Neurontin prescribing information (accessdata.fda.gov); https://www.accessdata.fda.gov/drugsatfda_docs/label/2024/021129s056%2C020882s057%2C020235s076lbl.pdf; https://www.accessdata.fda.gov/drugsatfda_docs/label/2023/022544s029lbl.pdf; https://www.accessdata.fda.gov/drugsatfda_docs/label/2020/022399s010lbl.pdf
info,fact_source_coverage,gabapentin,fda_black_box_warning_verified,Field has non-RCT source coverage listed in evidence_sources,,,FDA-approved Neurontin prescribing information (accessdata.fda.gov); https://www.accessdata.fda.gov/drugsatfda_docs/label/2024/021129s056%2C020882s057%2C020235s076lbl.pdf; https://www.accessdata.fda.gov/drugsatfda_docs/label/2023/022544s029lbl.pdf; https://www.accessdata.fda.gov/drugsatfda_docs/label/2020/022399s010lbl.pdf
info,fact_source_coverage,ganaxolone,trade_names,Field has non-RCT source coverage listed in evidence_sources,,,FDA Ztalmy approval/snapshot pages; FDA prescribing information (Drugs@FDA/accessdata); https://www.accessdata.fda.gov/drugsatfda_docs/label/2025/215904s011s013lbl.pdf
info,fact_source_coverage,ganaxolone,status_or_notes,Field has non-RCT source coverage listed in evidence_sources,,,FDA Ztalmy approval/snapshot pages; FDA prescribing information (Drugs@FDA/accessdata); https://www.accessdata.fda.gov/drugsatfda_docs/label/2025/215904s011s013lbl.pdf
info,fact_source_coverage,ganaxolone,available_in_us,Field has non-RCT source coverage listed in evidence_sources,,,FDA Ztalmy approval/snapshot pages; FDA prescribing information (Drugs@FDA/accessdata); https://www.accessdata.fda.gov/drugsatfda_docs/label/2025/215904s011s013lbl.pdf
info,fact_source_coverage,ganaxolone,epilepsy_type,Field has non-RCT source coverage listed in evidence_sources,,,FDA Ztalmy approval/snapshot pages; FDA prescribing information (Drugs@FDA/accessdata); https://www.accessdata.fda.gov/drugsatfda_docs/label/2025/215904s011s013lbl.pdf
info,fact_source_coverage,ganaxolone,mechanism_of_action,Field has non-RCT source coverage listed in evidence_sources,,,FDA Ztalmy approval/snapshot pages; FDA prescribing information (Drugs@FDA/accessdata); https://www.accessdata.fda.gov/drugsatfda_docs/label/2025/215904s011s013lbl.pdf
info,fact_source_coverage,ganaxolone,mechanism_source,Field has non-RCT source coverage listed in evidence_sources,,,FDA Ztalmy approval/snapshot pages; FDA prescribing information (Drugs@FDA/accessdata); https://www.accessdata.fda.gov/drugsatfda_docs/label/2025/215904s011s013lbl.pdf
info,fact_source_coverage,ganaxolone,mechanism_source_tier,Field has non-RCT source coverage listed in evidence_sources,,,FDA Ztalmy approval/snapshot pages; FDA prescribing information (Drugs@FDA/accessdata); https://www.accessdata.fda.gov/drugsatfda_docs/label/2025/215904s011s013lbl.pdf
info,fact_source_coverage,ganaxolone,mechanism_confidence,Field has non-RCT source coverage listed in evidence_sources,,,FDA Ztalmy approval/snapshot pages; FDA prescribing information (Drugs@FDA/accessdata); https://www.accessdata.fda.gov/drugsatfda_docs/label/2025/215904s011s013lbl.pdf
info,fact_source_coverage,ganaxolone,half_life_range,Field has non-RCT source coverage listed in evidence_sources,,,FDA Ztalmy approval/snapshot pages; FDA prescribing information (Drugs@FDA/accessdata); https://www.accessdata.fda.gov/drugsatfda_docs/label/2025/215904s011s013lbl.pdf
info,fact_source_coverage,ganaxolone,major_organ_for_metabolism,Field has non-RCT source coverage listed in evidence_sources,,,FDA Ztalmy approval/snapshot pages; FDA prescribing information (Drugs@FDA/accessdata); https://www.accessdata.fda.gov/drugsatfda_docs/label/2025/215904s011s013lbl.pdf
info,fact_source_coverage,ganaxolone,formulations_available,Field has non-RCT source coverage listed in evidence_sources,,,FDA Ztalmy approval/snapshot pages; FDA prescribing information (Drugs@FDA/accessdata); https://www.accessdata.fda.gov/drugsatfda_docs/label/2025/215904s011s013lbl.pdf
info,fact_source_coverage,ganaxolone,typical_doses_per_day,Field has non-RCT source coverage listed in evidence_sources,,,FDA Ztalmy approval/snapshot pages; FDA prescribing information (Drugs@FDA/accessdata); https://www.accessdata.fda.gov/drugsatfda_docs/label/2025/215904s011s013lbl.pdf
info,fact_source_coverage,ganaxolone,minimum_effective_dose,Field has non-RCT source coverage listed in evidence_sources,,,FDA Ztalmy approval/snapshot pages; FDA prescribing information (Drugs@FDA/accessdata); https://www.accessdata.fda.gov/drugsatfda_docs/label/2025/215904s011s013lbl.pdf
info,fact_source_coverage,ganaxolone,maximum_approved_daily_dose,Field has non-RCT source coverage listed in evidence_sources,,,FDA Ztalmy approval/snapshot pages; FDA prescribing information (Drugs@FDA/accessdata); https://www.accessdata.fda.gov/drugsatfda_docs/label/2025/215904s011s013lbl.pdf
info,fact_source_coverage,ganaxolone,enzyme_inducing_or_inhibiting,Field has non-RCT source coverage listed in evidence_sources,,,FDA Ztalmy approval/snapshot pages; FDA prescribing information (Drugs@FDA/accessdata); https://www.accessdata.fda.gov/drugsatfda_docs/label/2025/215904s011s013lbl.pdf
info,fact_source_coverage,ganaxolone,qt_interval_effect,Field has non-RCT source coverage listed in evidence_sources,,,FDA Ztalmy approval/snapshot pages; FDA prescribing information (Drugs@FDA/accessdata); https://www.accessdata.fda.gov/drugsatfda_docs/label/2025/215904s011s013lbl.pdf
info,fact_source_coverage,ganaxolone,adverse_symptoms_percentages,Field has non-RCT source coverage listed in evidence_sources,,,FDA Ztalmy approval/snapshot pages; FDA prescribing information (Drugs@FDA/accessdata); https://www.accessdata.fda.gov/drugsatfda_docs/label/2025/215904s011s013lbl.pdf
info,fact_source_coverage,ganaxolone,year_fda_cleared,Field has non-RCT source coverage listed in evidence_sources,,,FDA Ztalmy approval/snapshot pages; FDA prescribing information (Drugs@FDA/accessdata); https://www.accessdata.fda.gov/drugsatfda_docs/label/2025/215904s011s013lbl.pdf
info,fact_source_coverage,ganaxolone,fda_black_box_warning,Field has non-RCT source coverage listed in evidence_sources,,,FDA Ztalmy approval/snapshot pages; FDA prescribing information (Drugs@FDA/accessdata); https://www.accessdata.fda.gov/drugsatfda_docs/label/2025/215904s011s013lbl.pdf
info,fact_source_coverage,ganaxolone,fda_black_box_warning_source,Field has non-RCT source coverage listed in evidence_sources,,,FDA Ztalmy approval/snapshot pages; FDA prescribing information (Drugs@FDA/accessdata); https://www.accessdata.fda.gov/drugsatfda_docs/label/2025/215904s011s013lbl.pdf
info,fact_source_coverage,ganaxolone,fda_black_box_warning_verified,Field has non-RCT source coverage listed in evidence_sources,,,FDA Ztalmy approval/snapshot pages; FDA prescribing information (Drugs@FDA/accessdata); https://www.accessdata.fda.gov/drugsatfda_docs/label/2025/215904s011s013lbl.pdf
info,fact_source_coverage,lacosamide,trade_names,Field has non-RCT source coverage listed in evidence_sources,,,https://www.accessdata.fda.gov/drugsatfda_docs/label/2024/216185s001lbl.pdf; FDA prescribing information (https://www.accessdata.fda.gov/drugsatfda_docs/label/2024/216185s001lbl.pdf)
info,fact_source_coverage,lacosamide,status_or_notes,Field has non-RCT source coverage listed in evidence_sources,,,https://www.accessdata.fda.gov/drugsatfda_docs/label/2024/216185s001lbl.pdf; FDA prescribing information (https://www.accessdata.fda.gov/drugsatfda_docs/label/2024/216185s001lbl.pdf)
info,fact_source_coverage,lacosamide,available_in_us,Field has non-RCT source coverage listed in evidence_sources,,,https://www.accessdata.fda.gov/drugsatfda_docs/label/2024/216185s001lbl.pdf; FDA prescribing information (https://www.accessdata.fda.gov/drugsatfda_docs/label/2024/216185s001lbl.pdf)
info,fact_source_coverage,lacosamide,epilepsy_type,Field has non-RCT source coverage listed in evidence_sources,,,https://www.accessdata.fda.gov/drugsatfda_docs/label/2024/216185s001lbl.pdf; FDA prescribing information (https://www.accessdata.fda.gov/drugsatfda_docs/label/2024/216185s001lbl.pdf)
info,fact_source_coverage,lacosamide,mechanism_of_action,Field has non-RCT source coverage listed in evidence_sources,,,https://www.accessdata.fda.gov/drugsatfda_docs/label/2024/216185s001lbl.pdf; FDA prescribing information (https://www.accessdata.fda.gov/drugsatfda_docs/label/2024/216185s001lbl.pdf)
info,fact_source_coverage,lacosamide,mechanism_source,Field has non-RCT source coverage listed in evidence_sources,,,https://www.accessdata.fda.gov/drugsatfda_docs/label/2024/216185s001lbl.pdf; FDA prescribing information (https://www.accessdata.fda.gov/drugsatfda_docs/label/2024/216185s001lbl.pdf)
info,fact_source_coverage,lacosamide,mechanism_source_tier,Field has non-RCT source coverage listed in evidence_sources,,,https://www.accessdata.fda.gov/drugsatfda_docs/label/2024/216185s001lbl.pdf; FDA prescribing information (https://www.accessdata.fda.gov/drugsatfda_docs/label/2024/216185s001lbl.pdf)
info,fact_source_coverage,lacosamide,mechanism_confidence,Field has non-RCT source coverage listed in evidence_sources,,,https://www.accessdata.fda.gov/drugsatfda_docs/label/2024/216185s001lbl.pdf; FDA prescribing information (https://www.accessdata.fda.gov/drugsatfda_docs/label/2024/216185s001lbl.pdf)
info,fact_source_coverage,lacosamide,half_life_range,Field has non-RCT source coverage listed in evidence_sources,,,https://www.accessdata.fda.gov/drugsatfda_docs/label/2024/216185s001lbl.pdf; FDA prescribing information (https://www.accessdata.fda.gov/drugsatfda_docs/label/2024/216185s001lbl.pdf)
info,fact_source_coverage,lacosamide,major_organ_for_metabolism,Field has non-RCT source coverage listed in evidence_sources,,,https://www.accessdata.fda.gov/drugsatfda_docs/label/2024/216185s001lbl.pdf; FDA prescribing information (https://www.accessdata.fda.gov/drugsatfda_docs/label/2024/216185s001lbl.pdf)
info,fact_source_coverage,lacosamide,formulations_available,Field has non-RCT source coverage listed in evidence_sources,,,https://www.accessdata.fda.gov/drugsatfda_docs/label/2024/216185s001lbl.pdf; FDA prescribing information (https://www.accessdata.fda.gov/drugsatfda_docs/label/2024/216185s001lbl.pdf)
info,fact_source_coverage,lacosamide,typical_doses_per_day,Field has non-RCT source coverage listed in evidence_sources,,,https://www.accessdata.fda.gov/drugsatfda_docs/label/2024/216185s001lbl.pdf; FDA prescribing information (https://www.accessdata.fda.gov/drugsatfda_docs/label/2024/216185s001lbl.pdf)
info,fact_source_coverage,lacosamide,minimum_effective_dose,Field has non-RCT source coverage listed in evidence_sources,,,https://www.accessdata.fda.gov/drugsatfda_docs/label/2024/216185s001lbl.pdf; FDA prescribing information (https://www.accessdata.fda.gov/drugsatfda_docs/label/2024/216185s001lbl.pdf)
info,fact_source_coverage,lacosamide,maximum_approved_daily_dose,Field has non-RCT source coverage listed in evidence_sources,,,https://www.accessdata.fda.gov/drugsatfda_docs/label/2024/216185s001lbl.pdf; FDA prescribing information (https://www.accessdata.fda.gov/drugsatfda_docs/label/2024/216185s001lbl.pdf)
info,fact_source_coverage,lacosamide,enzyme_inducing_or_inhibiting,Field has non-RCT source coverage listed in evidence_sources,,,https://www.accessdata.fda.gov/drugsatfda_docs/label/2024/216185s001lbl.pdf; FDA prescribing information (https://www.accessdata.fda.gov/drugsatfda_docs/label/2024/216185s001lbl.pdf)
info,fact_source_coverage,lacosamide,qt_interval_effect,Field has non-RCT source coverage listed in evidence_sources,,,https://www.accessdata.fda.gov/drugsatfda_docs/label/2024/216185s001lbl.pdf; FDA prescribing information (https://www.accessdata.fda.gov/drugsatfda_docs/label/2024/216185s001lbl.pdf)
info,fact_source_coverage,lacosamide,adverse_symptoms_percentages,Field has non-RCT source coverage listed in evidence_sources,,,https://www.accessdata.fda.gov/drugsatfda_docs/label/2024/216185s001lbl.pdf; FDA prescribing information (https://www.accessdata.fda.gov/drugsatfda_docs/label/2024/216185s001lbl.pdf)
info,fact_source_coverage,lacosamide,year_fda_cleared,Field has non-RCT source coverage listed in evidence_sources,,,https://www.accessdata.fda.gov/drugsatfda_docs/label/2024/216185s001lbl.pdf; FDA prescribing information (https://www.accessdata.fda.gov/drugsatfda_docs/label/2024/216185s001lbl.pdf)
info,fact_source_coverage,lacosamide,fda_black_box_warning,Field has non-RCT source coverage listed in evidence_sources,,,https://www.accessdata.fda.gov/drugsatfda_docs/label/2024/216185s001lbl.pdf; FDA prescribing information (https://www.accessdata.fda.gov/drugsatfda_docs/label/2024/216185s001lbl.pdf)
info,fact_source_coverage,lacosamide,fda_black_box_warning_source,Field has non-RCT source coverage listed in evidence_sources,,,https://www.accessdata.fda.gov/drugsatfda_docs/label/2024/216185s001lbl.pdf; FDA prescribing information (https://www.accessdata.fda.gov/drugsatfda_docs/label/2024/216185s001lbl.pdf)
info,fact_source_coverage,lacosamide,fda_black_box_warning_verified,Field has non-RCT source coverage listed in evidence_sources,,,https://www.accessdata.fda.gov/drugsatfda_docs/label/2024/216185s001lbl.pdf; FDA prescribing information (https://www.accessdata.fda.gov/drugsatfda_docs/label/2024/216185s001lbl.pdf)
info,fact_source_coverage,lamotrigine,trade_names,Field has non-RCT source coverage listed in evidence_sources,,,https://www.accessdata.fda.gov/drugsatfda_docs/label/2025/020241s068s069%2C020764s061s062%2C022251s032s033lbl.pdf; https://www.accessdata.fda.gov/drugsatfda_docs/label/2025/022115s031s032lbl.pdf; https://www.fda.gov/drugs/drug-safety-and-availability/studies-show-increased-risk-heart-rhythm-problems-seizure-and-mental-health-medicine-lamotrigine; FDA prescribing information (https://www.accessdata.fda.gov/drugsatfda_docs/label/2025/020241s068s069%2C020764s061s062%2C022251s032s033lbl.pdf)
info,fact_source_coverage,lamotrigine,status_or_notes,Field has non-RCT source coverage listed in evidence_sources,,,https://www.accessdata.fda.gov/drugsatfda_docs/label/2025/020241s068s069%2C020764s061s062%2C022251s032s033lbl.pdf; https://www.accessdata.fda.gov/drugsatfda_docs/label/2025/022115s031s032lbl.pdf; https://www.fda.gov/drugs/drug-safety-and-availability/studies-show-increased-risk-heart-rhythm-problems-seizure-and-mental-health-medicine-lamotrigine; FDA prescribing information (https://www.accessdata.fda.gov/drugsatfda_docs/label/2025/020241s068s069%2C020764s061s062%2C022251s032s033lbl.pdf)
info,fact_source_coverage,lamotrigine,available_in_us,Field has non-RCT source coverage listed in evidence_sources,,,https://www.accessdata.fda.gov/drugsatfda_docs/label/2025/020241s068s069%2C020764s061s062%2C022251s032s033lbl.pdf; https://www.accessdata.fda.gov/drugsatfda_docs/label/2025/022115s031s032lbl.pdf; https://www.fda.gov/drugs/drug-safety-and-availability/studies-show-increased-risk-heart-rhythm-problems-seizure-and-mental-health-medicine-lamotrigine; FDA prescribing information (https://www.accessdata.fda.gov/drugsatfda_docs/label/2025/020241s068s069%2C020764s061s062%2C022251s032s033lbl.pdf)
info,fact_source_coverage,lamotrigine,epilepsy_type,Field has non-RCT source coverage listed in evidence_sources,,,https://www.accessdata.fda.gov/drugsatfda_docs/label/2025/020241s068s069%2C020764s061s062%2C022251s032s033lbl.pdf; https://www.accessdata.fda.gov/drugsatfda_docs/label/2025/022115s031s032lbl.pdf; https://www.fda.gov/drugs/drug-safety-and-availability/studies-show-increased-risk-heart-rhythm-problems-seizure-and-mental-health-medicine-lamotrigine; FDA prescribing information (https://www.accessdata.fda.gov/drugsatfda_docs/label/2025/020241s068s069%2C020764s061s062%2C022251s032s033lbl.pdf)
info,fact_source_coverage,lamotrigine,mechanism_of_action,Field has non-RCT source coverage listed in evidence_sources,,,https://www.accessdata.fda.gov/drugsatfda_docs/label/2025/020241s068s069%2C020764s061s062%2C022251s032s033lbl.pdf; https://www.accessdata.fda.gov/drugsatfda_docs/label/2025/022115s031s032lbl.pdf; https://www.fda.gov/drugs/drug-safety-and-availability/studies-show-increased-risk-heart-rhythm-problems-seizure-and-mental-health-medicine-lamotrigine; FDA prescribing information (https://www.accessdata.fda.gov/drugsatfda_docs/label/2025/020241s068s069%2C020764s061s062%2C022251s032s033lbl.pdf)
info,fact_source_coverage,lamotrigine,mechanism_source,Field has non-RCT source coverage listed in evidence_sources,,,https://www.accessdata.fda.gov/drugsatfda_docs/label/2025/020241s068s069%2C020764s061s062%2C022251s032s033lbl.pdf; https://www.accessdata.fda.gov/drugsatfda_docs/label/2025/022115s031s032lbl.pdf; https://www.fda.gov/drugs/drug-safety-and-availability/studies-show-increased-risk-heart-rhythm-problems-seizure-and-mental-health-medicine-lamotrigine; FDA prescribing information (https://www.accessdata.fda.gov/drugsatfda_docs/label/2025/020241s068s069%2C020764s061s062%2C022251s032s033lbl.pdf)
info,fact_source_coverage,lamotrigine,mechanism_source_tier,Field has non-RCT source coverage listed in evidence_sources,,,https://www.accessdata.fda.gov/drugsatfda_docs/label/2025/020241s068s069%2C020764s061s062%2C022251s032s033lbl.pdf; https://www.accessdata.fda.gov/drugsatfda_docs/label/2025/022115s031s032lbl.pdf; https://www.fda.gov/drugs/drug-safety-and-availability/studies-show-increased-risk-heart-rhythm-problems-seizure-and-mental-health-medicine-lamotrigine; FDA prescribing information (https://www.accessdata.fda.gov/drugsatfda_docs/label/2025/020241s068s069%2C020764s061s062%2C022251s032s033lbl.pdf)
info,fact_source_coverage,lamotrigine,mechanism_confidence,Field has non-RCT source coverage listed in evidence_sources,,,https://www.accessdata.fda.gov/drugsatfda_docs/label/2025/020241s068s069%2C020764s061s062%2C022251s032s033lbl.pdf; https://www.accessdata.fda.gov/drugsatfda_docs/label/2025/022115s031s032lbl.pdf; https://www.fda.gov/drugs/drug-safety-and-availability/studies-show-increased-risk-heart-rhythm-problems-seizure-and-mental-health-medicine-lamotrigine; FDA prescribing information (https://www.accessdata.fda.gov/drugsatfda_docs/label/2025/020241s068s069%2C020764s061s062%2C022251s032s033lbl.pdf)
info,fact_source_coverage,lamotrigine,half_life_range,Field has non-RCT source coverage listed in evidence_sources,,,https://www.accessdata.fda.gov/drugsatfda_docs/label/2025/020241s068s069%2C020764s061s062%2C022251s032s033lbl.pdf; https://www.accessdata.fda.gov/drugsatfda_docs/label/2025/022115s031s032lbl.pdf; https://www.fda.gov/drugs/drug-safety-and-availability/studies-show-increased-risk-heart-rhythm-problems-seizure-and-mental-health-medicine-lamotrigine; FDA prescribing information (https://www.accessdata.fda.gov/drugsatfda_docs/label/2025/020241s068s069%2C020764s061s062%2C022251s032s033lbl.pdf)
info,fact_source_coverage,lamotrigine,major_organ_for_metabolism,Field has non-RCT source coverage listed in evidence_sources,,,https://www.accessdata.fda.gov/drugsatfda_docs/label/2025/020241s068s069%2C020764s061s062%2C022251s032s033lbl.pdf; https://www.accessdata.fda.gov/drugsatfda_docs/label/2025/022115s031s032lbl.pdf; https://www.fda.gov/drugs/drug-safety-and-availability/studies-show-increased-risk-heart-rhythm-problems-seizure-and-mental-health-medicine-lamotrigine; FDA prescribing information (https://www.accessdata.fda.gov/drugsatfda_docs/label/2025/020241s068s069%2C020764s061s062%2C022251s032s033lbl.pdf)
info,fact_source_coverage,lamotrigine,formulations_available,Field has non-RCT source coverage listed in evidence_sources,,,https://www.accessdata.fda.gov/drugsatfda_docs/label/2025/020241s068s069%2C020764s061s062%2C022251s032s033lbl.pdf; https://www.accessdata.fda.gov/drugsatfda_docs/label/2025/022115s031s032lbl.pdf; https://www.fda.gov/drugs/drug-safety-and-availability/studies-show-increased-risk-heart-rhythm-problems-seizure-and-mental-health-medicine-lamotrigine; FDA prescribing information (https://www.accessdata.fda.gov/drugsatfda_docs/label/2025/020241s068s069%2C020764s061s062%2C022251s032s033lbl.pdf)
info,fact_source_coverage,lamotrigine,typical_doses_per_day,Field has non-RCT source coverage listed in evidence_sources,,,https://www.accessdata.fda.gov/drugsatfda_docs/label/2025/020241s068s069%2C020764s061s062%2C022251s032s033lbl.pdf; https://www.accessdata.fda.gov/drugsatfda_docs/label/2025/022115s031s032lbl.pdf; https://www.fda.gov/drugs/drug-safety-and-availability/studies-show-increased-risk-heart-rhythm-problems-seizure-and-mental-health-medicine-lamotrigine; FDA prescribing information (https://www.accessdata.fda.gov/drugsatfda_docs/label/2025/020241s068s069%2C020764s061s062%2C022251s032s033lbl.pdf)
info,fact_source_coverage,lamotrigine,minimum_effective_dose,Field has non-RCT source coverage listed in evidence_sources,,,https://www.accessdata.fda.gov/drugsatfda_docs/label/2025/020241s068s069%2C020764s061s062%2C022251s032s033lbl.pdf; https://www.accessdata.fda.gov/drugsatfda_docs/label/2025/022115s031s032lbl.pdf; https://www.fda.gov/drugs/drug-safety-and-availability/studies-show-increased-risk-heart-rhythm-problems-seizure-and-mental-health-medicine-lamotrigine; FDA prescribing information (https://www.accessdata.fda.gov/drugsatfda_docs/label/2025/020241s068s069%2C020764s061s062%2C022251s032s033lbl.pdf)
info,fact_source_coverage,lamotrigine,maximum_approved_daily_dose,Field has non-RCT source coverage listed in evidence_sources,,,https://www.accessdata.fda.gov/drugsatfda_docs/label/2025/020241s068s069%2C020764s061s062%2C022251s032s033lbl.pdf; https://www.accessdata.fda.gov/drugsatfda_docs/label/2025/022115s031s032lbl.pdf; https://www.fda.gov/drugs/drug-safety-and-availability/studies-show-increased-risk-heart-rhythm-problems-seizure-and-mental-health-medicine-lamotrigine; FDA prescribing information (https://www.accessdata.fda.gov/drugsatfda_docs/label/2025/020241s068s069%2C020764s061s062%2C022251s032s033lbl.pdf)
info,fact_source_coverage,lamotrigine,enzyme_inducing_or_inhibiting,Field has non-RCT source coverage listed in evidence_sources,,,https://www.accessdata.fda.gov/drugsatfda_docs/label/2025/020241s068s069%2C020764s061s062%2C022251s032s033lbl.pdf; https://www.accessdata.fda.gov/drugsatfda_docs/label/2025/022115s031s032lbl.pdf; https://www.fda.gov/drugs/drug-safety-and-availability/studies-show-increased-risk-heart-rhythm-problems-seizure-and-mental-health-medicine-lamotrigine; FDA prescribing information (https://www.accessdata.fda.gov/drugsatfda_docs/label/2025/020241s068s069%2C020764s061s062%2C022251s032s033lbl.pdf)
info,fact_source_coverage,lamotrigine,qt_interval_effect,Field has non-RCT source coverage listed in evidence_sources,,,https://www.accessdata.fda.gov/drugsatfda_docs/label/2025/020241s068s069%2C020764s061s062%2C022251s032s033lbl.pdf; https://www.accessdata.fda.gov/drugsatfda_docs/label/2025/022115s031s032lbl.pdf; https://www.fda.gov/drugs/drug-safety-and-availability/studies-show-increased-risk-heart-rhythm-problems-seizure-and-mental-health-medicine-lamotrigine; FDA prescribing information (https://www.accessdata.fda.gov/drugsatfda_docs/label/2025/020241s068s069%2C020764s061s062%2C022251s032s033lbl.pdf)
info,fact_source_coverage,lamotrigine,adverse_symptoms_percentages,Field has non-RCT source coverage listed in evidence_sources,,,https://www.accessdata.fda.gov/drugsatfda_docs/label/2025/020241s068s069%2C020764s061s062%2C022251s032s033lbl.pdf; https://www.accessdata.fda.gov/drugsatfda_docs/label/2025/022115s031s032lbl.pdf; https://www.fda.gov/drugs/drug-safety-and-availability/studies-show-increased-risk-heart-rhythm-problems-seizure-and-mental-health-medicine-lamotrigine; FDA prescribing information (https://www.accessdata.fda.gov/drugsatfda_docs/label/2025/020241s068s069%2C020764s061s062%2C022251s032s033lbl.pdf)
info,fact_source_coverage,lamotrigine,year_fda_cleared,Field has non-RCT source coverage listed in evidence_sources,,,https://www.accessdata.fda.gov/drugsatfda_docs/label/2025/020241s068s069%2C020764s061s062%2C022251s032s033lbl.pdf; https://www.accessdata.fda.gov/drugsatfda_docs/label/2025/022115s031s032lbl.pdf; https://www.fda.gov/drugs/drug-safety-and-availability/studies-show-increased-risk-heart-rhythm-problems-seizure-and-mental-health-medicine-lamotrigine; FDA prescribing information (https://www.accessdata.fda.gov/drugsatfda_docs/label/2025/020241s068s069%2C020764s061s062%2C022251s032s033lbl.pdf)
info,fact_source_coverage,lamotrigine,fda_black_box_warning,Field has non-RCT source coverage listed in evidence_sources,,,https://www.accessdata.fda.gov/drugsatfda_docs/label/2025/020241s068s069%2C020764s061s062%2C022251s032s033lbl.pdf; https://www.accessdata.fda.gov/drugsatfda_docs/label/2025/022115s031s032lbl.pdf; https://www.fda.gov/drugs/drug-safety-and-availability/studies-show-increased-risk-heart-rhythm-problems-seizure-and-mental-health-medicine-lamotrigine; FDA prescribing information (https://www.accessdata.fda.gov/drugsatfda_docs/label/2025/020241s068s069%2C020764s061s062%2C022251s032s033lbl.pdf)
info,fact_source_coverage,lamotrigine,fda_black_box_warning_source,Field has non-RCT source coverage listed in evidence_sources,,,https://www.accessdata.fda.gov/drugsatfda_docs/label/2025/020241s068s069%2C020764s061s062%2C022251s032s033lbl.pdf; https://www.accessdata.fda.gov/drugsatfda_docs/label/2025/022115s031s032lbl.pdf; https://www.fda.gov/drugs/drug-safety-and-availability/studies-show-increased-risk-heart-rhythm-problems-seizure-and-mental-health-medicine-lamotrigine; FDA prescribing information (https://www.accessdata.fda.gov/drugsatfda_docs/label/2025/020241s068s069%2C020764s061s062%2C022251s032s033lbl.pdf)
info,fact_source_coverage,lamotrigine,fda_black_box_warning_verified,Field has non-RCT source coverage listed in evidence_sources,,,https://www.accessdata.fda.gov/drugsatfda_docs/label/2025/020241s068s069%2C020764s061s062%2C022251s032s033lbl.pdf; https://www.accessdata.fda.gov/drugsatfda_docs/label/2025/022115s031s032lbl.pdf; https://www.fda.gov/drugs/drug-safety-and-availability/studies-show-increased-risk-heart-rhythm-problems-seizure-and-mental-health-medicine-lamotrigine; FDA prescribing information (https://www.accessdata.fda.gov/drugsatfda_docs/label/2025/020241s068s069%2C020764s061s062%2C022251s032s033lbl.pdf)
info,fact_source_coverage,levetiracetam,trade_names,Field has non-RCT source coverage listed in evidence_sources,,,https://www.accessdata.fda.gov/drugsatfda_docs/label/2024/021035s115%2C021505s053lbl.pdf; https://www.accessdata.fda.gov/drugsatfda_docs/label/2014/021872s016lbl.pdf; https://www.accessdata.fda.gov/drugsatfda_docs/label/2024/022285s036lbl.pdf; https://www.accessdata.fda.gov/drugsatfda_docs/label/2024/207958s025lbl.pdf; FDA prescribing information (https://www.accessdata.fda.gov/drugsatfda_docs/label/2024/021035s115%2C021505s053lbl.pdf)
info,fact_source_coverage,levetiracetam,status_or_notes,Field has non-RCT source coverage listed in evidence_sources,,,https://www.accessdata.fda.gov/drugsatfda_docs/label/2024/021035s115%2C021505s053lbl.pdf; https://www.accessdata.fda.gov/drugsatfda_docs/label/2014/021872s016lbl.pdf; https://www.accessdata.fda.gov/drugsatfda_docs/label/2024/022285s036lbl.pdf; https://www.accessdata.fda.gov/drugsatfda_docs/label/2024/207958s025lbl.pdf; FDA prescribing information (https://www.accessdata.fda.gov/drugsatfda_docs/label/2024/021035s115%2C021505s053lbl.pdf)
info,fact_source_coverage,levetiracetam,available_in_us,Field has non-RCT source coverage listed in evidence_sources,,,https://www.accessdata.fda.gov/drugsatfda_docs/label/2024/021035s115%2C021505s053lbl.pdf; https://www.accessdata.fda.gov/drugsatfda_docs/label/2014/021872s016lbl.pdf; https://www.accessdata.fda.gov/drugsatfda_docs/label/2024/022285s036lbl.pdf; https://www.accessdata.fda.gov/drugsatfda_docs/label/2024/207958s025lbl.pdf; FDA prescribing information (https://www.accessdata.fda.gov/drugsatfda_docs/label/2024/021035s115%2C021505s053lbl.pdf)
info,fact_source_coverage,levetiracetam,epilepsy_type,Field has non-RCT source coverage listed in evidence_sources,,,https://www.accessdata.fda.gov/drugsatfda_docs/label/2024/021035s115%2C021505s053lbl.pdf; https://www.accessdata.fda.gov/drugsatfda_docs/label/2014/021872s016lbl.pdf; https://www.accessdata.fda.gov/drugsatfda_docs/label/2024/022285s036lbl.pdf; https://www.accessdata.fda.gov/drugsatfda_docs/label/2024/207958s025lbl.pdf; FDA prescribing information (https://www.accessdata.fda.gov/drugsatfda_docs/label/2024/021035s115%2C021505s053lbl.pdf)
info,fact_source_coverage,levetiracetam,mechanism_of_action,Field has non-RCT source coverage listed in evidence_sources,,,https://www.accessdata.fda.gov/drugsatfda_docs/label/2024/021035s115%2C021505s053lbl.pdf; https://www.accessdata.fda.gov/drugsatfda_docs/label/2014/021872s016lbl.pdf; https://www.accessdata.fda.gov/drugsatfda_docs/label/2024/022285s036lbl.pdf; https://www.accessdata.fda.gov/drugsatfda_docs/label/2024/207958s025lbl.pdf; FDA prescribing information (https://www.accessdata.fda.gov/drugsatfda_docs/label/2024/021035s115%2C021505s053lbl.pdf)
info,fact_source_coverage,levetiracetam,mechanism_source,Field has non-RCT source coverage listed in evidence_sources,,,https://www.accessdata.fda.gov/drugsatfda_docs/label/2024/021035s115%2C021505s053lbl.pdf; https://www.accessdata.fda.gov/drugsatfda_docs/label/2014/021872s016lbl.pdf; https://www.accessdata.fda.gov/drugsatfda_docs/label/2024/022285s036lbl.pdf; https://www.accessdata.fda.gov/drugsatfda_docs/label/2024/207958s025lbl.pdf; FDA prescribing information (https://www.accessdata.fda.gov/drugsatfda_docs/label/2024/021035s115%2C021505s053lbl.pdf)
info,fact_source_coverage,levetiracetam,mechanism_source_tier,Field has non-RCT source coverage listed in evidence_sources,,,https://www.accessdata.fda.gov/drugsatfda_docs/label/2024/021035s115%2C021505s053lbl.pdf; https://www.accessdata.fda.gov/drugsatfda_docs/label/2014/021872s016lbl.pdf; https://www.accessdata.fda.gov/drugsatfda_docs/label/2024/022285s036lbl.pdf; https://www.accessdata.fda.gov/drugsatfda_docs/label/2024/207958s025lbl.pdf; FDA prescribing information (https://www.accessdata.fda.gov/drugsatfda_docs/label/2024/021035s115%2C021505s053lbl.pdf)
info,fact_source_coverage,levetiracetam,mechanism_confidence,Field has non-RCT source coverage listed in evidence_sources,,,https://www.accessdata.fda.gov/drugsatfda_docs/label/2024/021035s115%2C021505s053lbl.pdf; https://www.accessdata.fda.gov/drugsatfda_docs/label/2014/021872s016lbl.pdf; https://www.accessdata.fda.gov/drugsatfda_docs/label/2024/022285s036lbl.pdf; https://www.accessdata.fda.gov/drugsatfda_docs/label/2024/207958s025lbl.pdf; FDA prescribing information (https://www.accessdata.fda.gov/drugsatfda_docs/label/2024/021035s115%2C021505s053lbl.pdf)
info,fact_source_coverage,levetiracetam,half_life_range,Field has non-RCT source coverage listed in evidence_sources,,,https://www.accessdata.fda.gov/drugsatfda_docs/label/2024/021035s115%2C021505s053lbl.pdf; https://www.accessdata.fda.gov/drugsatfda_docs/label/2014/021872s016lbl.pdf; https://www.accessdata.fda.gov/drugsatfda_docs/label/2024/022285s036lbl.pdf; https://www.accessdata.fda.gov/drugsatfda_docs/label/2024/207958s025lbl.pdf; FDA prescribing information (https://www.accessdata.fda.gov/drugsatfda_docs/label/2024/021035s115%2C021505s053lbl.pdf)
info,fact_source_coverage,levetiracetam,major_organ_for_metabolism,Field has non-RCT source coverage listed in evidence_sources,,,https://www.accessdata.fda.gov/drugsatfda_docs/label/2024/021035s115%2C021505s053lbl.pdf; https://www.accessdata.fda.gov/drugsatfda_docs/label/2014/021872s016lbl.pdf; https://www.accessdata.fda.gov/drugsatfda_docs/label/2024/022285s036lbl.pdf; https://www.accessdata.fda.gov/drugsatfda_docs/label/2024/207958s025lbl.pdf; FDA prescribing information (https://www.accessdata.fda.gov/drugsatfda_docs/label/2024/021035s115%2C021505s053lbl.pdf)
info,fact_source_coverage,levetiracetam,formulations_available,Field has non-RCT source coverage listed in evidence_sources,,,https://www.accessdata.fda.gov/drugsatfda_docs/label/2024/021035s115%2C021505s053lbl.pdf; https://www.accessdata.fda.gov/drugsatfda_docs/label/2014/021872s016lbl.pdf; https://www.accessdata.fda.gov/drugsatfda_docs/label/2024/022285s036lbl.pdf; https://www.accessdata.fda.gov/drugsatfda_docs/label/2024/207958s025lbl.pdf; FDA prescribing information (https://www.accessdata.fda.gov/drugsatfda_docs/label/2024/021035s115%2C021505s053lbl.pdf)
info,fact_source_coverage,levetiracetam,typical_doses_per_day,Field has non-RCT source coverage listed in evidence_sources,,,https://www.accessdata.fda.gov/drugsatfda_docs/label/2024/021035s115%2C021505s053lbl.pdf; https://www.accessdata.fda.gov/drugsatfda_docs/label/2014/021872s016lbl.pdf; https://www.accessdata.fda.gov/drugsatfda_docs/label/2024/022285s036lbl.pdf; https://www.accessdata.fda.gov/drugsatfda_docs/label/2024/207958s025lbl.pdf; FDA prescribing information (https://www.accessdata.fda.gov/drugsatfda_docs/label/2024/021035s115%2C021505s053lbl.pdf)
info,fact_source_coverage,levetiracetam,minimum_effective_dose,Field has non-RCT source coverage listed in evidence_sources,,,https://www.accessdata.fda.gov/drugsatfda_docs/label/2024/021035s115%2C021505s053lbl.pdf; https://www.accessdata.fda.gov/drugsatfda_docs/label/2014/021872s016lbl.pdf; https://www.accessdata.fda.gov/drugsatfda_docs/label/2024/022285s036lbl.pdf; https://www.accessdata.fda.gov/drugsatfda_docs/label/2024/207958s025lbl.pdf; FDA prescribing information (https://www.accessdata.fda.gov/drugsatfda_docs/label/2024/021035s115%2C021505s053lbl.pdf)
info,fact_source_coverage,levetiracetam,maximum_approved_daily_dose,Field has non-RCT source coverage listed in evidence_sources,,,https://www.accessdata.fda.gov/drugsatfda_docs/label/2024/021035s115%2C021505s053lbl.pdf; https://www.accessdata.fda.gov/drugsatfda_docs/label/2014/021872s016lbl.pdf; https://www.accessdata.fda.gov/drugsatfda_docs/label/2024/022285s036lbl.pdf; https://www.accessdata.fda.gov/drugsatfda_docs/label/2024/207958s025lbl.pdf; FDA prescribing information (https://www.accessdata.fda.gov/drugsatfda_docs/label/2024/021035s115%2C021505s053lbl.pdf)
info,fact_source_coverage,levetiracetam,enzyme_inducing_or_inhibiting,Field has non-RCT source coverage listed in evidence_sources,,,https://www.accessdata.fda.gov/drugsatfda_docs/label/2024/021035s115%2C021505s053lbl.pdf; https://www.accessdata.fda.gov/drugsatfda_docs/label/2014/021872s016lbl.pdf; https://www.accessdata.fda.gov/drugsatfda_docs/label/2024/022285s036lbl.pdf; https://www.accessdata.fda.gov/drugsatfda_docs/label/2024/207958s025lbl.pdf; FDA prescribing information (https://www.accessdata.fda.gov/drugsatfda_docs/label/2024/021035s115%2C021505s053lbl.pdf)
info,fact_source_coverage,levetiracetam,qt_interval_effect,Field has non-RCT source coverage listed in evidence_sources,,,https://www.accessdata.fda.gov/drugsatfda_docs/label/2024/021035s115%2C021505s053lbl.pdf; https://www.accessdata.fda.gov/drugsatfda_docs/label/2014/021872s016lbl.pdf; https://www.accessdata.fda.gov/drugsatfda_docs/label/2024/022285s036lbl.pdf; https://www.accessdata.fda.gov/drugsatfda_docs/label/2024/207958s025lbl.pdf; FDA prescribing information (https://www.accessdata.fda.gov/drugsatfda_docs/label/2024/021035s115%2C021505s053lbl.pdf)
info,fact_source_coverage,levetiracetam,adverse_symptoms_percentages,Field has non-RCT source coverage listed in evidence_sources,,,https://www.accessdata.fda.gov/drugsatfda_docs/label/2024/021035s115%2C021505s053lbl.pdf; https://www.accessdata.fda.gov/drugsatfda_docs/label/2014/021872s016lbl.pdf; https://www.accessdata.fda.gov/drugsatfda_docs/label/2024/022285s036lbl.pdf; https://www.accessdata.fda.gov/drugsatfda_docs/label/2024/207958s025lbl.pdf; FDA prescribing information (https://www.accessdata.fda.gov/drugsatfda_docs/label/2024/021035s115%2C021505s053lbl.pdf)
info,fact_source_coverage,levetiracetam,year_fda_cleared,Field has non-RCT source coverage listed in evidence_sources,,,https://www.accessdata.fda.gov/drugsatfda_docs/label/2024/021035s115%2C021505s053lbl.pdf; https://www.accessdata.fda.gov/drugsatfda_docs/label/2014/021872s016lbl.pdf; https://www.accessdata.fda.gov/drugsatfda_docs/label/2024/022285s036lbl.pdf; https://www.accessdata.fda.gov/drugsatfda_docs/label/2024/207958s025lbl.pdf; FDA prescribing information (https://www.accessdata.fda.gov/drugsatfda_docs/label/2024/021035s115%2C021505s053lbl.pdf)
info,fact_source_coverage,levetiracetam,fda_black_box_warning,Field has non-RCT source coverage listed in evidence_sources,,,https://www.accessdata.fda.gov/drugsatfda_docs/label/2024/021035s115%2C021505s053lbl.pdf; https://www.accessdata.fda.gov/drugsatfda_docs/label/2014/021872s016lbl.pdf; https://www.accessdata.fda.gov/drugsatfda_docs/label/2024/022285s036lbl.pdf; https://www.accessdata.fda.gov/drugsatfda_docs/label/2024/207958s025lbl.pdf; FDA prescribing information (https://www.accessdata.fda.gov/drugsatfda_docs/label/2024/021035s115%2C021505s053lbl.pdf)
info,fact_source_coverage,levetiracetam,fda_black_box_warning_source,Field has non-RCT source coverage listed in evidence_sources,,,https://www.accessdata.fda.gov/drugsatfda_docs/label/2024/021035s115%2C021505s053lbl.pdf; https://www.accessdata.fda.gov/drugsatfda_docs/label/2014/021872s016lbl.pdf; https://www.accessdata.fda.gov/drugsatfda_docs/label/2024/022285s036lbl.pdf; https://www.accessdata.fda.gov/drugsatfda_docs/label/2024/207958s025lbl.pdf; FDA prescribing information (https://www.accessdata.fda.gov/drugsatfda_docs/label/2024/021035s115%2C021505s053lbl.pdf)
info,fact_source_coverage,levetiracetam,fda_black_box_warning_verified,Field has non-RCT source coverage listed in evidence_sources,,,https://www.accessdata.fda.gov/drugsatfda_docs/label/2024/021035s115%2C021505s053lbl.pdf; https://www.accessdata.fda.gov/drugsatfda_docs/label/2014/021872s016lbl.pdf; https://www.accessdata.fda.gov/drugsatfda_docs/label/2024/022285s036lbl.pdf; https://www.accessdata.fda.gov/drugsatfda_docs/label/2024/207958s025lbl.pdf; FDA prescribing information (https://www.accessdata.fda.gov/drugsatfda_docs/label/2024/021035s115%2C021505s053lbl.pdf)
info,fact_source_coverage,lorazepam,trade_names,Field has non-RCT source coverage listed in evidence_sources,,,https://www.accessdata.fda.gov/drugsatfda_docs/label/2023/017794s049lbl.pdf; https://www.accessdata.fda.gov/drugsatfda_docs/label/2009/079244lbl.PDF; https://www.accessdata.fda.gov/drugsatfda_docs/label/2023/018140s051lbl.pdf; https://www.accessdata.fda.gov/drugsatfda_docs/label/2023/214826s003lbl.pdf; FDA Ativan Injection prescribing information (https://www.accessdata.fda.gov/drugsatfda_docs/label/2023/018140s051lbl.pdf)
info,fact_source_coverage,lorazepam,status_or_notes,Field has non-RCT source coverage listed in evidence_sources,,,https://www.accessdata.fda.gov/drugsatfda_docs/label/2023/017794s049lbl.pdf; https://www.accessdata.fda.gov/drugsatfda_docs/label/2009/079244lbl.PDF; https://www.accessdata.fda.gov/drugsatfda_docs/label/2023/018140s051lbl.pdf; https://www.accessdata.fda.gov/drugsatfda_docs/label/2023/214826s003lbl.pdf; FDA Ativan Injection prescribing information (https://www.accessdata.fda.gov/drugsatfda_docs/label/2023/018140s051lbl.pdf)
info,fact_source_coverage,lorazepam,available_in_us,Field has non-RCT source coverage listed in evidence_sources,,,https://www.accessdata.fda.gov/drugsatfda_docs/label/2023/017794s049lbl.pdf; https://www.accessdata.fda.gov/drugsatfda_docs/label/2009/079244lbl.PDF; https://www.accessdata.fda.gov/drugsatfda_docs/label/2023/018140s051lbl.pdf; https://www.accessdata.fda.gov/drugsatfda_docs/label/2023/214826s003lbl.pdf; FDA Ativan Injection prescribing information (https://www.accessdata.fda.gov/drugsatfda_docs/label/2023/018140s051lbl.pdf)
info,fact_source_coverage,lorazepam,epilepsy_type,Field has non-RCT source coverage listed in evidence_sources,,,https://www.accessdata.fda.gov/drugsatfda_docs/label/2023/017794s049lbl.pdf; https://www.accessdata.fda.gov/drugsatfda_docs/label/2009/079244lbl.PDF; https://www.accessdata.fda.gov/drugsatfda_docs/label/2023/018140s051lbl.pdf; https://www.accessdata.fda.gov/drugsatfda_docs/label/2023/214826s003lbl.pdf; FDA Ativan Injection prescribing information (https://www.accessdata.fda.gov/drugsatfda_docs/label/2023/018140s051lbl.pdf)
info,fact_source_coverage,lorazepam,mechanism_of_action,Field has non-RCT source coverage listed in evidence_sources,,,https://www.accessdata.fda.gov/drugsatfda_docs/label/2023/017794s049lbl.pdf; https://www.accessdata.fda.gov/drugsatfda_docs/label/2009/079244lbl.PDF; https://www.accessdata.fda.gov/drugsatfda_docs/label/2023/018140s051lbl.pdf; https://www.accessdata.fda.gov/drugsatfda_docs/label/2023/214826s003lbl.pdf; FDA Ativan Injection prescribing information (https://www.accessdata.fda.gov/drugsatfda_docs/label/2023/018140s051lbl.pdf)
info,fact_source_coverage,lorazepam,mechanism_source,Field has non-RCT source coverage listed in evidence_sources,,,https://www.accessdata.fda.gov/drugsatfda_docs/label/2023/017794s049lbl.pdf; https://www.accessdata.fda.gov/drugsatfda_docs/label/2009/079244lbl.PDF; https://www.accessdata.fda.gov/drugsatfda_docs/label/2023/018140s051lbl.pdf; https://www.accessdata.fda.gov/drugsatfda_docs/label/2023/214826s003lbl.pdf; FDA Ativan Injection prescribing information (https://www.accessdata.fda.gov/drugsatfda_docs/label/2023/018140s051lbl.pdf)
info,fact_source_coverage,lorazepam,mechanism_source_tier,Field has non-RCT source coverage listed in evidence_sources,,,https://www.accessdata.fda.gov/drugsatfda_docs/label/2023/017794s049lbl.pdf; https://www.accessdata.fda.gov/drugsatfda_docs/label/2009/079244lbl.PDF; https://www.accessdata.fda.gov/drugsatfda_docs/label/2023/018140s051lbl.pdf; https://www.accessdata.fda.gov/drugsatfda_docs/label/2023/214826s003lbl.pdf; FDA Ativan Injection prescribing information (https://www.accessdata.fda.gov/drugsatfda_docs/label/2023/018140s051lbl.pdf)
info,fact_source_coverage,lorazepam,mechanism_confidence,Field has non-RCT source coverage listed in evidence_sources,,,https://www.accessdata.fda.gov/drugsatfda_docs/label/2023/017794s049lbl.pdf; https://www.accessdata.fda.gov/drugsatfda_docs/label/2009/079244lbl.PDF; https://www.accessdata.fda.gov/drugsatfda_docs/label/2023/018140s051lbl.pdf; https://www.accessdata.fda.gov/drugsatfda_docs/label/2023/214826s003lbl.pdf; FDA Ativan Injection prescribing information (https://www.accessdata.fda.gov/drugsatfda_docs/label/2023/018140s051lbl.pdf)
info,fact_source_coverage,lorazepam,half_life_range,Field has non-RCT source coverage listed in evidence_sources,,,https://www.accessdata.fda.gov/drugsatfda_docs/label/2023/017794s049lbl.pdf; https://www.accessdata.fda.gov/drugsatfda_docs/label/2009/079244lbl.PDF; https://www.accessdata.fda.gov/drugsatfda_docs/label/2023/018140s051lbl.pdf; https://www.accessdata.fda.gov/drugsatfda_docs/label/2023/214826s003lbl.pdf; FDA Ativan Injection prescribing information (https://www.accessdata.fda.gov/drugsatfda_docs/label/2023/018140s051lbl.pdf)
info,fact_source_coverage,lorazepam,major_organ_for_metabolism,Field has non-RCT source coverage listed in evidence_sources,,,https://www.accessdata.fda.gov/drugsatfda_docs/label/2023/017794s049lbl.pdf; https://www.accessdata.fda.gov/drugsatfda_docs/label/2009/079244lbl.PDF; https://www.accessdata.fda.gov/drugsatfda_docs/label/2023/018140s051lbl.pdf; https://www.accessdata.fda.gov/drugsatfda_docs/label/2023/214826s003lbl.pdf; FDA Ativan Injection prescribing information (https://www.accessdata.fda.gov/drugsatfda_docs/label/2023/018140s051lbl.pdf)
info,fact_source_coverage,lorazepam,formulations_available,Field has non-RCT source coverage listed in evidence_sources,,,https://www.accessdata.fda.gov/drugsatfda_docs/label/2023/017794s049lbl.pdf; https://www.accessdata.fda.gov/drugsatfda_docs/label/2009/079244lbl.PDF; https://www.accessdata.fda.gov/drugsatfda_docs/label/2023/018140s051lbl.pdf; https://www.accessdata.fda.gov/drugsatfda_docs/label/2023/214826s003lbl.pdf; FDA Ativan Injection prescribing information (https://www.accessdata.fda.gov/drugsatfda_docs/label/2023/018140s051lbl.pdf)
info,fact_source_coverage,lorazepam,typical_doses_per_day,Field has non-RCT source coverage listed in evidence_sources,,,https://www.accessdata.fda.gov/drugsatfda_docs/label/2023/017794s049lbl.pdf; https://www.accessdata.fda.gov/drugsatfda_docs/label/2009/079244lbl.PDF; https://www.accessdata.fda.gov/drugsatfda_docs/label/2023/018140s051lbl.pdf; https://www.accessdata.fda.gov/drugsatfda_docs/label/2023/214826s003lbl.pdf; FDA Ativan Injection prescribing information (https://www.accessdata.fda.gov/drugsatfda_docs/label/2023/018140s051lbl.pdf)
info,fact_source_coverage,lorazepam,minimum_effective_dose,Field has non-RCT source coverage listed in evidence_sources,,,https://www.accessdata.fda.gov/drugsatfda_docs/label/2023/017794s049lbl.pdf; https://www.accessdata.fda.gov/drugsatfda_docs/label/2009/079244lbl.PDF; https://www.accessdata.fda.gov/drugsatfda_docs/label/2023/018140s051lbl.pdf; https://www.accessdata.fda.gov/drugsatfda_docs/label/2023/214826s003lbl.pdf; FDA Ativan Injection prescribing information (https://www.accessdata.fda.gov/drugsatfda_docs/label/2023/018140s051lbl.pdf)
info,fact_source_coverage,lorazepam,maximum_approved_daily_dose,Field has non-RCT source coverage listed in evidence_sources,,,https://www.accessdata.fda.gov/drugsatfda_docs/label/2023/017794s049lbl.pdf; https://www.accessdata.fda.gov/drugsatfda_docs/label/2009/079244lbl.PDF; https://www.accessdata.fda.gov/drugsatfda_docs/label/2023/018140s051lbl.pdf; https://www.accessdata.fda.gov/drugsatfda_docs/label/2023/214826s003lbl.pdf; FDA Ativan Injection prescribing information (https://www.accessdata.fda.gov/drugsatfda_docs/label/2023/018140s051lbl.pdf)
info,fact_source_coverage,lorazepam,enzyme_inducing_or_inhibiting,Field has non-RCT source coverage listed in evidence_sources,,,https://www.accessdata.fda.gov/drugsatfda_docs/label/2023/017794s049lbl.pdf; https://www.accessdata.fda.gov/drugsatfda_docs/label/2009/079244lbl.PDF; https://www.accessdata.fda.gov/drugsatfda_docs/label/2023/018140s051lbl.pdf; https://www.accessdata.fda.gov/drugsatfda_docs/label/2023/214826s003lbl.pdf; FDA Ativan Injection prescribing information (https://www.accessdata.fda.gov/drugsatfda_docs/label/2023/018140s051lbl.pdf)
info,fact_source_coverage,lorazepam,qt_interval_effect,Field has non-RCT source coverage listed in evidence_sources,,,https://www.accessdata.fda.gov/drugsatfda_docs/label/2023/017794s049lbl.pdf; https://www.accessdata.fda.gov/drugsatfda_docs/label/2009/079244lbl.PDF; https://www.accessdata.fda.gov/drugsatfda_docs/label/2023/018140s051lbl.pdf; https://www.accessdata.fda.gov/drugsatfda_docs/label/2023/214826s003lbl.pdf; FDA Ativan Injection prescribing information (https://www.accessdata.fda.gov/drugsatfda_docs/label/2023/018140s051lbl.pdf)
info,fact_source_coverage,lorazepam,adverse_symptoms_percentages,Field has non-RCT source coverage listed in evidence_sources,,,https://www.accessdata.fda.gov/drugsatfda_docs/label/2023/017794s049lbl.pdf; https://www.accessdata.fda.gov/drugsatfda_docs/label/2009/079244lbl.PDF; https://www.accessdata.fda.gov/drugsatfda_docs/label/2023/018140s051lbl.pdf; https://www.accessdata.fda.gov/drugsatfda_docs/label/2023/214826s003lbl.pdf; FDA Ativan Injection prescribing information (https://www.accessdata.fda.gov/drugsatfda_docs/label/2023/018140s051lbl.pdf)
info,fact_source_coverage,lorazepam,year_fda_cleared,Field has non-RCT source coverage listed in evidence_sources,,,https://www.accessdata.fda.gov/drugsatfda_docs/label/2023/017794s049lbl.pdf; https://www.accessdata.fda.gov/drugsatfda_docs/label/2009/079244lbl.PDF; https://www.accessdata.fda.gov/drugsatfda_docs/label/2023/018140s051lbl.pdf; https://www.accessdata.fda.gov/drugsatfda_docs/label/2023/214826s003lbl.pdf; FDA Ativan Injection prescribing information (https://www.accessdata.fda.gov/drugsatfda_docs/label/2023/018140s051lbl.pdf)
info,fact_source_coverage,lorazepam,fda_black_box_warning,Field has non-RCT source coverage listed in evidence_sources,,,https://www.accessdata.fda.gov/drugsatfda_docs/label/2023/017794s049lbl.pdf; https://www.accessdata.fda.gov/drugsatfda_docs/label/2009/079244lbl.PDF; https://www.accessdata.fda.gov/drugsatfda_docs/label/2023/018140s051lbl.pdf; https://www.accessdata.fda.gov/drugsatfda_docs/label/2023/214826s003lbl.pdf; FDA Ativan Injection prescribing information (https://www.accessdata.fda.gov/drugsatfda_docs/label/2023/018140s051lbl.pdf)
info,fact_source_coverage,lorazepam,fda_black_box_warning_source,Field has non-RCT source coverage listed in evidence_sources,,,https://www.accessdata.fda.gov/drugsatfda_docs/label/2023/017794s049lbl.pdf; https://www.accessdata.fda.gov/drugsatfda_docs/label/2009/079244lbl.PDF; https://www.accessdata.fda.gov/drugsatfda_docs/label/2023/018140s051lbl.pdf; https://www.accessdata.fda.gov/drugsatfda_docs/label/2023/214826s003lbl.pdf; FDA Ativan Injection prescribing information (https://www.accessdata.fda.gov/drugsatfda_docs/label/2023/018140s051lbl.pdf)
info,fact_source_coverage,lorazepam,fda_black_box_warning_verified,Field has non-RCT source coverage listed in evidence_sources,,,https://www.accessdata.fda.gov/drugsatfda_docs/label/2023/017794s049lbl.pdf; https://www.accessdata.fda.gov/drugsatfda_docs/label/2009/079244lbl.PDF; https://www.accessdata.fda.gov/drugsatfda_docs/label/2023/018140s051lbl.pdf; https://www.accessdata.fda.gov/drugsatfda_docs/label/2023/214826s003lbl.pdf; FDA Ativan Injection prescribing information (https://www.accessdata.fda.gov/drugsatfda_docs/label/2023/018140s051lbl.pdf)
info,fact_source_coverage,mephenytoin,trade_names,Field has non-RCT source coverage listed in evidence_sources,,,FDA Orange Book products file; https://open.fda.gov/apis/drug/label/; https://www.fda.gov/drugs/drug-approvals-and-databases/orange-book-data-files
info,fact_source_coverage,mephenytoin,status_or_notes,Field has non-RCT source coverage listed in evidence_sources,,,FDA Orange Book products file; https://open.fda.gov/apis/drug/label/; https://www.fda.gov/drugs/drug-approvals-and-databases/orange-book-data-files
info,fact_source_coverage,mephenytoin,available_in_us,Field has non-RCT source coverage listed in evidence_sources,,,FDA Orange Book products file; https://open.fda.gov/apis/drug/label/; https://www.fda.gov/drugs/drug-approvals-and-databases/orange-book-data-files
info,fact_source_coverage,mephenytoin,epilepsy_type,Field has non-RCT source coverage listed in evidence_sources,,,FDA Orange Book products file; https://open.fda.gov/apis/drug/label/; https://www.fda.gov/drugs/drug-approvals-and-databases/orange-book-data-files
info,fact_source_coverage,mephenytoin,mechanism_of_action,Field has non-RCT source coverage listed in evidence_sources,,,FDA Orange Book products file; https://open.fda.gov/apis/drug/label/; https://www.fda.gov/drugs/drug-approvals-and-databases/orange-book-data-files
info,fact_source_coverage,mephenytoin,mechanism_source,Field has non-RCT source coverage listed in evidence_sources,,,FDA Orange Book products file; https://open.fda.gov/apis/drug/label/; https://www.fda.gov/drugs/drug-approvals-and-databases/orange-book-data-files
info,fact_source_coverage,mephenytoin,mechanism_source_tier,Field has non-RCT source coverage listed in evidence_sources,,,FDA Orange Book products file; https://open.fda.gov/apis/drug/label/; https://www.fda.gov/drugs/drug-approvals-and-databases/orange-book-data-files
info,fact_source_coverage,mephenytoin,mechanism_confidence,Field has non-RCT source coverage listed in evidence_sources,,,FDA Orange Book products file; https://open.fda.gov/apis/drug/label/; https://www.fda.gov/drugs/drug-approvals-and-databases/orange-book-data-files
info,fact_source_coverage,mephenytoin,half_life_range,Field has non-RCT source coverage listed in evidence_sources,,,FDA Orange Book products file; https://open.fda.gov/apis/drug/label/; https://www.fda.gov/drugs/drug-approvals-and-databases/orange-book-data-files
info,fact_source_coverage,mephenytoin,major_organ_for_metabolism,Field has non-RCT source coverage listed in evidence_sources,,,FDA Orange Book products file; https://open.fda.gov/apis/drug/label/; https://www.fda.gov/drugs/drug-approvals-and-databases/orange-book-data-files
info,fact_source_coverage,mephenytoin,formulations_available,Field has non-RCT source coverage listed in evidence_sources,,,FDA Orange Book products file; https://open.fda.gov/apis/drug/label/; https://www.fda.gov/drugs/drug-approvals-and-databases/orange-book-data-files
info,fact_source_coverage,mephenytoin,typical_doses_per_day,Field has non-RCT source coverage listed in evidence_sources,,,FDA Orange Book products file; https://open.fda.gov/apis/drug/label/; https://www.fda.gov/drugs/drug-approvals-and-databases/orange-book-data-files
info,fact_source_coverage,mephenytoin,minimum_effective_dose,Field has non-RCT source coverage listed in evidence_sources,,,FDA Orange Book products file; https://open.fda.gov/apis/drug/label/; https://www.fda.gov/drugs/drug-approvals-and-databases/orange-book-data-files
info,fact_source_coverage,mephenytoin,maximum_approved_daily_dose,Field has non-RCT source coverage listed in evidence_sources,,,FDA Orange Book products file; https://open.fda.gov/apis/drug/label/; https://www.fda.gov/drugs/drug-approvals-and-databases/orange-book-data-files
info,fact_source_coverage,mephenytoin,enzyme_inducing_or_inhibiting,Field has non-RCT source coverage listed in evidence_sources,,,FDA Orange Book products file; https://open.fda.gov/apis/drug/label/; https://www.fda.gov/drugs/drug-approvals-and-databases/orange-book-data-files
info,fact_source_coverage,mephenytoin,qt_interval_effect,Field has non-RCT source coverage listed in evidence_sources,,,FDA Orange Book products file; https://open.fda.gov/apis/drug/label/; https://www.fda.gov/drugs/drug-approvals-and-databases/orange-book-data-files
info,fact_source_coverage,mephenytoin,adverse_symptoms_percentages,Field has non-RCT source coverage listed in evidence_sources,,,FDA Orange Book products file; https://open.fda.gov/apis/drug/label/; https://www.fda.gov/drugs/drug-approvals-and-databases/orange-book-data-files
info,fact_source_coverage,mephenytoin,year_fda_cleared,Field has non-RCT source coverage listed in evidence_sources,,,FDA Orange Book products file; https://open.fda.gov/apis/drug/label/; https://www.fda.gov/drugs/drug-approvals-and-databases/orange-book-data-files
info,fact_source_coverage,mephenytoin,fda_black_box_warning,Field has non-RCT source coverage listed in evidence_sources,,,FDA Orange Book products file; https://open.fda.gov/apis/drug/label/; https://www.fda.gov/drugs/drug-approvals-and-databases/orange-book-data-files
info,fact_source_coverage,mephenytoin,fda_black_box_warning_source,Field has non-RCT source coverage listed in evidence_sources,,,FDA Orange Book products file; https://open.fda.gov/apis/drug/label/; https://www.fda.gov/drugs/drug-approvals-and-databases/orange-book-data-files
info,fact_source_coverage,mephenytoin,fda_black_box_warning_verified,Field has non-RCT source coverage listed in evidence_sources,,,FDA Orange Book products file; https://open.fda.gov/apis/drug/label/; https://www.fda.gov/drugs/drug-approvals-and-databases/orange-book-data-files
info,fact_source_coverage,metharbital,trade_names,Field has non-RCT source coverage listed in evidence_sources,,,FDA Orange Book products file; https://open.fda.gov/apis/drug/label/; https://www.fda.gov/drugs/drug-approvals-and-databases/orange-book-data-files
info,fact_source_coverage,metharbital,status_or_notes,Field has non-RCT source coverage listed in evidence_sources,,,FDA Orange Book products file; https://open.fda.gov/apis/drug/label/; https://www.fda.gov/drugs/drug-approvals-and-databases/orange-book-data-files
info,fact_source_coverage,metharbital,available_in_us,Field has non-RCT source coverage listed in evidence_sources,,,FDA Orange Book products file; https://open.fda.gov/apis/drug/label/; https://www.fda.gov/drugs/drug-approvals-and-databases/orange-book-data-files
info,fact_source_coverage,metharbital,epilepsy_type,Field has non-RCT source coverage listed in evidence_sources,,,FDA Orange Book products file; https://open.fda.gov/apis/drug/label/; https://www.fda.gov/drugs/drug-approvals-and-databases/orange-book-data-files
info,fact_source_coverage,metharbital,mechanism_of_action,Field has non-RCT source coverage listed in evidence_sources,,,FDA Orange Book products file; https://open.fda.gov/apis/drug/label/; https://www.fda.gov/drugs/drug-approvals-and-databases/orange-book-data-files
info,fact_source_coverage,metharbital,mechanism_source,Field has non-RCT source coverage listed in evidence_sources,,,FDA Orange Book products file; https://open.fda.gov/apis/drug/label/; https://www.fda.gov/drugs/drug-approvals-and-databases/orange-book-data-files
info,fact_source_coverage,metharbital,mechanism_source_tier,Field has non-RCT source coverage listed in evidence_sources,,,FDA Orange Book products file; https://open.fda.gov/apis/drug/label/; https://www.fda.gov/drugs/drug-approvals-and-databases/orange-book-data-files
info,fact_source_coverage,metharbital,mechanism_confidence,Field has non-RCT source coverage listed in evidence_sources,,,FDA Orange Book products file; https://open.fda.gov/apis/drug/label/; https://www.fda.gov/drugs/drug-approvals-and-databases/orange-book-data-files
info,fact_source_coverage,metharbital,half_life_range,Field has non-RCT source coverage listed in evidence_sources,,,FDA Orange Book products file; https://open.fda.gov/apis/drug/label/; https://www.fda.gov/drugs/drug-approvals-and-databases/orange-book-data-files
info,fact_source_coverage,metharbital,major_organ_for_metabolism,Field has non-RCT source coverage listed in evidence_sources,,,FDA Orange Book products file; https://open.fda.gov/apis/drug/label/; https://www.fda.gov/drugs/drug-approvals-and-databases/orange-book-data-files
info,fact_source_coverage,metharbital,formulations_available,Field has non-RCT source coverage listed in evidence_sources,,,FDA Orange Book products file; https://open.fda.gov/apis/drug/label/; https://www.fda.gov/drugs/drug-approvals-and-databases/orange-book-data-files
info,fact_source_coverage,metharbital,typical_doses_per_day,Field has non-RCT source coverage listed in evidence_sources,,,FDA Orange Book products file; https://open.fda.gov/apis/drug/label/; https://www.fda.gov/drugs/drug-approvals-and-databases/orange-book-data-files
info,fact_source_coverage,metharbital,minimum_effective_dose,Field has non-RCT source coverage listed in evidence_sources,,,FDA Orange Book products file; https://open.fda.gov/apis/drug/label/; https://www.fda.gov/drugs/drug-approvals-and-databases/orange-book-data-files
info,fact_source_coverage,metharbital,maximum_approved_daily_dose,Field has non-RCT source coverage listed in evidence_sources,,,FDA Orange Book products file; https://open.fda.gov/apis/drug/label/; https://www.fda.gov/drugs/drug-approvals-and-databases/orange-book-data-files
info,fact_source_coverage,metharbital,enzyme_inducing_or_inhibiting,Field has non-RCT source coverage listed in evidence_sources,,,FDA Orange Book products file; https://open.fda.gov/apis/drug/label/; https://www.fda.gov/drugs/drug-approvals-and-databases/orange-book-data-files
info,fact_source_coverage,metharbital,qt_interval_effect,Field has non-RCT source coverage listed in evidence_sources,,,FDA Orange Book products file; https://open.fda.gov/apis/drug/label/; https://www.fda.gov/drugs/drug-approvals-and-databases/orange-book-data-files
info,fact_source_coverage,metharbital,adverse_symptoms_percentages,Field has non-RCT source coverage listed in evidence_sources,,,FDA Orange Book products file; https://open.fda.gov/apis/drug/label/; https://www.fda.gov/drugs/drug-approvals-and-databases/orange-book-data-files
info,fact_source_coverage,metharbital,year_fda_cleared,Field has non-RCT source coverage listed in evidence_sources,,,FDA Orange Book products file; https://open.fda.gov/apis/drug/label/; https://www.fda.gov/drugs/drug-approvals-and-databases/orange-book-data-files
info,fact_source_coverage,metharbital,fda_black_box_warning,Field has non-RCT source coverage listed in evidence_sources,,,FDA Orange Book products file; https://open.fda.gov/apis/drug/label/; https://www.fda.gov/drugs/drug-approvals-and-databases/orange-book-data-files
info,fact_source_coverage,metharbital,fda_black_box_warning_source,Field has non-RCT source coverage listed in evidence_sources,,,FDA Orange Book products file; https://open.fda.gov/apis/drug/label/; https://www.fda.gov/drugs/drug-approvals-and-databases/orange-book-data-files
info,fact_source_coverage,metharbital,fda_black_box_warning_verified,Field has non-RCT source coverage listed in evidence_sources,,,FDA Orange Book products file; https://open.fda.gov/apis/drug/label/; https://www.fda.gov/drugs/drug-approvals-and-databases/orange-book-data-files
info,fact_source_coverage,methsuximide,trade_names,Field has non-RCT source coverage listed in evidence_sources,,,FDA Orange Book products file; https://www.accessdata.fda.gov/drugsatfda_docs/label/2010/010596s22lbl.pdf; https://api.fda.gov/drug/label.json?search=openfda.spl_set_id%3A%2264a6ee88-c6b1-4e13-8208-b6772ef65a74%22&limit=5; FDA Drugs@FDA/accessdata labeling; FDA/openFDA labeling
info,fact_source_coverage,methsuximide,status_or_notes,Field has non-RCT source coverage listed in evidence_sources,,,FDA Orange Book products file; https://www.accessdata.fda.gov/drugsatfda_docs/label/2010/010596s22lbl.pdf; https://api.fda.gov/drug/label.json?search=openfda.spl_set_id%3A%2264a6ee88-c6b1-4e13-8208-b6772ef65a74%22&limit=5; FDA Drugs@FDA/accessdata labeling; FDA/openFDA labeling
info,fact_source_coverage,methsuximide,available_in_us,Field has non-RCT source coverage listed in evidence_sources,,,FDA Orange Book products file; https://www.accessdata.fda.gov/drugsatfda_docs/label/2010/010596s22lbl.pdf; https://api.fda.gov/drug/label.json?search=openfda.spl_set_id%3A%2264a6ee88-c6b1-4e13-8208-b6772ef65a74%22&limit=5; FDA Drugs@FDA/accessdata labeling; FDA/openFDA labeling
info,fact_source_coverage,methsuximide,epilepsy_type,Field has non-RCT source coverage listed in evidence_sources,,,FDA Orange Book products file; https://www.accessdata.fda.gov/drugsatfda_docs/label/2010/010596s22lbl.pdf; https://api.fda.gov/drug/label.json?search=openfda.spl_set_id%3A%2264a6ee88-c6b1-4e13-8208-b6772ef65a74%22&limit=5; FDA Drugs@FDA/accessdata labeling; FDA/openFDA labeling
info,fact_source_coverage,methsuximide,mechanism_of_action,Field has non-RCT source coverage listed in evidence_sources,,,FDA Orange Book products file; https://www.accessdata.fda.gov/drugsatfda_docs/label/2010/010596s22lbl.pdf; https://api.fda.gov/drug/label.json?search=openfda.spl_set_id%3A%2264a6ee88-c6b1-4e13-8208-b6772ef65a74%22&limit=5; FDA Drugs@FDA/accessdata labeling; FDA/openFDA labeling
info,fact_source_coverage,methsuximide,mechanism_source,Field has non-RCT source coverage listed in evidence_sources,,,FDA Orange Book products file; https://www.accessdata.fda.gov/drugsatfda_docs/label/2010/010596s22lbl.pdf; https://api.fda.gov/drug/label.json?search=openfda.spl_set_id%3A%2264a6ee88-c6b1-4e13-8208-b6772ef65a74%22&limit=5; FDA Drugs@FDA/accessdata labeling; FDA/openFDA labeling
info,fact_source_coverage,methsuximide,mechanism_source_tier,Field has non-RCT source coverage listed in evidence_sources,,,FDA Orange Book products file; https://www.accessdata.fda.gov/drugsatfda_docs/label/2010/010596s22lbl.pdf; https://api.fda.gov/drug/label.json?search=openfda.spl_set_id%3A%2264a6ee88-c6b1-4e13-8208-b6772ef65a74%22&limit=5; FDA Drugs@FDA/accessdata labeling; FDA/openFDA labeling
info,fact_source_coverage,methsuximide,mechanism_confidence,Field has non-RCT source coverage listed in evidence_sources,,,FDA Orange Book products file; https://www.accessdata.fda.gov/drugsatfda_docs/label/2010/010596s22lbl.pdf; https://api.fda.gov/drug/label.json?search=openfda.spl_set_id%3A%2264a6ee88-c6b1-4e13-8208-b6772ef65a74%22&limit=5; FDA Drugs@FDA/accessdata labeling; FDA/openFDA labeling
info,fact_source_coverage,methsuximide,half_life_range,Field has non-RCT source coverage listed in evidence_sources,,,FDA Orange Book products file; https://www.accessdata.fda.gov/drugsatfda_docs/label/2010/010596s22lbl.pdf; https://api.fda.gov/drug/label.json?search=openfda.spl_set_id%3A%2264a6ee88-c6b1-4e13-8208-b6772ef65a74%22&limit=5; FDA Drugs@FDA/accessdata labeling; FDA/openFDA labeling
info,fact_source_coverage,methsuximide,major_organ_for_metabolism,Field has non-RCT source coverage listed in evidence_sources,,,FDA Orange Book products file; https://www.accessdata.fda.gov/drugsatfda_docs/label/2010/010596s22lbl.pdf; https://api.fda.gov/drug/label.json?search=openfda.spl_set_id%3A%2264a6ee88-c6b1-4e13-8208-b6772ef65a74%22&limit=5; FDA Drugs@FDA/accessdata labeling; FDA/openFDA labeling
info,fact_source_coverage,methsuximide,formulations_available,Field has non-RCT source coverage listed in evidence_sources,,,FDA Orange Book products file; https://www.accessdata.fda.gov/drugsatfda_docs/label/2010/010596s22lbl.pdf; https://api.fda.gov/drug/label.json?search=openfda.spl_set_id%3A%2264a6ee88-c6b1-4e13-8208-b6772ef65a74%22&limit=5; FDA Drugs@FDA/accessdata labeling; FDA/openFDA labeling
info,fact_source_coverage,methsuximide,typical_doses_per_day,Field has non-RCT source coverage listed in evidence_sources,,,FDA Orange Book products file; https://www.accessdata.fda.gov/drugsatfda_docs/label/2010/010596s22lbl.pdf; https://api.fda.gov/drug/label.json?search=openfda.spl_set_id%3A%2264a6ee88-c6b1-4e13-8208-b6772ef65a74%22&limit=5; FDA Drugs@FDA/accessdata labeling; FDA/openFDA labeling
info,fact_source_coverage,methsuximide,minimum_effective_dose,Field has non-RCT source coverage listed in evidence_sources,,,FDA Orange Book products file; https://www.accessdata.fda.gov/drugsatfda_docs/label/2010/010596s22lbl.pdf; https://api.fda.gov/drug/label.json?search=openfda.spl_set_id%3A%2264a6ee88-c6b1-4e13-8208-b6772ef65a74%22&limit=5; FDA Drugs@FDA/accessdata labeling; FDA/openFDA labeling
info,fact_source_coverage,methsuximide,maximum_approved_daily_dose,Field has non-RCT source coverage listed in evidence_sources,,,FDA Orange Book products file; https://www.accessdata.fda.gov/drugsatfda_docs/label/2010/010596s22lbl.pdf; https://api.fda.gov/drug/label.json?search=openfda.spl_set_id%3A%2264a6ee88-c6b1-4e13-8208-b6772ef65a74%22&limit=5; FDA Drugs@FDA/accessdata labeling; FDA/openFDA labeling
info,fact_source_coverage,methsuximide,enzyme_inducing_or_inhibiting,Field has non-RCT source coverage listed in evidence_sources,,,FDA Orange Book products file; https://www.accessdata.fda.gov/drugsatfda_docs/label/2010/010596s22lbl.pdf; https://api.fda.gov/drug/label.json?search=openfda.spl_set_id%3A%2264a6ee88-c6b1-4e13-8208-b6772ef65a74%22&limit=5; FDA Drugs@FDA/accessdata labeling; FDA/openFDA labeling
info,fact_source_coverage,methsuximide,qt_interval_effect,Field has non-RCT source coverage listed in evidence_sources,,,FDA Orange Book products file; https://www.accessdata.fda.gov/drugsatfda_docs/label/2010/010596s22lbl.pdf; https://api.fda.gov/drug/label.json?search=openfda.spl_set_id%3A%2264a6ee88-c6b1-4e13-8208-b6772ef65a74%22&limit=5; FDA Drugs@FDA/accessdata labeling; FDA/openFDA labeling
info,fact_source_coverage,methsuximide,adverse_symptoms_percentages,Field has non-RCT source coverage listed in evidence_sources,,,FDA Orange Book products file; https://www.accessdata.fda.gov/drugsatfda_docs/label/2010/010596s22lbl.pdf; https://api.fda.gov/drug/label.json?search=openfda.spl_set_id%3A%2264a6ee88-c6b1-4e13-8208-b6772ef65a74%22&limit=5; FDA Drugs@FDA/accessdata labeling; FDA/openFDA labeling
info,fact_source_coverage,methsuximide,year_fda_cleared,Field has non-RCT source coverage listed in evidence_sources,,,FDA Orange Book products file; https://www.accessdata.fda.gov/drugsatfda_docs/label/2010/010596s22lbl.pdf; https://api.fda.gov/drug/label.json?search=openfda.spl_set_id%3A%2264a6ee88-c6b1-4e13-8208-b6772ef65a74%22&limit=5; FDA Drugs@FDA/accessdata labeling; FDA/openFDA labeling
info,fact_source_coverage,methsuximide,fda_black_box_warning,Field has non-RCT source coverage listed in evidence_sources,,,FDA Orange Book products file; https://www.accessdata.fda.gov/drugsatfda_docs/label/2010/010596s22lbl.pdf; https://api.fda.gov/drug/label.json?search=openfda.spl_set_id%3A%2264a6ee88-c6b1-4e13-8208-b6772ef65a74%22&limit=5; FDA Drugs@FDA/accessdata labeling; FDA/openFDA labeling
info,fact_source_coverage,methsuximide,fda_black_box_warning_source,Field has non-RCT source coverage listed in evidence_sources,,,FDA Orange Book products file; https://www.accessdata.fda.gov/drugsatfda_docs/label/2010/010596s22lbl.pdf; https://api.fda.gov/drug/label.json?search=openfda.spl_set_id%3A%2264a6ee88-c6b1-4e13-8208-b6772ef65a74%22&limit=5; FDA Drugs@FDA/accessdata labeling; FDA/openFDA labeling
info,fact_source_coverage,methsuximide,fda_black_box_warning_verified,Field has non-RCT source coverage listed in evidence_sources,,,FDA Orange Book products file; https://www.accessdata.fda.gov/drugsatfda_docs/label/2010/010596s22lbl.pdf; https://api.fda.gov/drug/label.json?search=openfda.spl_set_id%3A%2264a6ee88-c6b1-4e13-8208-b6772ef65a74%22&limit=5; FDA Drugs@FDA/accessdata labeling; FDA/openFDA labeling
info,fact_source_coverage,methylphenobarbital,trade_names,Field has non-RCT source coverage listed in evidence_sources,,,HALMED Phemiton 200 mg SmPC (https://halmed.hr/upl/lijekovi/SPC/Phemiton-200-mg-tablete-SPC.pdf); EMA methylphenobarbital nationally authorised products PSUSA/00002025/202303 (https://www.ema.europa.eu/en/documents/psusa/methylphenobarbital-list-nationally-authorised-medicinal-products-psusa-00002025-202303_en.pdf); https://halmed.hr/upl/lijekovi/SPC/Phemiton-200-mg-tablete-SPC.pdf; https://www.ema.europa.eu/en/documents/psusa/methylphenobarbital-list-nationally-authorised-medicinal-products-psusa-00002025-202303_en.pdf
info,fact_source_coverage,methylphenobarbital,status_or_notes,Field has non-RCT source coverage listed in evidence_sources,,,HALMED Phemiton 200 mg SmPC (https://halmed.hr/upl/lijekovi/SPC/Phemiton-200-mg-tablete-SPC.pdf); EMA methylphenobarbital nationally authorised products PSUSA/00002025/202303 (https://www.ema.europa.eu/en/documents/psusa/methylphenobarbital-list-nationally-authorised-medicinal-products-psusa-00002025-202303_en.pdf); https://halmed.hr/upl/lijekovi/SPC/Phemiton-200-mg-tablete-SPC.pdf; https://www.ema.europa.eu/en/documents/psusa/methylphenobarbital-list-nationally-authorised-medicinal-products-psusa-00002025-202303_en.pdf
info,fact_source_coverage,methylphenobarbital,available_in_us,Field has non-RCT source coverage listed in evidence_sources,,,HALMED Phemiton 200 mg SmPC (https://halmed.hr/upl/lijekovi/SPC/Phemiton-200-mg-tablete-SPC.pdf); EMA methylphenobarbital nationally authorised products PSUSA/00002025/202303 (https://www.ema.europa.eu/en/documents/psusa/methylphenobarbital-list-nationally-authorised-medicinal-products-psusa-00002025-202303_en.pdf); https://halmed.hr/upl/lijekovi/SPC/Phemiton-200-mg-tablete-SPC.pdf; https://www.ema.europa.eu/en/documents/psusa/methylphenobarbital-list-nationally-authorised-medicinal-products-psusa-00002025-202303_en.pdf
info,fact_source_coverage,methylphenobarbital,epilepsy_type,Field has non-RCT source coverage listed in evidence_sources,,,HALMED Phemiton 200 mg SmPC (https://halmed.hr/upl/lijekovi/SPC/Phemiton-200-mg-tablete-SPC.pdf); EMA methylphenobarbital nationally authorised products PSUSA/00002025/202303 (https://www.ema.europa.eu/en/documents/psusa/methylphenobarbital-list-nationally-authorised-medicinal-products-psusa-00002025-202303_en.pdf); https://halmed.hr/upl/lijekovi/SPC/Phemiton-200-mg-tablete-SPC.pdf; https://www.ema.europa.eu/en/documents/psusa/methylphenobarbital-list-nationally-authorised-medicinal-products-psusa-00002025-202303_en.pdf
info,fact_source_coverage,methylphenobarbital,mechanism_of_action,Field has non-RCT source coverage listed in evidence_sources,,,HALMED Phemiton 200 mg SmPC (https://halmed.hr/upl/lijekovi/SPC/Phemiton-200-mg-tablete-SPC.pdf); EMA methylphenobarbital nationally authorised products PSUSA/00002025/202303 (https://www.ema.europa.eu/en/documents/psusa/methylphenobarbital-list-nationally-authorised-medicinal-products-psusa-00002025-202303_en.pdf); https://halmed.hr/upl/lijekovi/SPC/Phemiton-200-mg-tablete-SPC.pdf; https://www.ema.europa.eu/en/documents/psusa/methylphenobarbital-list-nationally-authorised-medicinal-products-psusa-00002025-202303_en.pdf
info,fact_source_coverage,methylphenobarbital,mechanism_source,Field has non-RCT source coverage listed in evidence_sources,,,HALMED Phemiton 200 mg SmPC (https://halmed.hr/upl/lijekovi/SPC/Phemiton-200-mg-tablete-SPC.pdf); EMA methylphenobarbital nationally authorised products PSUSA/00002025/202303 (https://www.ema.europa.eu/en/documents/psusa/methylphenobarbital-list-nationally-authorised-medicinal-products-psusa-00002025-202303_en.pdf); https://halmed.hr/upl/lijekovi/SPC/Phemiton-200-mg-tablete-SPC.pdf; https://www.ema.europa.eu/en/documents/psusa/methylphenobarbital-list-nationally-authorised-medicinal-products-psusa-00002025-202303_en.pdf
info,fact_source_coverage,methylphenobarbital,mechanism_source_tier,Field has non-RCT source coverage listed in evidence_sources,,,HALMED Phemiton 200 mg SmPC (https://halmed.hr/upl/lijekovi/SPC/Phemiton-200-mg-tablete-SPC.pdf); EMA methylphenobarbital nationally authorised products PSUSA/00002025/202303 (https://www.ema.europa.eu/en/documents/psusa/methylphenobarbital-list-nationally-authorised-medicinal-products-psusa-00002025-202303_en.pdf); https://halmed.hr/upl/lijekovi/SPC/Phemiton-200-mg-tablete-SPC.pdf; https://www.ema.europa.eu/en/documents/psusa/methylphenobarbital-list-nationally-authorised-medicinal-products-psusa-00002025-202303_en.pdf
info,fact_source_coverage,methylphenobarbital,mechanism_confidence,Field has non-RCT source coverage listed in evidence_sources,,,HALMED Phemiton 200 mg SmPC (https://halmed.hr/upl/lijekovi/SPC/Phemiton-200-mg-tablete-SPC.pdf); EMA methylphenobarbital nationally authorised products PSUSA/00002025/202303 (https://www.ema.europa.eu/en/documents/psusa/methylphenobarbital-list-nationally-authorised-medicinal-products-psusa-00002025-202303_en.pdf); https://halmed.hr/upl/lijekovi/SPC/Phemiton-200-mg-tablete-SPC.pdf; https://www.ema.europa.eu/en/documents/psusa/methylphenobarbital-list-nationally-authorised-medicinal-products-psusa-00002025-202303_en.pdf
info,fact_source_coverage,methylphenobarbital,half_life_range,Field has non-RCT source coverage listed in evidence_sources,,,HALMED Phemiton 200 mg SmPC (https://halmed.hr/upl/lijekovi/SPC/Phemiton-200-mg-tablete-SPC.pdf); EMA methylphenobarbital nationally authorised products PSUSA/00002025/202303 (https://www.ema.europa.eu/en/documents/psusa/methylphenobarbital-list-nationally-authorised-medicinal-products-psusa-00002025-202303_en.pdf); https://halmed.hr/upl/lijekovi/SPC/Phemiton-200-mg-tablete-SPC.pdf; https://www.ema.europa.eu/en/documents/psusa/methylphenobarbital-list-nationally-authorised-medicinal-products-psusa-00002025-202303_en.pdf
info,fact_source_coverage,methylphenobarbital,major_organ_for_metabolism,Field has non-RCT source coverage listed in evidence_sources,,,HALMED Phemiton 200 mg SmPC (https://halmed.hr/upl/lijekovi/SPC/Phemiton-200-mg-tablete-SPC.pdf); EMA methylphenobarbital nationally authorised products PSUSA/00002025/202303 (https://www.ema.europa.eu/en/documents/psusa/methylphenobarbital-list-nationally-authorised-medicinal-products-psusa-00002025-202303_en.pdf); https://halmed.hr/upl/lijekovi/SPC/Phemiton-200-mg-tablete-SPC.pdf; https://www.ema.europa.eu/en/documents/psusa/methylphenobarbital-list-nationally-authorised-medicinal-products-psusa-00002025-202303_en.pdf
info,fact_source_coverage,methylphenobarbital,formulations_available,Field has non-RCT source coverage listed in evidence_sources,,,HALMED Phemiton 200 mg SmPC (https://halmed.hr/upl/lijekovi/SPC/Phemiton-200-mg-tablete-SPC.pdf); EMA methylphenobarbital nationally authorised products PSUSA/00002025/202303 (https://www.ema.europa.eu/en/documents/psusa/methylphenobarbital-list-nationally-authorised-medicinal-products-psusa-00002025-202303_en.pdf); https://halmed.hr/upl/lijekovi/SPC/Phemiton-200-mg-tablete-SPC.pdf; https://www.ema.europa.eu/en/documents/psusa/methylphenobarbital-list-nationally-authorised-medicinal-products-psusa-00002025-202303_en.pdf
info,fact_source_coverage,methylphenobarbital,typical_doses_per_day,Field has non-RCT source coverage listed in evidence_sources,,,HALMED Phemiton 200 mg SmPC (https://halmed.hr/upl/lijekovi/SPC/Phemiton-200-mg-tablete-SPC.pdf); EMA methylphenobarbital nationally authorised products PSUSA/00002025/202303 (https://www.ema.europa.eu/en/documents/psusa/methylphenobarbital-list-nationally-authorised-medicinal-products-psusa-00002025-202303_en.pdf); https://halmed.hr/upl/lijekovi/SPC/Phemiton-200-mg-tablete-SPC.pdf; https://www.ema.europa.eu/en/documents/psusa/methylphenobarbital-list-nationally-authorised-medicinal-products-psusa-00002025-202303_en.pdf
info,fact_source_coverage,methylphenobarbital,minimum_effective_dose,Field has non-RCT source coverage listed in evidence_sources,,,HALMED Phemiton 200 mg SmPC (https://halmed.hr/upl/lijekovi/SPC/Phemiton-200-mg-tablete-SPC.pdf); EMA methylphenobarbital nationally authorised products PSUSA/00002025/202303 (https://www.ema.europa.eu/en/documents/psusa/methylphenobarbital-list-nationally-authorised-medicinal-products-psusa-00002025-202303_en.pdf); https://halmed.hr/upl/lijekovi/SPC/Phemiton-200-mg-tablete-SPC.pdf; https://www.ema.europa.eu/en/documents/psusa/methylphenobarbital-list-nationally-authorised-medicinal-products-psusa-00002025-202303_en.pdf
info,fact_source_coverage,methylphenobarbital,maximum_approved_daily_dose,Field has non-RCT source coverage listed in evidence_sources,,,HALMED Phemiton 200 mg SmPC (https://halmed.hr/upl/lijekovi/SPC/Phemiton-200-mg-tablete-SPC.pdf); EMA methylphenobarbital nationally authorised products PSUSA/00002025/202303 (https://www.ema.europa.eu/en/documents/psusa/methylphenobarbital-list-nationally-authorised-medicinal-products-psusa-00002025-202303_en.pdf); https://halmed.hr/upl/lijekovi/SPC/Phemiton-200-mg-tablete-SPC.pdf; https://www.ema.europa.eu/en/documents/psusa/methylphenobarbital-list-nationally-authorised-medicinal-products-psusa-00002025-202303_en.pdf
info,fact_source_coverage,methylphenobarbital,enzyme_inducing_or_inhibiting,Field has non-RCT source coverage listed in evidence_sources,,,HALMED Phemiton 200 mg SmPC (https://halmed.hr/upl/lijekovi/SPC/Phemiton-200-mg-tablete-SPC.pdf); EMA methylphenobarbital nationally authorised products PSUSA/00002025/202303 (https://www.ema.europa.eu/en/documents/psusa/methylphenobarbital-list-nationally-authorised-medicinal-products-psusa-00002025-202303_en.pdf); https://halmed.hr/upl/lijekovi/SPC/Phemiton-200-mg-tablete-SPC.pdf; https://www.ema.europa.eu/en/documents/psusa/methylphenobarbital-list-nationally-authorised-medicinal-products-psusa-00002025-202303_en.pdf
info,fact_source_coverage,methylphenobarbital,qt_interval_effect,Field has non-RCT source coverage listed in evidence_sources,,,HALMED Phemiton 200 mg SmPC (https://halmed.hr/upl/lijekovi/SPC/Phemiton-200-mg-tablete-SPC.pdf); EMA methylphenobarbital nationally authorised products PSUSA/00002025/202303 (https://www.ema.europa.eu/en/documents/psusa/methylphenobarbital-list-nationally-authorised-medicinal-products-psusa-00002025-202303_en.pdf); https://halmed.hr/upl/lijekovi/SPC/Phemiton-200-mg-tablete-SPC.pdf; https://www.ema.europa.eu/en/documents/psusa/methylphenobarbital-list-nationally-authorised-medicinal-products-psusa-00002025-202303_en.pdf
info,fact_source_coverage,methylphenobarbital,adverse_symptoms_percentages,Field has non-RCT source coverage listed in evidence_sources,,,HALMED Phemiton 200 mg SmPC (https://halmed.hr/upl/lijekovi/SPC/Phemiton-200-mg-tablete-SPC.pdf); EMA methylphenobarbital nationally authorised products PSUSA/00002025/202303 (https://www.ema.europa.eu/en/documents/psusa/methylphenobarbital-list-nationally-authorised-medicinal-products-psusa-00002025-202303_en.pdf); https://halmed.hr/upl/lijekovi/SPC/Phemiton-200-mg-tablete-SPC.pdf; https://www.ema.europa.eu/en/documents/psusa/methylphenobarbital-list-nationally-authorised-medicinal-products-psusa-00002025-202303_en.pdf
info,fact_source_coverage,methylphenobarbital,year_fda_cleared,Field has non-RCT source coverage listed in evidence_sources,,,HALMED Phemiton 200 mg SmPC (https://halmed.hr/upl/lijekovi/SPC/Phemiton-200-mg-tablete-SPC.pdf); EMA methylphenobarbital nationally authorised products PSUSA/00002025/202303 (https://www.ema.europa.eu/en/documents/psusa/methylphenobarbital-list-nationally-authorised-medicinal-products-psusa-00002025-202303_en.pdf); https://halmed.hr/upl/lijekovi/SPC/Phemiton-200-mg-tablete-SPC.pdf; https://www.ema.europa.eu/en/documents/psusa/methylphenobarbital-list-nationally-authorised-medicinal-products-psusa-00002025-202303_en.pdf
info,fact_source_coverage,methylphenobarbital,fda_black_box_warning,Field has non-RCT source coverage listed in evidence_sources,,,HALMED Phemiton 200 mg SmPC (https://halmed.hr/upl/lijekovi/SPC/Phemiton-200-mg-tablete-SPC.pdf); EMA methylphenobarbital nationally authorised products PSUSA/00002025/202303 (https://www.ema.europa.eu/en/documents/psusa/methylphenobarbital-list-nationally-authorised-medicinal-products-psusa-00002025-202303_en.pdf); https://halmed.hr/upl/lijekovi/SPC/Phemiton-200-mg-tablete-SPC.pdf; https://www.ema.europa.eu/en/documents/psusa/methylphenobarbital-list-nationally-authorised-medicinal-products-psusa-00002025-202303_en.pdf
info,fact_source_coverage,methylphenobarbital,fda_black_box_warning_source,Field has non-RCT source coverage listed in evidence_sources,,,HALMED Phemiton 200 mg SmPC (https://halmed.hr/upl/lijekovi/SPC/Phemiton-200-mg-tablete-SPC.pdf); EMA methylphenobarbital nationally authorised products PSUSA/00002025/202303 (https://www.ema.europa.eu/en/documents/psusa/methylphenobarbital-list-nationally-authorised-medicinal-products-psusa-00002025-202303_en.pdf); https://halmed.hr/upl/lijekovi/SPC/Phemiton-200-mg-tablete-SPC.pdf; https://www.ema.europa.eu/en/documents/psusa/methylphenobarbital-list-nationally-authorised-medicinal-products-psusa-00002025-202303_en.pdf
info,fact_source_coverage,methylphenobarbital,fda_black_box_warning_verified,Field has non-RCT source coverage listed in evidence_sources,,,HALMED Phemiton 200 mg SmPC (https://halmed.hr/upl/lijekovi/SPC/Phemiton-200-mg-tablete-SPC.pdf); EMA methylphenobarbital nationally authorised products PSUSA/00002025/202303 (https://www.ema.europa.eu/en/documents/psusa/methylphenobarbital-list-nationally-authorised-medicinal-products-psusa-00002025-202303_en.pdf); https://halmed.hr/upl/lijekovi/SPC/Phemiton-200-mg-tablete-SPC.pdf; https://www.ema.europa.eu/en/documents/psusa/methylphenobarbital-list-nationally-authorised-medicinal-products-psusa-00002025-202303_en.pdf
info,fact_source_coverage,midazolam,trade_names,Field has non-RCT source coverage listed in evidence_sources,,,FDA NAYZILAM label; FDA SEIZALAM label; FDA midazolam injection label; https://www.accessdata.fda.gov/drugsatfda_docs/label/2022/215868s000lbl.pdf; https://www.accessdata.fda.gov/scripts/opdlisting/oopd/detailedIndex.cfm?cfgridkey=508215; https://www.accessdata.fda.gov/drugsatfda_docs/label/2023/211321s008lbl.pdf; https://www.accessdata.fda.gov/drugsatfda_docs/label/2023/209566s003lbl.pdf; https://www.ema.europa.eu/en/medicines/human/EPAR/buccolam; https://api.fda.gov/drug/label.json?search=openfda.spl_set_id%3A%222b29422e-54d5-4a49-8522-e9cf752368c3%22&limit=5; https://www.medicines.org.uk/emc/search?q=buccolam
info,fact_source_coverage,midazolam,status_or_notes,Field has non-RCT source coverage listed in evidence_sources,,,FDA NAYZILAM label; FDA SEIZALAM label; FDA midazolam injection label; https://www.accessdata.fda.gov/drugsatfda_docs/label/2022/215868s000lbl.pdf; https://www.accessdata.fda.gov/scripts/opdlisting/oopd/detailedIndex.cfm?cfgridkey=508215; https://www.accessdata.fda.gov/drugsatfda_docs/label/2023/211321s008lbl.pdf; https://www.accessdata.fda.gov/drugsatfda_docs/label/2023/209566s003lbl.pdf; https://www.ema.europa.eu/en/medicines/human/EPAR/buccolam; https://api.fda.gov/drug/label.json?search=openfda.spl_set_id%3A%222b29422e-54d5-4a49-8522-e9cf752368c3%22&limit=5; https://www.medicines.org.uk/emc/search?q=buccolam
info,fact_source_coverage,midazolam,available_in_us,Field has non-RCT source coverage listed in evidence_sources,,,FDA NAYZILAM label; FDA SEIZALAM label; FDA midazolam injection label; https://www.accessdata.fda.gov/drugsatfda_docs/label/2022/215868s000lbl.pdf; https://www.accessdata.fda.gov/scripts/opdlisting/oopd/detailedIndex.cfm?cfgridkey=508215; https://www.accessdata.fda.gov/drugsatfda_docs/label/2023/211321s008lbl.pdf; https://www.accessdata.fda.gov/drugsatfda_docs/label/2023/209566s003lbl.pdf; https://www.ema.europa.eu/en/medicines/human/EPAR/buccolam; https://api.fda.gov/drug/label.json?search=openfda.spl_set_id%3A%222b29422e-54d5-4a49-8522-e9cf752368c3%22&limit=5; https://www.medicines.org.uk/emc/search?q=buccolam
info,fact_source_coverage,midazolam,epilepsy_type,Field has non-RCT source coverage listed in evidence_sources,,,FDA NAYZILAM label; FDA SEIZALAM label; FDA midazolam injection label; https://www.accessdata.fda.gov/drugsatfda_docs/label/2022/215868s000lbl.pdf; https://www.accessdata.fda.gov/scripts/opdlisting/oopd/detailedIndex.cfm?cfgridkey=508215; https://www.accessdata.fda.gov/drugsatfda_docs/label/2023/211321s008lbl.pdf; https://www.accessdata.fda.gov/drugsatfda_docs/label/2023/209566s003lbl.pdf; https://www.ema.europa.eu/en/medicines/human/EPAR/buccolam; https://api.fda.gov/drug/label.json?search=openfda.spl_set_id%3A%222b29422e-54d5-4a49-8522-e9cf752368c3%22&limit=5; https://www.medicines.org.uk/emc/search?q=buccolam
info,fact_source_coverage,midazolam,mechanism_of_action,Field has non-RCT source coverage listed in evidence_sources,,,FDA NAYZILAM label; FDA SEIZALAM label; FDA midazolam injection label; https://www.accessdata.fda.gov/drugsatfda_docs/label/2022/215868s000lbl.pdf; https://www.accessdata.fda.gov/scripts/opdlisting/oopd/detailedIndex.cfm?cfgridkey=508215; https://www.accessdata.fda.gov/drugsatfda_docs/label/2023/211321s008lbl.pdf; https://www.accessdata.fda.gov/drugsatfda_docs/label/2023/209566s003lbl.pdf; https://www.ema.europa.eu/en/medicines/human/EPAR/buccolam; https://api.fda.gov/drug/label.json?search=openfda.spl_set_id%3A%222b29422e-54d5-4a49-8522-e9cf752368c3%22&limit=5; https://www.medicines.org.uk/emc/search?q=buccolam
info,fact_source_coverage,midazolam,mechanism_source,Field has non-RCT source coverage listed in evidence_sources,,,FDA NAYZILAM label; FDA SEIZALAM label; FDA midazolam injection label; https://www.accessdata.fda.gov/drugsatfda_docs/label/2022/215868s000lbl.pdf; https://www.accessdata.fda.gov/scripts/opdlisting/oopd/detailedIndex.cfm?cfgridkey=508215; https://www.accessdata.fda.gov/drugsatfda_docs/label/2023/211321s008lbl.pdf; https://www.accessdata.fda.gov/drugsatfda_docs/label/2023/209566s003lbl.pdf; https://www.ema.europa.eu/en/medicines/human/EPAR/buccolam; https://api.fda.gov/drug/label.json?search=openfda.spl_set_id%3A%222b29422e-54d5-4a49-8522-e9cf752368c3%22&limit=5; https://www.medicines.org.uk/emc/search?q=buccolam
info,fact_source_coverage,midazolam,mechanism_source_tier,Field has non-RCT source coverage listed in evidence_sources,,,FDA NAYZILAM label; FDA SEIZALAM label; FDA midazolam injection label; https://www.accessdata.fda.gov/drugsatfda_docs/label/2022/215868s000lbl.pdf; https://www.accessdata.fda.gov/scripts/opdlisting/oopd/detailedIndex.cfm?cfgridkey=508215; https://www.accessdata.fda.gov/drugsatfda_docs/label/2023/211321s008lbl.pdf; https://www.accessdata.fda.gov/drugsatfda_docs/label/2023/209566s003lbl.pdf; https://www.ema.europa.eu/en/medicines/human/EPAR/buccolam; https://api.fda.gov/drug/label.json?search=openfda.spl_set_id%3A%222b29422e-54d5-4a49-8522-e9cf752368c3%22&limit=5; https://www.medicines.org.uk/emc/search?q=buccolam
info,fact_source_coverage,midazolam,mechanism_confidence,Field has non-RCT source coverage listed in evidence_sources,,,FDA NAYZILAM label; FDA SEIZALAM label; FDA midazolam injection label; https://www.accessdata.fda.gov/drugsatfda_docs/label/2022/215868s000lbl.pdf; https://www.accessdata.fda.gov/scripts/opdlisting/oopd/detailedIndex.cfm?cfgridkey=508215; https://www.accessdata.fda.gov/drugsatfda_docs/label/2023/211321s008lbl.pdf; https://www.accessdata.fda.gov/drugsatfda_docs/label/2023/209566s003lbl.pdf; https://www.ema.europa.eu/en/medicines/human/EPAR/buccolam; https://api.fda.gov/drug/label.json?search=openfda.spl_set_id%3A%222b29422e-54d5-4a49-8522-e9cf752368c3%22&limit=5; https://www.medicines.org.uk/emc/search?q=buccolam
info,fact_source_coverage,midazolam,half_life_range,Field has non-RCT source coverage listed in evidence_sources,,,FDA NAYZILAM label; FDA SEIZALAM label; FDA midazolam injection label; https://www.accessdata.fda.gov/drugsatfda_docs/label/2022/215868s000lbl.pdf; https://www.accessdata.fda.gov/scripts/opdlisting/oopd/detailedIndex.cfm?cfgridkey=508215; https://www.accessdata.fda.gov/drugsatfda_docs/label/2023/211321s008lbl.pdf; https://www.accessdata.fda.gov/drugsatfda_docs/label/2023/209566s003lbl.pdf; https://www.ema.europa.eu/en/medicines/human/EPAR/buccolam; https://api.fda.gov/drug/label.json?search=openfda.spl_set_id%3A%222b29422e-54d5-4a49-8522-e9cf752368c3%22&limit=5; https://www.medicines.org.uk/emc/search?q=buccolam
info,fact_source_coverage,midazolam,major_organ_for_metabolism,Field has non-RCT source coverage listed in evidence_sources,,,FDA NAYZILAM label; FDA SEIZALAM label; FDA midazolam injection label; https://www.accessdata.fda.gov/drugsatfda_docs/label/2022/215868s000lbl.pdf; https://www.accessdata.fda.gov/scripts/opdlisting/oopd/detailedIndex.cfm?cfgridkey=508215; https://www.accessdata.fda.gov/drugsatfda_docs/label/2023/211321s008lbl.pdf; https://www.accessdata.fda.gov/drugsatfda_docs/label/2023/209566s003lbl.pdf; https://www.ema.europa.eu/en/medicines/human/EPAR/buccolam; https://api.fda.gov/drug/label.json?search=openfda.spl_set_id%3A%222b29422e-54d5-4a49-8522-e9cf752368c3%22&limit=5; https://www.medicines.org.uk/emc/search?q=buccolam
info,fact_source_coverage,midazolam,formulations_available,Field has non-RCT source coverage listed in evidence_sources,,,FDA NAYZILAM label; FDA SEIZALAM label; FDA midazolam injection label; https://www.accessdata.fda.gov/drugsatfda_docs/label/2022/215868s000lbl.pdf; https://www.accessdata.fda.gov/scripts/opdlisting/oopd/detailedIndex.cfm?cfgridkey=508215; https://www.accessdata.fda.gov/drugsatfda_docs/label/2023/211321s008lbl.pdf; https://www.accessdata.fda.gov/drugsatfda_docs/label/2023/209566s003lbl.pdf; https://www.ema.europa.eu/en/medicines/human/EPAR/buccolam; https://api.fda.gov/drug/label.json?search=openfda.spl_set_id%3A%222b29422e-54d5-4a49-8522-e9cf752368c3%22&limit=5; https://www.medicines.org.uk/emc/search?q=buccolam
info,fact_source_coverage,midazolam,typical_doses_per_day,Field has non-RCT source coverage listed in evidence_sources,,,FDA NAYZILAM label; FDA SEIZALAM label; FDA midazolam injection label; https://www.accessdata.fda.gov/drugsatfda_docs/label/2022/215868s000lbl.pdf; https://www.accessdata.fda.gov/scripts/opdlisting/oopd/detailedIndex.cfm?cfgridkey=508215; https://www.accessdata.fda.gov/drugsatfda_docs/label/2023/211321s008lbl.pdf; https://www.accessdata.fda.gov/drugsatfda_docs/label/2023/209566s003lbl.pdf; https://www.ema.europa.eu/en/medicines/human/EPAR/buccolam; https://api.fda.gov/drug/label.json?search=openfda.spl_set_id%3A%222b29422e-54d5-4a49-8522-e9cf752368c3%22&limit=5; https://www.medicines.org.uk/emc/search?q=buccolam
info,fact_source_coverage,midazolam,minimum_effective_dose,Field has non-RCT source coverage listed in evidence_sources,,,FDA NAYZILAM label; FDA SEIZALAM label; FDA midazolam injection label; https://www.accessdata.fda.gov/drugsatfda_docs/label/2022/215868s000lbl.pdf; https://www.accessdata.fda.gov/scripts/opdlisting/oopd/detailedIndex.cfm?cfgridkey=508215; https://www.accessdata.fda.gov/drugsatfda_docs/label/2023/211321s008lbl.pdf; https://www.accessdata.fda.gov/drugsatfda_docs/label/2023/209566s003lbl.pdf; https://www.ema.europa.eu/en/medicines/human/EPAR/buccolam; https://api.fda.gov/drug/label.json?search=openfda.spl_set_id%3A%222b29422e-54d5-4a49-8522-e9cf752368c3%22&limit=5; https://www.medicines.org.uk/emc/search?q=buccolam
info,fact_source_coverage,midazolam,maximum_approved_daily_dose,Field has non-RCT source coverage listed in evidence_sources,,,FDA NAYZILAM label; FDA SEIZALAM label; FDA midazolam injection label; https://www.accessdata.fda.gov/drugsatfda_docs/label/2022/215868s000lbl.pdf; https://www.accessdata.fda.gov/scripts/opdlisting/oopd/detailedIndex.cfm?cfgridkey=508215; https://www.accessdata.fda.gov/drugsatfda_docs/label/2023/211321s008lbl.pdf; https://www.accessdata.fda.gov/drugsatfda_docs/label/2023/209566s003lbl.pdf; https://www.ema.europa.eu/en/medicines/human/EPAR/buccolam; https://api.fda.gov/drug/label.json?search=openfda.spl_set_id%3A%222b29422e-54d5-4a49-8522-e9cf752368c3%22&limit=5; https://www.medicines.org.uk/emc/search?q=buccolam
info,fact_source_coverage,midazolam,enzyme_inducing_or_inhibiting,Field has non-RCT source coverage listed in evidence_sources,,,FDA NAYZILAM label; FDA SEIZALAM label; FDA midazolam injection label; https://www.accessdata.fda.gov/drugsatfda_docs/label/2022/215868s000lbl.pdf; https://www.accessdata.fda.gov/scripts/opdlisting/oopd/detailedIndex.cfm?cfgridkey=508215; https://www.accessdata.fda.gov/drugsatfda_docs/label/2023/211321s008lbl.pdf; https://www.accessdata.fda.gov/drugsatfda_docs/label/2023/209566s003lbl.pdf; https://www.ema.europa.eu/en/medicines/human/EPAR/buccolam; https://api.fda.gov/drug/label.json?search=openfda.spl_set_id%3A%222b29422e-54d5-4a49-8522-e9cf752368c3%22&limit=5; https://www.medicines.org.uk/emc/search?q=buccolam
info,fact_source_coverage,midazolam,qt_interval_effect,Field has non-RCT source coverage listed in evidence_sources,,,FDA NAYZILAM label; FDA SEIZALAM label; FDA midazolam injection label; https://www.accessdata.fda.gov/drugsatfda_docs/label/2022/215868s000lbl.pdf; https://www.accessdata.fda.gov/scripts/opdlisting/oopd/detailedIndex.cfm?cfgridkey=508215; https://www.accessdata.fda.gov/drugsatfda_docs/label/2023/211321s008lbl.pdf; https://www.accessdata.fda.gov/drugsatfda_docs/label/2023/209566s003lbl.pdf; https://www.ema.europa.eu/en/medicines/human/EPAR/buccolam; https://api.fda.gov/drug/label.json?search=openfda.spl_set_id%3A%222b29422e-54d5-4a49-8522-e9cf752368c3%22&limit=5; https://www.medicines.org.uk/emc/search?q=buccolam
info,fact_source_coverage,midazolam,adverse_symptoms_percentages,Field has non-RCT source coverage listed in evidence_sources,,,FDA NAYZILAM label; FDA SEIZALAM label; FDA midazolam injection label; https://www.accessdata.fda.gov/drugsatfda_docs/label/2022/215868s000lbl.pdf; https://www.accessdata.fda.gov/scripts/opdlisting/oopd/detailedIndex.cfm?cfgridkey=508215; https://www.accessdata.fda.gov/drugsatfda_docs/label/2023/211321s008lbl.pdf; https://www.accessdata.fda.gov/drugsatfda_docs/label/2023/209566s003lbl.pdf; https://www.ema.europa.eu/en/medicines/human/EPAR/buccolam; https://api.fda.gov/drug/label.json?search=openfda.spl_set_id%3A%222b29422e-54d5-4a49-8522-e9cf752368c3%22&limit=5; https://www.medicines.org.uk/emc/search?q=buccolam
info,fact_source_coverage,midazolam,year_fda_cleared,Field has non-RCT source coverage listed in evidence_sources,,,FDA NAYZILAM label; FDA SEIZALAM label; FDA midazolam injection label; https://www.accessdata.fda.gov/drugsatfda_docs/label/2022/215868s000lbl.pdf; https://www.accessdata.fda.gov/scripts/opdlisting/oopd/detailedIndex.cfm?cfgridkey=508215; https://www.accessdata.fda.gov/drugsatfda_docs/label/2023/211321s008lbl.pdf; https://www.accessdata.fda.gov/drugsatfda_docs/label/2023/209566s003lbl.pdf; https://www.ema.europa.eu/en/medicines/human/EPAR/buccolam; https://api.fda.gov/drug/label.json?search=openfda.spl_set_id%3A%222b29422e-54d5-4a49-8522-e9cf752368c3%22&limit=5; https://www.medicines.org.uk/emc/search?q=buccolam
info,fact_source_coverage,midazolam,fda_black_box_warning,Field has non-RCT source coverage listed in evidence_sources,,,FDA NAYZILAM label; FDA SEIZALAM label; FDA midazolam injection label; https://www.accessdata.fda.gov/drugsatfda_docs/label/2022/215868s000lbl.pdf; https://www.accessdata.fda.gov/scripts/opdlisting/oopd/detailedIndex.cfm?cfgridkey=508215; https://www.accessdata.fda.gov/drugsatfda_docs/label/2023/211321s008lbl.pdf; https://www.accessdata.fda.gov/drugsatfda_docs/label/2023/209566s003lbl.pdf; https://www.ema.europa.eu/en/medicines/human/EPAR/buccolam; https://api.fda.gov/drug/label.json?search=openfda.spl_set_id%3A%222b29422e-54d5-4a49-8522-e9cf752368c3%22&limit=5; https://www.medicines.org.uk/emc/search?q=buccolam
info,fact_source_coverage,midazolam,fda_black_box_warning_source,Field has non-RCT source coverage listed in evidence_sources,,,FDA NAYZILAM label; FDA SEIZALAM label; FDA midazolam injection label; https://www.accessdata.fda.gov/drugsatfda_docs/label/2022/215868s000lbl.pdf; https://www.accessdata.fda.gov/scripts/opdlisting/oopd/detailedIndex.cfm?cfgridkey=508215; https://www.accessdata.fda.gov/drugsatfda_docs/label/2023/211321s008lbl.pdf; https://www.accessdata.fda.gov/drugsatfda_docs/label/2023/209566s003lbl.pdf; https://www.ema.europa.eu/en/medicines/human/EPAR/buccolam; https://api.fda.gov/drug/label.json?search=openfda.spl_set_id%3A%222b29422e-54d5-4a49-8522-e9cf752368c3%22&limit=5; https://www.medicines.org.uk/emc/search?q=buccolam
info,fact_source_coverage,midazolam,fda_black_box_warning_verified,Field has non-RCT source coverage listed in evidence_sources,,,FDA NAYZILAM label; FDA SEIZALAM label; FDA midazolam injection label; https://www.accessdata.fda.gov/drugsatfda_docs/label/2022/215868s000lbl.pdf; https://www.accessdata.fda.gov/scripts/opdlisting/oopd/detailedIndex.cfm?cfgridkey=508215; https://www.accessdata.fda.gov/drugsatfda_docs/label/2023/211321s008lbl.pdf; https://www.accessdata.fda.gov/drugsatfda_docs/label/2023/209566s003lbl.pdf; https://www.ema.europa.eu/en/medicines/human/EPAR/buccolam; https://api.fda.gov/drug/label.json?search=openfda.spl_set_id%3A%222b29422e-54d5-4a49-8522-e9cf752368c3%22&limit=5; https://www.medicines.org.uk/emc/search?q=buccolam
info,fact_source_coverage,oxcarbazepine,trade_names,Field has non-RCT source coverage listed in evidence_sources,,,https://www.accessdata.fda.gov/drugsatfda_docs/label/2018/202810s010lbl.pdf; https://www.accessdata.fda.gov/drugsatfda_docs/label/2024/021014s050lbl.pdf; FDA prescribing information (https://www.accessdata.fda.gov/drugsatfda_docs/label/2018/202810s010lbl.pdf)
info,fact_source_coverage,oxcarbazepine,status_or_notes,Field has non-RCT source coverage listed in evidence_sources,,,https://www.accessdata.fda.gov/drugsatfda_docs/label/2018/202810s010lbl.pdf; https://www.accessdata.fda.gov/drugsatfda_docs/label/2024/021014s050lbl.pdf; FDA prescribing information (https://www.accessdata.fda.gov/drugsatfda_docs/label/2018/202810s010lbl.pdf)
info,fact_source_coverage,oxcarbazepine,available_in_us,Field has non-RCT source coverage listed in evidence_sources,,,https://www.accessdata.fda.gov/drugsatfda_docs/label/2018/202810s010lbl.pdf; https://www.accessdata.fda.gov/drugsatfda_docs/label/2024/021014s050lbl.pdf; FDA prescribing information (https://www.accessdata.fda.gov/drugsatfda_docs/label/2018/202810s010lbl.pdf)
info,fact_source_coverage,oxcarbazepine,epilepsy_type,Field has non-RCT source coverage listed in evidence_sources,,,https://www.accessdata.fda.gov/drugsatfda_docs/label/2018/202810s010lbl.pdf; https://www.accessdata.fda.gov/drugsatfda_docs/label/2024/021014s050lbl.pdf; FDA prescribing information (https://www.accessdata.fda.gov/drugsatfda_docs/label/2018/202810s010lbl.pdf)
info,fact_source_coverage,oxcarbazepine,mechanism_of_action,Field has non-RCT source coverage listed in evidence_sources,,,https://www.accessdata.fda.gov/drugsatfda_docs/label/2018/202810s010lbl.pdf; https://www.accessdata.fda.gov/drugsatfda_docs/label/2024/021014s050lbl.pdf; FDA prescribing information (https://www.accessdata.fda.gov/drugsatfda_docs/label/2018/202810s010lbl.pdf)
info,fact_source_coverage,oxcarbazepine,mechanism_source,Field has non-RCT source coverage listed in evidence_sources,,,https://www.accessdata.fda.gov/drugsatfda_docs/label/2018/202810s010lbl.pdf; https://www.accessdata.fda.gov/drugsatfda_docs/label/2024/021014s050lbl.pdf; FDA prescribing information (https://www.accessdata.fda.gov/drugsatfda_docs/label/2018/202810s010lbl.pdf)
info,fact_source_coverage,oxcarbazepine,mechanism_source_tier,Field has non-RCT source coverage listed in evidence_sources,,,https://www.accessdata.fda.gov/drugsatfda_docs/label/2018/202810s010lbl.pdf; https://www.accessdata.fda.gov/drugsatfda_docs/label/2024/021014s050lbl.pdf; FDA prescribing information (https://www.accessdata.fda.gov/drugsatfda_docs/label/2018/202810s010lbl.pdf)
info,fact_source_coverage,oxcarbazepine,mechanism_confidence,Field has non-RCT source coverage listed in evidence_sources,,,https://www.accessdata.fda.gov/drugsatfda_docs/label/2018/202810s010lbl.pdf; https://www.accessdata.fda.gov/drugsatfda_docs/label/2024/021014s050lbl.pdf; FDA prescribing information (https://www.accessdata.fda.gov/drugsatfda_docs/label/2018/202810s010lbl.pdf)
info,fact_source_coverage,oxcarbazepine,half_life_range,Field has non-RCT source coverage listed in evidence_sources,,,https://www.accessdata.fda.gov/drugsatfda_docs/label/2018/202810s010lbl.pdf; https://www.accessdata.fda.gov/drugsatfda_docs/label/2024/021014s050lbl.pdf; FDA prescribing information (https://www.accessdata.fda.gov/drugsatfda_docs/label/2018/202810s010lbl.pdf)
info,fact_source_coverage,oxcarbazepine,major_organ_for_metabolism,Field has non-RCT source coverage listed in evidence_sources,,,https://www.accessdata.fda.gov/drugsatfda_docs/label/2018/202810s010lbl.pdf; https://www.accessdata.fda.gov/drugsatfda_docs/label/2024/021014s050lbl.pdf; FDA prescribing information (https://www.accessdata.fda.gov/drugsatfda_docs/label/2018/202810s010lbl.pdf)
info,fact_source_coverage,oxcarbazepine,formulations_available,Field has non-RCT source coverage listed in evidence_sources,,,https://www.accessdata.fda.gov/drugsatfda_docs/label/2018/202810s010lbl.pdf; https://www.accessdata.fda.gov/drugsatfda_docs/label/2024/021014s050lbl.pdf; FDA prescribing information (https://www.accessdata.fda.gov/drugsatfda_docs/label/2018/202810s010lbl.pdf)
info,fact_source_coverage,oxcarbazepine,typical_doses_per_day,Field has non-RCT source coverage listed in evidence_sources,,,https://www.accessdata.fda.gov/drugsatfda_docs/label/2018/202810s010lbl.pdf; https://www.accessdata.fda.gov/drugsatfda_docs/label/2024/021014s050lbl.pdf; FDA prescribing information (https://www.accessdata.fda.gov/drugsatfda_docs/label/2018/202810s010lbl.pdf)
info,fact_source_coverage,oxcarbazepine,minimum_effective_dose,Field has non-RCT source coverage listed in evidence_sources,,,https://www.accessdata.fda.gov/drugsatfda_docs/label/2018/202810s010lbl.pdf; https://www.accessdata.fda.gov/drugsatfda_docs/label/2024/021014s050lbl.pdf; FDA prescribing information (https://www.accessdata.fda.gov/drugsatfda_docs/label/2018/202810s010lbl.pdf)
info,fact_source_coverage,oxcarbazepine,maximum_approved_daily_dose,Field has non-RCT source coverage listed in evidence_sources,,,https://www.accessdata.fda.gov/drugsatfda_docs/label/2018/202810s010lbl.pdf; https://www.accessdata.fda.gov/drugsatfda_docs/label/2024/021014s050lbl.pdf; FDA prescribing information (https://www.accessdata.fda.gov/drugsatfda_docs/label/2018/202810s010lbl.pdf)
info,fact_source_coverage,oxcarbazepine,enzyme_inducing_or_inhibiting,Field has non-RCT source coverage listed in evidence_sources,,,https://www.accessdata.fda.gov/drugsatfda_docs/label/2018/202810s010lbl.pdf; https://www.accessdata.fda.gov/drugsatfda_docs/label/2024/021014s050lbl.pdf; FDA prescribing information (https://www.accessdata.fda.gov/drugsatfda_docs/label/2018/202810s010lbl.pdf)
info,fact_source_coverage,oxcarbazepine,qt_interval_effect,Field has non-RCT source coverage listed in evidence_sources,,,https://www.accessdata.fda.gov/drugsatfda_docs/label/2018/202810s010lbl.pdf; https://www.accessdata.fda.gov/drugsatfda_docs/label/2024/021014s050lbl.pdf; FDA prescribing information (https://www.accessdata.fda.gov/drugsatfda_docs/label/2018/202810s010lbl.pdf)
info,fact_source_coverage,oxcarbazepine,adverse_symptoms_percentages,Field has non-RCT source coverage listed in evidence_sources,,,https://www.accessdata.fda.gov/drugsatfda_docs/label/2018/202810s010lbl.pdf; https://www.accessdata.fda.gov/drugsatfda_docs/label/2024/021014s050lbl.pdf; FDA prescribing information (https://www.accessdata.fda.gov/drugsatfda_docs/label/2018/202810s010lbl.pdf)
info,fact_source_coverage,oxcarbazepine,year_fda_cleared,Field has non-RCT source coverage listed in evidence_sources,,,https://www.accessdata.fda.gov/drugsatfda_docs/label/2018/202810s010lbl.pdf; https://www.accessdata.fda.gov/drugsatfda_docs/label/2024/021014s050lbl.pdf; FDA prescribing information (https://www.accessdata.fda.gov/drugsatfda_docs/label/2018/202810s010lbl.pdf)
info,fact_source_coverage,oxcarbazepine,fda_black_box_warning,Field has non-RCT source coverage listed in evidence_sources,,,https://www.accessdata.fda.gov/drugsatfda_docs/label/2018/202810s010lbl.pdf; https://www.accessdata.fda.gov/drugsatfda_docs/label/2024/021014s050lbl.pdf; FDA prescribing information (https://www.accessdata.fda.gov/drugsatfda_docs/label/2018/202810s010lbl.pdf)
info,fact_source_coverage,oxcarbazepine,fda_black_box_warning_source,Field has non-RCT source coverage listed in evidence_sources,,,https://www.accessdata.fda.gov/drugsatfda_docs/label/2018/202810s010lbl.pdf; https://www.accessdata.fda.gov/drugsatfda_docs/label/2024/021014s050lbl.pdf; FDA prescribing information (https://www.accessdata.fda.gov/drugsatfda_docs/label/2018/202810s010lbl.pdf)
info,fact_source_coverage,oxcarbazepine,fda_black_box_warning_verified,Field has non-RCT source coverage listed in evidence_sources,,,https://www.accessdata.fda.gov/drugsatfda_docs/label/2018/202810s010lbl.pdf; https://www.accessdata.fda.gov/drugsatfda_docs/label/2024/021014s050lbl.pdf; FDA prescribing information (https://www.accessdata.fda.gov/drugsatfda_docs/label/2018/202810s010lbl.pdf)
info,fact_source_coverage,paramethadione,trade_names,Field has non-RCT source coverage listed in evidence_sources,,,FDA Orange Book products file; https://api.fda.gov/drug/label.json?limit=1; https://open.fda.gov/apis/drug/label/
info,fact_source_coverage,paramethadione,status_or_notes,Field has non-RCT source coverage listed in evidence_sources,,,FDA Orange Book products file; https://api.fda.gov/drug/label.json?limit=1; https://open.fda.gov/apis/drug/label/
info,fact_source_coverage,paramethadione,available_in_us,Field has non-RCT source coverage listed in evidence_sources,,,FDA Orange Book products file; https://api.fda.gov/drug/label.json?limit=1; https://open.fda.gov/apis/drug/label/
info,fact_source_coverage,paramethadione,epilepsy_type,Field has non-RCT source coverage listed in evidence_sources,,,FDA Orange Book products file; https://api.fda.gov/drug/label.json?limit=1; https://open.fda.gov/apis/drug/label/
info,fact_source_coverage,paramethadione,mechanism_of_action,Field has non-RCT source coverage listed in evidence_sources,,,FDA Orange Book products file; https://api.fda.gov/drug/label.json?limit=1; https://open.fda.gov/apis/drug/label/
info,fact_source_coverage,paramethadione,mechanism_source,Field has non-RCT source coverage listed in evidence_sources,,,FDA Orange Book products file; https://api.fda.gov/drug/label.json?limit=1; https://open.fda.gov/apis/drug/label/
info,fact_source_coverage,paramethadione,mechanism_source_tier,Field has non-RCT source coverage listed in evidence_sources,,,FDA Orange Book products file; https://api.fda.gov/drug/label.json?limit=1; https://open.fda.gov/apis/drug/label/
info,fact_source_coverage,paramethadione,mechanism_confidence,Field has non-RCT source coverage listed in evidence_sources,,,FDA Orange Book products file; https://api.fda.gov/drug/label.json?limit=1; https://open.fda.gov/apis/drug/label/
info,fact_source_coverage,paramethadione,half_life_range,Field has non-RCT source coverage listed in evidence_sources,,,FDA Orange Book products file; https://api.fda.gov/drug/label.json?limit=1; https://open.fda.gov/apis/drug/label/
info,fact_source_coverage,paramethadione,major_organ_for_metabolism,Field has non-RCT source coverage listed in evidence_sources,,,FDA Orange Book products file; https://api.fda.gov/drug/label.json?limit=1; https://open.fda.gov/apis/drug/label/
info,fact_source_coverage,paramethadione,formulations_available,Field has non-RCT source coverage listed in evidence_sources,,,FDA Orange Book products file; https://api.fda.gov/drug/label.json?limit=1; https://open.fda.gov/apis/drug/label/
info,fact_source_coverage,paramethadione,typical_doses_per_day,Field has non-RCT source coverage listed in evidence_sources,,,FDA Orange Book products file; https://api.fda.gov/drug/label.json?limit=1; https://open.fda.gov/apis/drug/label/
info,fact_source_coverage,paramethadione,minimum_effective_dose,Field has non-RCT source coverage listed in evidence_sources,,,FDA Orange Book products file; https://api.fda.gov/drug/label.json?limit=1; https://open.fda.gov/apis/drug/label/
info,fact_source_coverage,paramethadione,maximum_approved_daily_dose,Field has non-RCT source coverage listed in evidence_sources,,,FDA Orange Book products file; https://api.fda.gov/drug/label.json?limit=1; https://open.fda.gov/apis/drug/label/
info,fact_source_coverage,paramethadione,enzyme_inducing_or_inhibiting,Field has non-RCT source coverage listed in evidence_sources,,,FDA Orange Book products file; https://api.fda.gov/drug/label.json?limit=1; https://open.fda.gov/apis/drug/label/
info,fact_source_coverage,paramethadione,qt_interval_effect,Field has non-RCT source coverage listed in evidence_sources,,,FDA Orange Book products file; https://api.fda.gov/drug/label.json?limit=1; https://open.fda.gov/apis/drug/label/
info,fact_source_coverage,paramethadione,adverse_symptoms_percentages,Field has non-RCT source coverage listed in evidence_sources,,,FDA Orange Book products file; https://api.fda.gov/drug/label.json?limit=1; https://open.fda.gov/apis/drug/label/
info,fact_source_coverage,paramethadione,year_fda_cleared,Field has non-RCT source coverage listed in evidence_sources,,,FDA Orange Book products file; https://api.fda.gov/drug/label.json?limit=1; https://open.fda.gov/apis/drug/label/
info,fact_source_coverage,paramethadione,fda_black_box_warning,Field has non-RCT source coverage listed in evidence_sources,,,FDA Orange Book products file; https://api.fda.gov/drug/label.json?limit=1; https://open.fda.gov/apis/drug/label/
info,fact_source_coverage,paramethadione,fda_black_box_warning_source,Field has non-RCT source coverage listed in evidence_sources,,,FDA Orange Book products file; https://api.fda.gov/drug/label.json?limit=1; https://open.fda.gov/apis/drug/label/
info,fact_source_coverage,paramethadione,fda_black_box_warning_verified,Field has non-RCT source coverage listed in evidence_sources,,,FDA Orange Book products file; https://api.fda.gov/drug/label.json?limit=1; https://open.fda.gov/apis/drug/label/
info,fact_source_coverage,perampanel,trade_names,Field has non-RCT source coverage listed in evidence_sources,,,FDA/Drugs@FDA labeling; https://www.accessdata.fda.gov/drugsatfda_docs/label/2024/202834Orig1s019lbl.pdf; https://api.fda.gov/drug/label.json?search=openfda.generic_name%3A%22perampanel%22+OR+openfda.brand_name%3A%22perampanel%22+OR+openfda.substance_name%3A%22perampanel%22&limit=10
info,fact_source_coverage,perampanel,status_or_notes,Field has non-RCT source coverage listed in evidence_sources,,,FDA/Drugs@FDA labeling; https://www.accessdata.fda.gov/drugsatfda_docs/label/2024/202834Orig1s019lbl.pdf; https://api.fda.gov/drug/label.json?search=openfda.generic_name%3A%22perampanel%22+OR+openfda.brand_name%3A%22perampanel%22+OR+openfda.substance_name%3A%22perampanel%22&limit=10
info,fact_source_coverage,perampanel,available_in_us,Field has non-RCT source coverage listed in evidence_sources,,,FDA/Drugs@FDA labeling; https://www.accessdata.fda.gov/drugsatfda_docs/label/2024/202834Orig1s019lbl.pdf; https://api.fda.gov/drug/label.json?search=openfda.generic_name%3A%22perampanel%22+OR+openfda.brand_name%3A%22perampanel%22+OR+openfda.substance_name%3A%22perampanel%22&limit=10
info,fact_source_coverage,perampanel,epilepsy_type,Field has non-RCT source coverage listed in evidence_sources,,,FDA/Drugs@FDA labeling; https://www.accessdata.fda.gov/drugsatfda_docs/label/2024/202834Orig1s019lbl.pdf; https://api.fda.gov/drug/label.json?search=openfda.generic_name%3A%22perampanel%22+OR+openfda.brand_name%3A%22perampanel%22+OR+openfda.substance_name%3A%22perampanel%22&limit=10
info,fact_source_coverage,perampanel,mechanism_of_action,Field has non-RCT source coverage listed in evidence_sources,,,FDA/Drugs@FDA labeling; https://www.accessdata.fda.gov/drugsatfda_docs/label/2024/202834Orig1s019lbl.pdf; https://api.fda.gov/drug/label.json?search=openfda.generic_name%3A%22perampanel%22+OR+openfda.brand_name%3A%22perampanel%22+OR+openfda.substance_name%3A%22perampanel%22&limit=10
info,fact_source_coverage,perampanel,mechanism_source,Field has non-RCT source coverage listed in evidence_sources,,,FDA/Drugs@FDA labeling; https://www.accessdata.fda.gov/drugsatfda_docs/label/2024/202834Orig1s019lbl.pdf; https://api.fda.gov/drug/label.json?search=openfda.generic_name%3A%22perampanel%22+OR+openfda.brand_name%3A%22perampanel%22+OR+openfda.substance_name%3A%22perampanel%22&limit=10
info,fact_source_coverage,perampanel,mechanism_source_tier,Field has non-RCT source coverage listed in evidence_sources,,,FDA/Drugs@FDA labeling; https://www.accessdata.fda.gov/drugsatfda_docs/label/2024/202834Orig1s019lbl.pdf; https://api.fda.gov/drug/label.json?search=openfda.generic_name%3A%22perampanel%22+OR+openfda.brand_name%3A%22perampanel%22+OR+openfda.substance_name%3A%22perampanel%22&limit=10
info,fact_source_coverage,perampanel,mechanism_confidence,Field has non-RCT source coverage listed in evidence_sources,,,FDA/Drugs@FDA labeling; https://www.accessdata.fda.gov/drugsatfda_docs/label/2024/202834Orig1s019lbl.pdf; https://api.fda.gov/drug/label.json?search=openfda.generic_name%3A%22perampanel%22+OR+openfda.brand_name%3A%22perampanel%22+OR+openfda.substance_name%3A%22perampanel%22&limit=10
info,fact_source_coverage,perampanel,half_life_range,Field has non-RCT source coverage listed in evidence_sources,,,FDA/Drugs@FDA labeling; https://www.accessdata.fda.gov/drugsatfda_docs/label/2024/202834Orig1s019lbl.pdf; https://api.fda.gov/drug/label.json?search=openfda.generic_name%3A%22perampanel%22+OR+openfda.brand_name%3A%22perampanel%22+OR+openfda.substance_name%3A%22perampanel%22&limit=10
info,fact_source_coverage,perampanel,major_organ_for_metabolism,Field has non-RCT source coverage listed in evidence_sources,,,FDA/Drugs@FDA labeling; https://www.accessdata.fda.gov/drugsatfda_docs/label/2024/202834Orig1s019lbl.pdf; https://api.fda.gov/drug/label.json?search=openfda.generic_name%3A%22perampanel%22+OR+openfda.brand_name%3A%22perampanel%22+OR+openfda.substance_name%3A%22perampanel%22&limit=10
info,fact_source_coverage,perampanel,formulations_available,Field has non-RCT source coverage listed in evidence_sources,,,FDA/Drugs@FDA labeling; https://www.accessdata.fda.gov/drugsatfda_docs/label/2024/202834Orig1s019lbl.pdf; https://api.fda.gov/drug/label.json?search=openfda.generic_name%3A%22perampanel%22+OR+openfda.brand_name%3A%22perampanel%22+OR+openfda.substance_name%3A%22perampanel%22&limit=10
info,fact_source_coverage,perampanel,typical_doses_per_day,Field has non-RCT source coverage listed in evidence_sources,,,FDA/Drugs@FDA labeling; https://www.accessdata.fda.gov/drugsatfda_docs/label/2024/202834Orig1s019lbl.pdf; https://api.fda.gov/drug/label.json?search=openfda.generic_name%3A%22perampanel%22+OR+openfda.brand_name%3A%22perampanel%22+OR+openfda.substance_name%3A%22perampanel%22&limit=10
info,fact_source_coverage,perampanel,minimum_effective_dose,Field has non-RCT source coverage listed in evidence_sources,,,FDA/Drugs@FDA labeling; https://www.accessdata.fda.gov/drugsatfda_docs/label/2024/202834Orig1s019lbl.pdf; https://api.fda.gov/drug/label.json?search=openfda.generic_name%3A%22perampanel%22+OR+openfda.brand_name%3A%22perampanel%22+OR+openfda.substance_name%3A%22perampanel%22&limit=10
info,fact_source_coverage,perampanel,maximum_approved_daily_dose,Field has non-RCT source coverage listed in evidence_sources,,,FDA/Drugs@FDA labeling; https://www.accessdata.fda.gov/drugsatfda_docs/label/2024/202834Orig1s019lbl.pdf; https://api.fda.gov/drug/label.json?search=openfda.generic_name%3A%22perampanel%22+OR+openfda.brand_name%3A%22perampanel%22+OR+openfda.substance_name%3A%22perampanel%22&limit=10
info,fact_source_coverage,perampanel,enzyme_inducing_or_inhibiting,Field has non-RCT source coverage listed in evidence_sources,,,FDA/Drugs@FDA labeling; https://www.accessdata.fda.gov/drugsatfda_docs/label/2024/202834Orig1s019lbl.pdf; https://api.fda.gov/drug/label.json?search=openfda.generic_name%3A%22perampanel%22+OR+openfda.brand_name%3A%22perampanel%22+OR+openfda.substance_name%3A%22perampanel%22&limit=10
info,fact_source_coverage,perampanel,qt_interval_effect,Field has non-RCT source coverage listed in evidence_sources,,,FDA/Drugs@FDA labeling; https://www.accessdata.fda.gov/drugsatfda_docs/label/2024/202834Orig1s019lbl.pdf; https://api.fda.gov/drug/label.json?search=openfda.generic_name%3A%22perampanel%22+OR+openfda.brand_name%3A%22perampanel%22+OR+openfda.substance_name%3A%22perampanel%22&limit=10
info,fact_source_coverage,perampanel,adverse_symptoms_percentages,Field has non-RCT source coverage listed in evidence_sources,,,FDA/Drugs@FDA labeling; https://www.accessdata.fda.gov/drugsatfda_docs/label/2024/202834Orig1s019lbl.pdf; https://api.fda.gov/drug/label.json?search=openfda.generic_name%3A%22perampanel%22+OR+openfda.brand_name%3A%22perampanel%22+OR+openfda.substance_name%3A%22perampanel%22&limit=10
info,fact_source_coverage,perampanel,year_fda_cleared,Field has non-RCT source coverage listed in evidence_sources,,,FDA/Drugs@FDA labeling; https://www.accessdata.fda.gov/drugsatfda_docs/label/2024/202834Orig1s019lbl.pdf; https://api.fda.gov/drug/label.json?search=openfda.generic_name%3A%22perampanel%22+OR+openfda.brand_name%3A%22perampanel%22+OR+openfda.substance_name%3A%22perampanel%22&limit=10
info,fact_source_coverage,perampanel,fda_black_box_warning,Field has non-RCT source coverage listed in evidence_sources,,,FDA/Drugs@FDA labeling; https://www.accessdata.fda.gov/drugsatfda_docs/label/2024/202834Orig1s019lbl.pdf; https://api.fda.gov/drug/label.json?search=openfda.generic_name%3A%22perampanel%22+OR+openfda.brand_name%3A%22perampanel%22+OR+openfda.substance_name%3A%22perampanel%22&limit=10
info,fact_source_coverage,perampanel,fda_black_box_warning_source,Field has non-RCT source coverage listed in evidence_sources,,,FDA/Drugs@FDA labeling; https://www.accessdata.fda.gov/drugsatfda_docs/label/2024/202834Orig1s019lbl.pdf; https://api.fda.gov/drug/label.json?search=openfda.generic_name%3A%22perampanel%22+OR+openfda.brand_name%3A%22perampanel%22+OR+openfda.substance_name%3A%22perampanel%22&limit=10
info,fact_source_coverage,perampanel,fda_black_box_warning_verified,Field has non-RCT source coverage listed in evidence_sources,,,FDA/Drugs@FDA labeling; https://www.accessdata.fda.gov/drugsatfda_docs/label/2024/202834Orig1s019lbl.pdf; https://api.fda.gov/drug/label.json?search=openfda.generic_name%3A%22perampanel%22+OR+openfda.brand_name%3A%22perampanel%22+OR+openfda.substance_name%3A%22perampanel%22&limit=10
info,fact_source_coverage,phenacemide,trade_names,Field has non-RCT source coverage listed in evidence_sources,,,FDA Orange Book products file
info,fact_source_coverage,phenacemide,status_or_notes,Field has non-RCT source coverage listed in evidence_sources,,,FDA Orange Book products file
info,fact_source_coverage,phenacemide,available_in_us,Field has non-RCT source coverage listed in evidence_sources,,,FDA Orange Book products file
info,fact_source_coverage,phenacemide,epilepsy_type,Field has non-RCT source coverage listed in evidence_sources,,,FDA Orange Book products file
info,fact_source_coverage,phenacemide,mechanism_of_action,Field has non-RCT source coverage listed in evidence_sources,,,FDA Orange Book products file
info,fact_source_coverage,phenacemide,mechanism_source,Field has non-RCT source coverage listed in evidence_sources,,,FDA Orange Book products file
info,fact_source_coverage,phenacemide,mechanism_source_tier,Field has non-RCT source coverage listed in evidence_sources,,,FDA Orange Book products file
info,fact_source_coverage,phenacemide,mechanism_confidence,Field has non-RCT source coverage listed in evidence_sources,,,FDA Orange Book products file
info,fact_source_coverage,phenacemide,half_life_range,Field has non-RCT source coverage listed in evidence_sources,,,FDA Orange Book products file
info,fact_source_coverage,phenacemide,major_organ_for_metabolism,Field has non-RCT source coverage listed in evidence_sources,,,FDA Orange Book products file
info,fact_source_coverage,phenacemide,formulations_available,Field has non-RCT source coverage listed in evidence_sources,,,FDA Orange Book products file
info,fact_source_coverage,phenacemide,typical_doses_per_day,Field has non-RCT source coverage listed in evidence_sources,,,FDA Orange Book products file
info,fact_source_coverage,phenacemide,minimum_effective_dose,Field has non-RCT source coverage listed in evidence_sources,,,FDA Orange Book products file
info,fact_source_coverage,phenacemide,maximum_approved_daily_dose,Field has non-RCT source coverage listed in evidence_sources,,,FDA Orange Book products file
info,fact_source_coverage,phenacemide,enzyme_inducing_or_inhibiting,Field has non-RCT source coverage listed in evidence_sources,,,FDA Orange Book products file
info,fact_source_coverage,phenacemide,qt_interval_effect,Field has non-RCT source coverage listed in evidence_sources,,,FDA Orange Book products file
info,fact_source_coverage,phenacemide,adverse_symptoms_percentages,Field has non-RCT source coverage listed in evidence_sources,,,FDA Orange Book products file
info,fact_source_coverage,phenacemide,year_fda_cleared,Field has non-RCT source coverage listed in evidence_sources,,,FDA Orange Book products file
info,fact_source_coverage,phenacemide,fda_black_box_warning,Field has non-RCT source coverage listed in evidence_sources,,,FDA Orange Book products file
info,fact_source_coverage,phenacemide,fda_black_box_warning_source,Field has non-RCT source coverage listed in evidence_sources,,,FDA Orange Book products file
info,fact_source_coverage,phenacemide,fda_black_box_warning_verified,Field has non-RCT source coverage listed in evidence_sources,,,FDA Orange Book products file
info,fact_source_coverage,phenobarbital,trade_names,Field has non-RCT source coverage listed in evidence_sources,,,https://www.accessdata.fda.gov/drugsatfda_docs/label/2022/215910s000lbl.pdf; https://www.medicines.org.uk/emc/product/3607/smpc; https://www.medicines.org.uk/emc/product/4920/smpc; FDA prescribing information (https://www.accessdata.fda.gov/drugsatfda_docs/label/2022/215910s000lbl.pdf)
info,fact_source_coverage,phenobarbital,status_or_notes,Field has non-RCT source coverage listed in evidence_sources,,,https://www.accessdata.fda.gov/drugsatfda_docs/label/2022/215910s000lbl.pdf; https://www.medicines.org.uk/emc/product/3607/smpc; https://www.medicines.org.uk/emc/product/4920/smpc; FDA prescribing information (https://www.accessdata.fda.gov/drugsatfda_docs/label/2022/215910s000lbl.pdf)
info,fact_source_coverage,phenobarbital,available_in_us,Field has non-RCT source coverage listed in evidence_sources,,,https://www.accessdata.fda.gov/drugsatfda_docs/label/2022/215910s000lbl.pdf; https://www.medicines.org.uk/emc/product/3607/smpc; https://www.medicines.org.uk/emc/product/4920/smpc; FDA prescribing information (https://www.accessdata.fda.gov/drugsatfda_docs/label/2022/215910s000lbl.pdf)
info,fact_source_coverage,phenobarbital,epilepsy_type,Field has non-RCT source coverage listed in evidence_sources,,,https://www.accessdata.fda.gov/drugsatfda_docs/label/2022/215910s000lbl.pdf; https://www.medicines.org.uk/emc/product/3607/smpc; https://www.medicines.org.uk/emc/product/4920/smpc; FDA prescribing information (https://www.accessdata.fda.gov/drugsatfda_docs/label/2022/215910s000lbl.pdf)
info,fact_source_coverage,phenobarbital,mechanism_of_action,Field has non-RCT source coverage listed in evidence_sources,,,https://www.accessdata.fda.gov/drugsatfda_docs/label/2022/215910s000lbl.pdf; https://www.medicines.org.uk/emc/product/3607/smpc; https://www.medicines.org.uk/emc/product/4920/smpc; FDA prescribing information (https://www.accessdata.fda.gov/drugsatfda_docs/label/2022/215910s000lbl.pdf)
info,fact_source_coverage,phenobarbital,mechanism_source,Field has non-RCT source coverage listed in evidence_sources,,,https://www.accessdata.fda.gov/drugsatfda_docs/label/2022/215910s000lbl.pdf; https://www.medicines.org.uk/emc/product/3607/smpc; https://www.medicines.org.uk/emc/product/4920/smpc; FDA prescribing information (https://www.accessdata.fda.gov/drugsatfda_docs/label/2022/215910s000lbl.pdf)
info,fact_source_coverage,phenobarbital,mechanism_source_tier,Field has non-RCT source coverage listed in evidence_sources,,,https://www.accessdata.fda.gov/drugsatfda_docs/label/2022/215910s000lbl.pdf; https://www.medicines.org.uk/emc/product/3607/smpc; https://www.medicines.org.uk/emc/product/4920/smpc; FDA prescribing information (https://www.accessdata.fda.gov/drugsatfda_docs/label/2022/215910s000lbl.pdf)
info,fact_source_coverage,phenobarbital,mechanism_confidence,Field has non-RCT source coverage listed in evidence_sources,,,https://www.accessdata.fda.gov/drugsatfda_docs/label/2022/215910s000lbl.pdf; https://www.medicines.org.uk/emc/product/3607/smpc; https://www.medicines.org.uk/emc/product/4920/smpc; FDA prescribing information (https://www.accessdata.fda.gov/drugsatfda_docs/label/2022/215910s000lbl.pdf)
info,fact_source_coverage,phenobarbital,half_life_range,Field has non-RCT source coverage listed in evidence_sources,,,https://www.accessdata.fda.gov/drugsatfda_docs/label/2022/215910s000lbl.pdf; https://www.medicines.org.uk/emc/product/3607/smpc; https://www.medicines.org.uk/emc/product/4920/smpc; FDA prescribing information (https://www.accessdata.fda.gov/drugsatfda_docs/label/2022/215910s000lbl.pdf)
info,fact_source_coverage,phenobarbital,major_organ_for_metabolism,Field has non-RCT source coverage listed in evidence_sources,,,https://www.accessdata.fda.gov/drugsatfda_docs/label/2022/215910s000lbl.pdf; https://www.medicines.org.uk/emc/product/3607/smpc; https://www.medicines.org.uk/emc/product/4920/smpc; FDA prescribing information (https://www.accessdata.fda.gov/drugsatfda_docs/label/2022/215910s000lbl.pdf)
info,fact_source_coverage,phenobarbital,formulations_available,Field has non-RCT source coverage listed in evidence_sources,,,https://www.accessdata.fda.gov/drugsatfda_docs/label/2022/215910s000lbl.pdf; https://www.medicines.org.uk/emc/product/3607/smpc; https://www.medicines.org.uk/emc/product/4920/smpc; FDA prescribing information (https://www.accessdata.fda.gov/drugsatfda_docs/label/2022/215910s000lbl.pdf)
info,fact_source_coverage,phenobarbital,typical_doses_per_day,Field has non-RCT source coverage listed in evidence_sources,,,https://www.accessdata.fda.gov/drugsatfda_docs/label/2022/215910s000lbl.pdf; https://www.medicines.org.uk/emc/product/3607/smpc; https://www.medicines.org.uk/emc/product/4920/smpc; FDA prescribing information (https://www.accessdata.fda.gov/drugsatfda_docs/label/2022/215910s000lbl.pdf)
info,fact_source_coverage,phenobarbital,minimum_effective_dose,Field has non-RCT source coverage listed in evidence_sources,,,https://www.accessdata.fda.gov/drugsatfda_docs/label/2022/215910s000lbl.pdf; https://www.medicines.org.uk/emc/product/3607/smpc; https://www.medicines.org.uk/emc/product/4920/smpc; FDA prescribing information (https://www.accessdata.fda.gov/drugsatfda_docs/label/2022/215910s000lbl.pdf)
info,fact_source_coverage,phenobarbital,maximum_approved_daily_dose,Field has non-RCT source coverage listed in evidence_sources,,,https://www.accessdata.fda.gov/drugsatfda_docs/label/2022/215910s000lbl.pdf; https://www.medicines.org.uk/emc/product/3607/smpc; https://www.medicines.org.uk/emc/product/4920/smpc; FDA prescribing information (https://www.accessdata.fda.gov/drugsatfda_docs/label/2022/215910s000lbl.pdf)
info,fact_source_coverage,phenobarbital,enzyme_inducing_or_inhibiting,Field has non-RCT source coverage listed in evidence_sources,,,https://www.accessdata.fda.gov/drugsatfda_docs/label/2022/215910s000lbl.pdf; https://www.medicines.org.uk/emc/product/3607/smpc; https://www.medicines.org.uk/emc/product/4920/smpc; FDA prescribing information (https://www.accessdata.fda.gov/drugsatfda_docs/label/2022/215910s000lbl.pdf)
info,fact_source_coverage,phenobarbital,qt_interval_effect,Field has non-RCT source coverage listed in evidence_sources,,,https://www.accessdata.fda.gov/drugsatfda_docs/label/2022/215910s000lbl.pdf; https://www.medicines.org.uk/emc/product/3607/smpc; https://www.medicines.org.uk/emc/product/4920/smpc; FDA prescribing information (https://www.accessdata.fda.gov/drugsatfda_docs/label/2022/215910s000lbl.pdf)
info,fact_source_coverage,phenobarbital,adverse_symptoms_percentages,Field has non-RCT source coverage listed in evidence_sources,,,https://www.accessdata.fda.gov/drugsatfda_docs/label/2022/215910s000lbl.pdf; https://www.medicines.org.uk/emc/product/3607/smpc; https://www.medicines.org.uk/emc/product/4920/smpc; FDA prescribing information (https://www.accessdata.fda.gov/drugsatfda_docs/label/2022/215910s000lbl.pdf)
info,fact_source_coverage,phenobarbital,year_fda_cleared,Field has non-RCT source coverage listed in evidence_sources,,,https://www.accessdata.fda.gov/drugsatfda_docs/label/2022/215910s000lbl.pdf; https://www.medicines.org.uk/emc/product/3607/smpc; https://www.medicines.org.uk/emc/product/4920/smpc; FDA prescribing information (https://www.accessdata.fda.gov/drugsatfda_docs/label/2022/215910s000lbl.pdf)
info,fact_source_coverage,phenobarbital,fda_black_box_warning,Field has non-RCT source coverage listed in evidence_sources,,,https://www.accessdata.fda.gov/drugsatfda_docs/label/2022/215910s000lbl.pdf; https://www.medicines.org.uk/emc/product/3607/smpc; https://www.medicines.org.uk/emc/product/4920/smpc; FDA prescribing information (https://www.accessdata.fda.gov/drugsatfda_docs/label/2022/215910s000lbl.pdf)
info,fact_source_coverage,phenobarbital,fda_black_box_warning_source,Field has non-RCT source coverage listed in evidence_sources,,,https://www.accessdata.fda.gov/drugsatfda_docs/label/2022/215910s000lbl.pdf; https://www.medicines.org.uk/emc/product/3607/smpc; https://www.medicines.org.uk/emc/product/4920/smpc; FDA prescribing information (https://www.accessdata.fda.gov/drugsatfda_docs/label/2022/215910s000lbl.pdf)
info,fact_source_coverage,phenobarbital,fda_black_box_warning_verified,Field has non-RCT source coverage listed in evidence_sources,,,https://www.accessdata.fda.gov/drugsatfda_docs/label/2022/215910s000lbl.pdf; https://www.medicines.org.uk/emc/product/3607/smpc; https://www.medicines.org.uk/emc/product/4920/smpc; FDA prescribing information (https://www.accessdata.fda.gov/drugsatfda_docs/label/2022/215910s000lbl.pdf)
info,fact_source_coverage,phensuximide,trade_names,Field has non-RCT source coverage listed in evidence_sources,,,FDA Orange Book products file; https://api.fda.gov/drug/drugsfda.json?search=application_number:%22NDA008855%22&limit=5; https://www.fda.gov/drugs/drug-approvals-and-databases/orange-book-data-files; https://api.fda.gov/drug/label.json?search=openfda.generic_name:%22phensuximide%22&limit=1; https://api.fda.gov/drug/label.json?search=openfda.brand_name:%22MILONTIN%22&limit=1
info,fact_source_coverage,phensuximide,status_or_notes,Field has non-RCT source coverage listed in evidence_sources,,,FDA Orange Book products file; https://api.fda.gov/drug/drugsfda.json?search=application_number:%22NDA008855%22&limit=5; https://www.fda.gov/drugs/drug-approvals-and-databases/orange-book-data-files; https://api.fda.gov/drug/label.json?search=openfda.generic_name:%22phensuximide%22&limit=1; https://api.fda.gov/drug/label.json?search=openfda.brand_name:%22MILONTIN%22&limit=1
info,fact_source_coverage,phensuximide,available_in_us,Field has non-RCT source coverage listed in evidence_sources,,,FDA Orange Book products file; https://api.fda.gov/drug/drugsfda.json?search=application_number:%22NDA008855%22&limit=5; https://www.fda.gov/drugs/drug-approvals-and-databases/orange-book-data-files; https://api.fda.gov/drug/label.json?search=openfda.generic_name:%22phensuximide%22&limit=1; https://api.fda.gov/drug/label.json?search=openfda.brand_name:%22MILONTIN%22&limit=1
info,fact_source_coverage,phensuximide,epilepsy_type,Field has non-RCT source coverage listed in evidence_sources,,,FDA Orange Book products file; https://api.fda.gov/drug/drugsfda.json?search=application_number:%22NDA008855%22&limit=5; https://www.fda.gov/drugs/drug-approvals-and-databases/orange-book-data-files; https://api.fda.gov/drug/label.json?search=openfda.generic_name:%22phensuximide%22&limit=1; https://api.fda.gov/drug/label.json?search=openfda.brand_name:%22MILONTIN%22&limit=1
info,fact_source_coverage,phensuximide,mechanism_of_action,Field has non-RCT source coverage listed in evidence_sources,,,FDA Orange Book products file; https://api.fda.gov/drug/drugsfda.json?search=application_number:%22NDA008855%22&limit=5; https://www.fda.gov/drugs/drug-approvals-and-databases/orange-book-data-files; https://api.fda.gov/drug/label.json?search=openfda.generic_name:%22phensuximide%22&limit=1; https://api.fda.gov/drug/label.json?search=openfda.brand_name:%22MILONTIN%22&limit=1
info,fact_source_coverage,phensuximide,mechanism_source,Field has non-RCT source coverage listed in evidence_sources,,,FDA Orange Book products file; https://api.fda.gov/drug/drugsfda.json?search=application_number:%22NDA008855%22&limit=5; https://www.fda.gov/drugs/drug-approvals-and-databases/orange-book-data-files; https://api.fda.gov/drug/label.json?search=openfda.generic_name:%22phensuximide%22&limit=1; https://api.fda.gov/drug/label.json?search=openfda.brand_name:%22MILONTIN%22&limit=1
info,fact_source_coverage,phensuximide,mechanism_source_tier,Field has non-RCT source coverage listed in evidence_sources,,,FDA Orange Book products file; https://api.fda.gov/drug/drugsfda.json?search=application_number:%22NDA008855%22&limit=5; https://www.fda.gov/drugs/drug-approvals-and-databases/orange-book-data-files; https://api.fda.gov/drug/label.json?search=openfda.generic_name:%22phensuximide%22&limit=1; https://api.fda.gov/drug/label.json?search=openfda.brand_name:%22MILONTIN%22&limit=1
info,fact_source_coverage,phensuximide,mechanism_confidence,Field has non-RCT source coverage listed in evidence_sources,,,FDA Orange Book products file; https://api.fda.gov/drug/drugsfda.json?search=application_number:%22NDA008855%22&limit=5; https://www.fda.gov/drugs/drug-approvals-and-databases/orange-book-data-files; https://api.fda.gov/drug/label.json?search=openfda.generic_name:%22phensuximide%22&limit=1; https://api.fda.gov/drug/label.json?search=openfda.brand_name:%22MILONTIN%22&limit=1
info,fact_source_coverage,phensuximide,half_life_range,Field has non-RCT source coverage listed in evidence_sources,,,FDA Orange Book products file; https://api.fda.gov/drug/drugsfda.json?search=application_number:%22NDA008855%22&limit=5; https://www.fda.gov/drugs/drug-approvals-and-databases/orange-book-data-files; https://api.fda.gov/drug/label.json?search=openfda.generic_name:%22phensuximide%22&limit=1; https://api.fda.gov/drug/label.json?search=openfda.brand_name:%22MILONTIN%22&limit=1
info,fact_source_coverage,phensuximide,major_organ_for_metabolism,Field has non-RCT source coverage listed in evidence_sources,,,FDA Orange Book products file; https://api.fda.gov/drug/drugsfda.json?search=application_number:%22NDA008855%22&limit=5; https://www.fda.gov/drugs/drug-approvals-and-databases/orange-book-data-files; https://api.fda.gov/drug/label.json?search=openfda.generic_name:%22phensuximide%22&limit=1; https://api.fda.gov/drug/label.json?search=openfda.brand_name:%22MILONTIN%22&limit=1
info,fact_source_coverage,phensuximide,formulations_available,Field has non-RCT source coverage listed in evidence_sources,,,FDA Orange Book products file; https://api.fda.gov/drug/drugsfda.json?search=application_number:%22NDA008855%22&limit=5; https://www.fda.gov/drugs/drug-approvals-and-databases/orange-book-data-files; https://api.fda.gov/drug/label.json?search=openfda.generic_name:%22phensuximide%22&limit=1; https://api.fda.gov/drug/label.json?search=openfda.brand_name:%22MILONTIN%22&limit=1
info,fact_source_coverage,phensuximide,typical_doses_per_day,Field has non-RCT source coverage listed in evidence_sources,,,FDA Orange Book products file; https://api.fda.gov/drug/drugsfda.json?search=application_number:%22NDA008855%22&limit=5; https://www.fda.gov/drugs/drug-approvals-and-databases/orange-book-data-files; https://api.fda.gov/drug/label.json?search=openfda.generic_name:%22phensuximide%22&limit=1; https://api.fda.gov/drug/label.json?search=openfda.brand_name:%22MILONTIN%22&limit=1
info,fact_source_coverage,phensuximide,minimum_effective_dose,Field has non-RCT source coverage listed in evidence_sources,,,FDA Orange Book products file; https://api.fda.gov/drug/drugsfda.json?search=application_number:%22NDA008855%22&limit=5; https://www.fda.gov/drugs/drug-approvals-and-databases/orange-book-data-files; https://api.fda.gov/drug/label.json?search=openfda.generic_name:%22phensuximide%22&limit=1; https://api.fda.gov/drug/label.json?search=openfda.brand_name:%22MILONTIN%22&limit=1
info,fact_source_coverage,phensuximide,maximum_approved_daily_dose,Field has non-RCT source coverage listed in evidence_sources,,,FDA Orange Book products file; https://api.fda.gov/drug/drugsfda.json?search=application_number:%22NDA008855%22&limit=5; https://www.fda.gov/drugs/drug-approvals-and-databases/orange-book-data-files; https://api.fda.gov/drug/label.json?search=openfda.generic_name:%22phensuximide%22&limit=1; https://api.fda.gov/drug/label.json?search=openfda.brand_name:%22MILONTIN%22&limit=1
info,fact_source_coverage,phensuximide,enzyme_inducing_or_inhibiting,Field has non-RCT source coverage listed in evidence_sources,,,FDA Orange Book products file; https://api.fda.gov/drug/drugsfda.json?search=application_number:%22NDA008855%22&limit=5; https://www.fda.gov/drugs/drug-approvals-and-databases/orange-book-data-files; https://api.fda.gov/drug/label.json?search=openfda.generic_name:%22phensuximide%22&limit=1; https://api.fda.gov/drug/label.json?search=openfda.brand_name:%22MILONTIN%22&limit=1
info,fact_source_coverage,phensuximide,qt_interval_effect,Field has non-RCT source coverage listed in evidence_sources,,,FDA Orange Book products file; https://api.fda.gov/drug/drugsfda.json?search=application_number:%22NDA008855%22&limit=5; https://www.fda.gov/drugs/drug-approvals-and-databases/orange-book-data-files; https://api.fda.gov/drug/label.json?search=openfda.generic_name:%22phensuximide%22&limit=1; https://api.fda.gov/drug/label.json?search=openfda.brand_name:%22MILONTIN%22&limit=1
info,fact_source_coverage,phensuximide,adverse_symptoms_percentages,Field has non-RCT source coverage listed in evidence_sources,,,FDA Orange Book products file; https://api.fda.gov/drug/drugsfda.json?search=application_number:%22NDA008855%22&limit=5; https://www.fda.gov/drugs/drug-approvals-and-databases/orange-book-data-files; https://api.fda.gov/drug/label.json?search=openfda.generic_name:%22phensuximide%22&limit=1; https://api.fda.gov/drug/label.json?search=openfda.brand_name:%22MILONTIN%22&limit=1
info,fact_source_coverage,phensuximide,year_fda_cleared,Field has non-RCT source coverage listed in evidence_sources,,,FDA Orange Book products file; https://api.fda.gov/drug/drugsfda.json?search=application_number:%22NDA008855%22&limit=5; https://www.fda.gov/drugs/drug-approvals-and-databases/orange-book-data-files; https://api.fda.gov/drug/label.json?search=openfda.generic_name:%22phensuximide%22&limit=1; https://api.fda.gov/drug/label.json?search=openfda.brand_name:%22MILONTIN%22&limit=1
info,fact_source_coverage,phensuximide,fda_black_box_warning,Field has non-RCT source coverage listed in evidence_sources,,,FDA Orange Book products file; https://api.fda.gov/drug/drugsfda.json?search=application_number:%22NDA008855%22&limit=5; https://www.fda.gov/drugs/drug-approvals-and-databases/orange-book-data-files; https://api.fda.gov/drug/label.json?search=openfda.generic_name:%22phensuximide%22&limit=1; https://api.fda.gov/drug/label.json?search=openfda.brand_name:%22MILONTIN%22&limit=1
info,fact_source_coverage,phensuximide,fda_black_box_warning_source,Field has non-RCT source coverage listed in evidence_sources,,,FDA Orange Book products file; https://api.fda.gov/drug/drugsfda.json?search=application_number:%22NDA008855%22&limit=5; https://www.fda.gov/drugs/drug-approvals-and-databases/orange-book-data-files; https://api.fda.gov/drug/label.json?search=openfda.generic_name:%22phensuximide%22&limit=1; https://api.fda.gov/drug/label.json?search=openfda.brand_name:%22MILONTIN%22&limit=1
info,fact_source_coverage,phensuximide,fda_black_box_warning_verified,Field has non-RCT source coverage listed in evidence_sources,,,FDA Orange Book products file; https://api.fda.gov/drug/drugsfda.json?search=application_number:%22NDA008855%22&limit=5; https://www.fda.gov/drugs/drug-approvals-and-databases/orange-book-data-files; https://api.fda.gov/drug/label.json?search=openfda.generic_name:%22phensuximide%22&limit=1; https://api.fda.gov/drug/label.json?search=openfda.brand_name:%22MILONTIN%22&limit=1
info,fact_source_coverage,phenytoin,trade_names,Field has non-RCT source coverage listed in evidence_sources,,,https://www.accessdata.fda.gov/drugsatfda_docs/label/2022/084349s088lbl.pdf; https://www.accessdata.fda.gov/drugsatfda_docs/label/2015/084427Orig1s032lbl.pdf; https://www.accessdata.fda.gov/drugsatfda_docs/label/2013/008762s047lbl.pdf; https://www.accessdata.fda.gov/drugsatfda_docs/label/2017/010151s047s048lbl.pdf; FDA prescribing information (https://www.accessdata.fda.gov/drugsatfda_docs/label/2022/084349s088lbl.pdf)
info,fact_source_coverage,phenytoin,status_or_notes,Field has non-RCT source coverage listed in evidence_sources,,,https://www.accessdata.fda.gov/drugsatfda_docs/label/2022/084349s088lbl.pdf; https://www.accessdata.fda.gov/drugsatfda_docs/label/2015/084427Orig1s032lbl.pdf; https://www.accessdata.fda.gov/drugsatfda_docs/label/2013/008762s047lbl.pdf; https://www.accessdata.fda.gov/drugsatfda_docs/label/2017/010151s047s048lbl.pdf; FDA prescribing information (https://www.accessdata.fda.gov/drugsatfda_docs/label/2022/084349s088lbl.pdf)
info,fact_source_coverage,phenytoin,available_in_us,Field has non-RCT source coverage listed in evidence_sources,,,https://www.accessdata.fda.gov/drugsatfda_docs/label/2022/084349s088lbl.pdf; https://www.accessdata.fda.gov/drugsatfda_docs/label/2015/084427Orig1s032lbl.pdf; https://www.accessdata.fda.gov/drugsatfda_docs/label/2013/008762s047lbl.pdf; https://www.accessdata.fda.gov/drugsatfda_docs/label/2017/010151s047s048lbl.pdf; FDA prescribing information (https://www.accessdata.fda.gov/drugsatfda_docs/label/2022/084349s088lbl.pdf)
info,fact_source_coverage,phenytoin,epilepsy_type,Field has non-RCT source coverage listed in evidence_sources,,,https://www.accessdata.fda.gov/drugsatfda_docs/label/2022/084349s088lbl.pdf; https://www.accessdata.fda.gov/drugsatfda_docs/label/2015/084427Orig1s032lbl.pdf; https://www.accessdata.fda.gov/drugsatfda_docs/label/2013/008762s047lbl.pdf; https://www.accessdata.fda.gov/drugsatfda_docs/label/2017/010151s047s048lbl.pdf; FDA prescribing information (https://www.accessdata.fda.gov/drugsatfda_docs/label/2022/084349s088lbl.pdf)
info,fact_source_coverage,phenytoin,mechanism_of_action,Field has non-RCT source coverage listed in evidence_sources,,,https://www.accessdata.fda.gov/drugsatfda_docs/label/2022/084349s088lbl.pdf; https://www.accessdata.fda.gov/drugsatfda_docs/label/2015/084427Orig1s032lbl.pdf; https://www.accessdata.fda.gov/drugsatfda_docs/label/2013/008762s047lbl.pdf; https://www.accessdata.fda.gov/drugsatfda_docs/label/2017/010151s047s048lbl.pdf; FDA prescribing information (https://www.accessdata.fda.gov/drugsatfda_docs/label/2022/084349s088lbl.pdf)
info,fact_source_coverage,phenytoin,mechanism_source,Field has non-RCT source coverage listed in evidence_sources,,,https://www.accessdata.fda.gov/drugsatfda_docs/label/2022/084349s088lbl.pdf; https://www.accessdata.fda.gov/drugsatfda_docs/label/2015/084427Orig1s032lbl.pdf; https://www.accessdata.fda.gov/drugsatfda_docs/label/2013/008762s047lbl.pdf; https://www.accessdata.fda.gov/drugsatfda_docs/label/2017/010151s047s048lbl.pdf; FDA prescribing information (https://www.accessdata.fda.gov/drugsatfda_docs/label/2022/084349s088lbl.pdf)
info,fact_source_coverage,phenytoin,mechanism_source_tier,Field has non-RCT source coverage listed in evidence_sources,,,https://www.accessdata.fda.gov/drugsatfda_docs/label/2022/084349s088lbl.pdf; https://www.accessdata.fda.gov/drugsatfda_docs/label/2015/084427Orig1s032lbl.pdf; https://www.accessdata.fda.gov/drugsatfda_docs/label/2013/008762s047lbl.pdf; https://www.accessdata.fda.gov/drugsatfda_docs/label/2017/010151s047s048lbl.pdf; FDA prescribing information (https://www.accessdata.fda.gov/drugsatfda_docs/label/2022/084349s088lbl.pdf)
info,fact_source_coverage,phenytoin,mechanism_confidence,Field has non-RCT source coverage listed in evidence_sources,,,https://www.accessdata.fda.gov/drugsatfda_docs/label/2022/084349s088lbl.pdf; https://www.accessdata.fda.gov/drugsatfda_docs/label/2015/084427Orig1s032lbl.pdf; https://www.accessdata.fda.gov/drugsatfda_docs/label/2013/008762s047lbl.pdf; https://www.accessdata.fda.gov/drugsatfda_docs/label/2017/010151s047s048lbl.pdf; FDA prescribing information (https://www.accessdata.fda.gov/drugsatfda_docs/label/2022/084349s088lbl.pdf)
info,fact_source_coverage,phenytoin,half_life_range,Field has non-RCT source coverage listed in evidence_sources,,,https://www.accessdata.fda.gov/drugsatfda_docs/label/2022/084349s088lbl.pdf; https://www.accessdata.fda.gov/drugsatfda_docs/label/2015/084427Orig1s032lbl.pdf; https://www.accessdata.fda.gov/drugsatfda_docs/label/2013/008762s047lbl.pdf; https://www.accessdata.fda.gov/drugsatfda_docs/label/2017/010151s047s048lbl.pdf; FDA prescribing information (https://www.accessdata.fda.gov/drugsatfda_docs/label/2022/084349s088lbl.pdf)
info,fact_source_coverage,phenytoin,major_organ_for_metabolism,Field has non-RCT source coverage listed in evidence_sources,,,https://www.accessdata.fda.gov/drugsatfda_docs/label/2022/084349s088lbl.pdf; https://www.accessdata.fda.gov/drugsatfda_docs/label/2015/084427Orig1s032lbl.pdf; https://www.accessdata.fda.gov/drugsatfda_docs/label/2013/008762s047lbl.pdf; https://www.accessdata.fda.gov/drugsatfda_docs/label/2017/010151s047s048lbl.pdf; FDA prescribing information (https://www.accessdata.fda.gov/drugsatfda_docs/label/2022/084349s088lbl.pdf)
info,fact_source_coverage,phenytoin,formulations_available,Field has non-RCT source coverage listed in evidence_sources,,,https://www.accessdata.fda.gov/drugsatfda_docs/label/2022/084349s088lbl.pdf; https://www.accessdata.fda.gov/drugsatfda_docs/label/2015/084427Orig1s032lbl.pdf; https://www.accessdata.fda.gov/drugsatfda_docs/label/2013/008762s047lbl.pdf; https://www.accessdata.fda.gov/drugsatfda_docs/label/2017/010151s047s048lbl.pdf; FDA prescribing information (https://www.accessdata.fda.gov/drugsatfda_docs/label/2022/084349s088lbl.pdf)
info,fact_source_coverage,phenytoin,typical_doses_per_day,Field has non-RCT source coverage listed in evidence_sources,,,https://www.accessdata.fda.gov/drugsatfda_docs/label/2022/084349s088lbl.pdf; https://www.accessdata.fda.gov/drugsatfda_docs/label/2015/084427Orig1s032lbl.pdf; https://www.accessdata.fda.gov/drugsatfda_docs/label/2013/008762s047lbl.pdf; https://www.accessdata.fda.gov/drugsatfda_docs/label/2017/010151s047s048lbl.pdf; FDA prescribing information (https://www.accessdata.fda.gov/drugsatfda_docs/label/2022/084349s088lbl.pdf)
info,fact_source_coverage,phenytoin,minimum_effective_dose,Field has non-RCT source coverage listed in evidence_sources,,,https://www.accessdata.fda.gov/drugsatfda_docs/label/2022/084349s088lbl.pdf; https://www.accessdata.fda.gov/drugsatfda_docs/label/2015/084427Orig1s032lbl.pdf; https://www.accessdata.fda.gov/drugsatfda_docs/label/2013/008762s047lbl.pdf; https://www.accessdata.fda.gov/drugsatfda_docs/label/2017/010151s047s048lbl.pdf; FDA prescribing information (https://www.accessdata.fda.gov/drugsatfda_docs/label/2022/084349s088lbl.pdf)
info,fact_source_coverage,phenytoin,maximum_approved_daily_dose,Field has non-RCT source coverage listed in evidence_sources,,,https://www.accessdata.fda.gov/drugsatfda_docs/label/2022/084349s088lbl.pdf; https://www.accessdata.fda.gov/drugsatfda_docs/label/2015/084427Orig1s032lbl.pdf; https://www.accessdata.fda.gov/drugsatfda_docs/label/2013/008762s047lbl.pdf; https://www.accessdata.fda.gov/drugsatfda_docs/label/2017/010151s047s048lbl.pdf; FDA prescribing information (https://www.accessdata.fda.gov/drugsatfda_docs/label/2022/084349s088lbl.pdf)
info,fact_source_coverage,phenytoin,enzyme_inducing_or_inhibiting,Field has non-RCT source coverage listed in evidence_sources,,,https://www.accessdata.fda.gov/drugsatfda_docs/label/2022/084349s088lbl.pdf; https://www.accessdata.fda.gov/drugsatfda_docs/label/2015/084427Orig1s032lbl.pdf; https://www.accessdata.fda.gov/drugsatfda_docs/label/2013/008762s047lbl.pdf; https://www.accessdata.fda.gov/drugsatfda_docs/label/2017/010151s047s048lbl.pdf; FDA prescribing information (https://www.accessdata.fda.gov/drugsatfda_docs/label/2022/084349s088lbl.pdf)
info,fact_source_coverage,phenytoin,qt_interval_effect,Field has non-RCT source coverage listed in evidence_sources,,,https://www.accessdata.fda.gov/drugsatfda_docs/label/2022/084349s088lbl.pdf; https://www.accessdata.fda.gov/drugsatfda_docs/label/2015/084427Orig1s032lbl.pdf; https://www.accessdata.fda.gov/drugsatfda_docs/label/2013/008762s047lbl.pdf; https://www.accessdata.fda.gov/drugsatfda_docs/label/2017/010151s047s048lbl.pdf; FDA prescribing information (https://www.accessdata.fda.gov/drugsatfda_docs/label/2022/084349s088lbl.pdf)
info,fact_source_coverage,phenytoin,adverse_symptoms_percentages,Field has non-RCT source coverage listed in evidence_sources,,,https://www.accessdata.fda.gov/drugsatfda_docs/label/2022/084349s088lbl.pdf; https://www.accessdata.fda.gov/drugsatfda_docs/label/2015/084427Orig1s032lbl.pdf; https://www.accessdata.fda.gov/drugsatfda_docs/label/2013/008762s047lbl.pdf; https://www.accessdata.fda.gov/drugsatfda_docs/label/2017/010151s047s048lbl.pdf; FDA prescribing information (https://www.accessdata.fda.gov/drugsatfda_docs/label/2022/084349s088lbl.pdf)
info,fact_source_coverage,phenytoin,year_fda_cleared,Field has non-RCT source coverage listed in evidence_sources,,,https://www.accessdata.fda.gov/drugsatfda_docs/label/2022/084349s088lbl.pdf; https://www.accessdata.fda.gov/drugsatfda_docs/label/2015/084427Orig1s032lbl.pdf; https://www.accessdata.fda.gov/drugsatfda_docs/label/2013/008762s047lbl.pdf; https://www.accessdata.fda.gov/drugsatfda_docs/label/2017/010151s047s048lbl.pdf; FDA prescribing information (https://www.accessdata.fda.gov/drugsatfda_docs/label/2022/084349s088lbl.pdf)
info,fact_source_coverage,phenytoin,fda_black_box_warning,Field has non-RCT source coverage listed in evidence_sources,,,https://www.accessdata.fda.gov/drugsatfda_docs/label/2022/084349s088lbl.pdf; https://www.accessdata.fda.gov/drugsatfda_docs/label/2015/084427Orig1s032lbl.pdf; https://www.accessdata.fda.gov/drugsatfda_docs/label/2013/008762s047lbl.pdf; https://www.accessdata.fda.gov/drugsatfda_docs/label/2017/010151s047s048lbl.pdf; FDA prescribing information (https://www.accessdata.fda.gov/drugsatfda_docs/label/2022/084349s088lbl.pdf)
info,fact_source_coverage,phenytoin,fda_black_box_warning_source,Field has non-RCT source coverage listed in evidence_sources,,,https://www.accessdata.fda.gov/drugsatfda_docs/label/2022/084349s088lbl.pdf; https://www.accessdata.fda.gov/drugsatfda_docs/label/2015/084427Orig1s032lbl.pdf; https://www.accessdata.fda.gov/drugsatfda_docs/label/2013/008762s047lbl.pdf; https://www.accessdata.fda.gov/drugsatfda_docs/label/2017/010151s047s048lbl.pdf; FDA prescribing information (https://www.accessdata.fda.gov/drugsatfda_docs/label/2022/084349s088lbl.pdf)
info,fact_source_coverage,phenytoin,fda_black_box_warning_verified,Field has non-RCT source coverage listed in evidence_sources,,,https://www.accessdata.fda.gov/drugsatfda_docs/label/2022/084349s088lbl.pdf; https://www.accessdata.fda.gov/drugsatfda_docs/label/2015/084427Orig1s032lbl.pdf; https://www.accessdata.fda.gov/drugsatfda_docs/label/2013/008762s047lbl.pdf; https://www.accessdata.fda.gov/drugsatfda_docs/label/2017/010151s047s048lbl.pdf; FDA prescribing information (https://www.accessdata.fda.gov/drugsatfda_docs/label/2022/084349s088lbl.pdf)
info,fact_source_coverage,piracetam,trade_names,Field has non-RCT source coverage listed in evidence_sources,,,UK eMC SmPC labeling; https://api.fda.gov/drug/drugsfda.json?search=piracetam&limit=1; https://api.fda.gov/drug/ndc.json?search=generic_name:%22PIRACETAM%22&limit=1; https://www.fda.gov/drugs/drug-approvals-and-databases/drugsfda-database; https://www.medicines.org.uk/emc/ingredient/813; https://www.medicines.org.uk/emc/product/101132/smpc; https://www.ema.europa.eu/en/documents/psusa/piracetam-list-nationally-authorised-medicinal-products-psusa00002429202204_en.pdf; https://www.medicines.org.uk/emc/product/101131/smpc
info,fact_source_coverage,piracetam,status_or_notes,Field has non-RCT source coverage listed in evidence_sources,,,UK eMC SmPC labeling; https://api.fda.gov/drug/drugsfda.json?search=piracetam&limit=1; https://api.fda.gov/drug/ndc.json?search=generic_name:%22PIRACETAM%22&limit=1; https://www.fda.gov/drugs/drug-approvals-and-databases/drugsfda-database; https://www.medicines.org.uk/emc/ingredient/813; https://www.medicines.org.uk/emc/product/101132/smpc; https://www.ema.europa.eu/en/documents/psusa/piracetam-list-nationally-authorised-medicinal-products-psusa00002429202204_en.pdf; https://www.medicines.org.uk/emc/product/101131/smpc
info,fact_source_coverage,piracetam,available_in_us,Field has non-RCT source coverage listed in evidence_sources,,,UK eMC SmPC labeling; https://api.fda.gov/drug/drugsfda.json?search=piracetam&limit=1; https://api.fda.gov/drug/ndc.json?search=generic_name:%22PIRACETAM%22&limit=1; https://www.fda.gov/drugs/drug-approvals-and-databases/drugsfda-database; https://www.medicines.org.uk/emc/ingredient/813; https://www.medicines.org.uk/emc/product/101132/smpc; https://www.ema.europa.eu/en/documents/psusa/piracetam-list-nationally-authorised-medicinal-products-psusa00002429202204_en.pdf; https://www.medicines.org.uk/emc/product/101131/smpc
info,fact_source_coverage,piracetam,epilepsy_type,Field has non-RCT source coverage listed in evidence_sources,,,UK eMC SmPC labeling; https://api.fda.gov/drug/drugsfda.json?search=piracetam&limit=1; https://api.fda.gov/drug/ndc.json?search=generic_name:%22PIRACETAM%22&limit=1; https://www.fda.gov/drugs/drug-approvals-and-databases/drugsfda-database; https://www.medicines.org.uk/emc/ingredient/813; https://www.medicines.org.uk/emc/product/101132/smpc; https://www.ema.europa.eu/en/documents/psusa/piracetam-list-nationally-authorised-medicinal-products-psusa00002429202204_en.pdf; https://www.medicines.org.uk/emc/product/101131/smpc
info,fact_source_coverage,piracetam,mechanism_of_action,Field has non-RCT source coverage listed in evidence_sources,,,UK eMC SmPC labeling; https://api.fda.gov/drug/drugsfda.json?search=piracetam&limit=1; https://api.fda.gov/drug/ndc.json?search=generic_name:%22PIRACETAM%22&limit=1; https://www.fda.gov/drugs/drug-approvals-and-databases/drugsfda-database; https://www.medicines.org.uk/emc/ingredient/813; https://www.medicines.org.uk/emc/product/101132/smpc; https://www.ema.europa.eu/en/documents/psusa/piracetam-list-nationally-authorised-medicinal-products-psusa00002429202204_en.pdf; https://www.medicines.org.uk/emc/product/101131/smpc
info,fact_source_coverage,piracetam,mechanism_source,Field has non-RCT source coverage listed in evidence_sources,,,UK eMC SmPC labeling; https://api.fda.gov/drug/drugsfda.json?search=piracetam&limit=1; https://api.fda.gov/drug/ndc.json?search=generic_name:%22PIRACETAM%22&limit=1; https://www.fda.gov/drugs/drug-approvals-and-databases/drugsfda-database; https://www.medicines.org.uk/emc/ingredient/813; https://www.medicines.org.uk/emc/product/101132/smpc; https://www.ema.europa.eu/en/documents/psusa/piracetam-list-nationally-authorised-medicinal-products-psusa00002429202204_en.pdf; https://www.medicines.org.uk/emc/product/101131/smpc
info,fact_source_coverage,piracetam,mechanism_source_tier,Field has non-RCT source coverage listed in evidence_sources,,,UK eMC SmPC labeling; https://api.fda.gov/drug/drugsfda.json?search=piracetam&limit=1; https://api.fda.gov/drug/ndc.json?search=generic_name:%22PIRACETAM%22&limit=1; https://www.fda.gov/drugs/drug-approvals-and-databases/drugsfda-database; https://www.medicines.org.uk/emc/ingredient/813; https://www.medicines.org.uk/emc/product/101132/smpc; https://www.ema.europa.eu/en/documents/psusa/piracetam-list-nationally-authorised-medicinal-products-psusa00002429202204_en.pdf; https://www.medicines.org.uk/emc/product/101131/smpc
info,fact_source_coverage,piracetam,mechanism_confidence,Field has non-RCT source coverage listed in evidence_sources,,,UK eMC SmPC labeling; https://api.fda.gov/drug/drugsfda.json?search=piracetam&limit=1; https://api.fda.gov/drug/ndc.json?search=generic_name:%22PIRACETAM%22&limit=1; https://www.fda.gov/drugs/drug-approvals-and-databases/drugsfda-database; https://www.medicines.org.uk/emc/ingredient/813; https://www.medicines.org.uk/emc/product/101132/smpc; https://www.ema.europa.eu/en/documents/psusa/piracetam-list-nationally-authorised-medicinal-products-psusa00002429202204_en.pdf; https://www.medicines.org.uk/emc/product/101131/smpc
info,fact_source_coverage,piracetam,half_life_range,Field has non-RCT source coverage listed in evidence_sources,,,UK eMC SmPC labeling; https://api.fda.gov/drug/drugsfda.json?search=piracetam&limit=1; https://api.fda.gov/drug/ndc.json?search=generic_name:%22PIRACETAM%22&limit=1; https://www.fda.gov/drugs/drug-approvals-and-databases/drugsfda-database; https://www.medicines.org.uk/emc/ingredient/813; https://www.medicines.org.uk/emc/product/101132/smpc; https://www.ema.europa.eu/en/documents/psusa/piracetam-list-nationally-authorised-medicinal-products-psusa00002429202204_en.pdf; https://www.medicines.org.uk/emc/product/101131/smpc
info,fact_source_coverage,piracetam,major_organ_for_metabolism,Field has non-RCT source coverage listed in evidence_sources,,,UK eMC SmPC labeling; https://api.fda.gov/drug/drugsfda.json?search=piracetam&limit=1; https://api.fda.gov/drug/ndc.json?search=generic_name:%22PIRACETAM%22&limit=1; https://www.fda.gov/drugs/drug-approvals-and-databases/drugsfda-database; https://www.medicines.org.uk/emc/ingredient/813; https://www.medicines.org.uk/emc/product/101132/smpc; https://www.ema.europa.eu/en/documents/psusa/piracetam-list-nationally-authorised-medicinal-products-psusa00002429202204_en.pdf; https://www.medicines.org.uk/emc/product/101131/smpc
info,fact_source_coverage,piracetam,formulations_available,Field has non-RCT source coverage listed in evidence_sources,,,UK eMC SmPC labeling; https://api.fda.gov/drug/drugsfda.json?search=piracetam&limit=1; https://api.fda.gov/drug/ndc.json?search=generic_name:%22PIRACETAM%22&limit=1; https://www.fda.gov/drugs/drug-approvals-and-databases/drugsfda-database; https://www.medicines.org.uk/emc/ingredient/813; https://www.medicines.org.uk/emc/product/101132/smpc; https://www.ema.europa.eu/en/documents/psusa/piracetam-list-nationally-authorised-medicinal-products-psusa00002429202204_en.pdf; https://www.medicines.org.uk/emc/product/101131/smpc
info,fact_source_coverage,piracetam,typical_doses_per_day,Field has non-RCT source coverage listed in evidence_sources,,,UK eMC SmPC labeling; https://api.fda.gov/drug/drugsfda.json?search=piracetam&limit=1; https://api.fda.gov/drug/ndc.json?search=generic_name:%22PIRACETAM%22&limit=1; https://www.fda.gov/drugs/drug-approvals-and-databases/drugsfda-database; https://www.medicines.org.uk/emc/ingredient/813; https://www.medicines.org.uk/emc/product/101132/smpc; https://www.ema.europa.eu/en/documents/psusa/piracetam-list-nationally-authorised-medicinal-products-psusa00002429202204_en.pdf; https://www.medicines.org.uk/emc/product/101131/smpc
info,fact_source_coverage,piracetam,minimum_effective_dose,Field has non-RCT source coverage listed in evidence_sources,,,UK eMC SmPC labeling; https://api.fda.gov/drug/drugsfda.json?search=piracetam&limit=1; https://api.fda.gov/drug/ndc.json?search=generic_name:%22PIRACETAM%22&limit=1; https://www.fda.gov/drugs/drug-approvals-and-databases/drugsfda-database; https://www.medicines.org.uk/emc/ingredient/813; https://www.medicines.org.uk/emc/product/101132/smpc; https://www.ema.europa.eu/en/documents/psusa/piracetam-list-nationally-authorised-medicinal-products-psusa00002429202204_en.pdf; https://www.medicines.org.uk/emc/product/101131/smpc
info,fact_source_coverage,piracetam,maximum_approved_daily_dose,Field has non-RCT source coverage listed in evidence_sources,,,UK eMC SmPC labeling; https://api.fda.gov/drug/drugsfda.json?search=piracetam&limit=1; https://api.fda.gov/drug/ndc.json?search=generic_name:%22PIRACETAM%22&limit=1; https://www.fda.gov/drugs/drug-approvals-and-databases/drugsfda-database; https://www.medicines.org.uk/emc/ingredient/813; https://www.medicines.org.uk/emc/product/101132/smpc; https://www.ema.europa.eu/en/documents/psusa/piracetam-list-nationally-authorised-medicinal-products-psusa00002429202204_en.pdf; https://www.medicines.org.uk/emc/product/101131/smpc
info,fact_source_coverage,piracetam,enzyme_inducing_or_inhibiting,Field has non-RCT source coverage listed in evidence_sources,,,UK eMC SmPC labeling; https://api.fda.gov/drug/drugsfda.json?search=piracetam&limit=1; https://api.fda.gov/drug/ndc.json?search=generic_name:%22PIRACETAM%22&limit=1; https://www.fda.gov/drugs/drug-approvals-and-databases/drugsfda-database; https://www.medicines.org.uk/emc/ingredient/813; https://www.medicines.org.uk/emc/product/101132/smpc; https://www.ema.europa.eu/en/documents/psusa/piracetam-list-nationally-authorised-medicinal-products-psusa00002429202204_en.pdf; https://www.medicines.org.uk/emc/product/101131/smpc
info,fact_source_coverage,piracetam,qt_interval_effect,Field has non-RCT source coverage listed in evidence_sources,,,UK eMC SmPC labeling; https://api.fda.gov/drug/drugsfda.json?search=piracetam&limit=1; https://api.fda.gov/drug/ndc.json?search=generic_name:%22PIRACETAM%22&limit=1; https://www.fda.gov/drugs/drug-approvals-and-databases/drugsfda-database; https://www.medicines.org.uk/emc/ingredient/813; https://www.medicines.org.uk/emc/product/101132/smpc; https://www.ema.europa.eu/en/documents/psusa/piracetam-list-nationally-authorised-medicinal-products-psusa00002429202204_en.pdf; https://www.medicines.org.uk/emc/product/101131/smpc
info,fact_source_coverage,piracetam,adverse_symptoms_percentages,Field has non-RCT source coverage listed in evidence_sources,,,UK eMC SmPC labeling; https://api.fda.gov/drug/drugsfda.json?search=piracetam&limit=1; https://api.fda.gov/drug/ndc.json?search=generic_name:%22PIRACETAM%22&limit=1; https://www.fda.gov/drugs/drug-approvals-and-databases/drugsfda-database; https://www.medicines.org.uk/emc/ingredient/813; https://www.medicines.org.uk/emc/product/101132/smpc; https://www.ema.europa.eu/en/documents/psusa/piracetam-list-nationally-authorised-medicinal-products-psusa00002429202204_en.pdf; https://www.medicines.org.uk/emc/product/101131/smpc
info,fact_source_coverage,piracetam,year_fda_cleared,Field has non-RCT source coverage listed in evidence_sources,,,UK eMC SmPC labeling; https://api.fda.gov/drug/drugsfda.json?search=piracetam&limit=1; https://api.fda.gov/drug/ndc.json?search=generic_name:%22PIRACETAM%22&limit=1; https://www.fda.gov/drugs/drug-approvals-and-databases/drugsfda-database; https://www.medicines.org.uk/emc/ingredient/813; https://www.medicines.org.uk/emc/product/101132/smpc; https://www.ema.europa.eu/en/documents/psusa/piracetam-list-nationally-authorised-medicinal-products-psusa00002429202204_en.pdf; https://www.medicines.org.uk/emc/product/101131/smpc
info,fact_source_coverage,piracetam,fda_black_box_warning,Field has non-RCT source coverage listed in evidence_sources,,,UK eMC SmPC labeling; https://api.fda.gov/drug/drugsfda.json?search=piracetam&limit=1; https://api.fda.gov/drug/ndc.json?search=generic_name:%22PIRACETAM%22&limit=1; https://www.fda.gov/drugs/drug-approvals-and-databases/drugsfda-database; https://www.medicines.org.uk/emc/ingredient/813; https://www.medicines.org.uk/emc/product/101132/smpc; https://www.ema.europa.eu/en/documents/psusa/piracetam-list-nationally-authorised-medicinal-products-psusa00002429202204_en.pdf; https://www.medicines.org.uk/emc/product/101131/smpc
info,fact_source_coverage,piracetam,fda_black_box_warning_source,Field has non-RCT source coverage listed in evidence_sources,,,UK eMC SmPC labeling; https://api.fda.gov/drug/drugsfda.json?search=piracetam&limit=1; https://api.fda.gov/drug/ndc.json?search=generic_name:%22PIRACETAM%22&limit=1; https://www.fda.gov/drugs/drug-approvals-and-databases/drugsfda-database; https://www.medicines.org.uk/emc/ingredient/813; https://www.medicines.org.uk/emc/product/101132/smpc; https://www.ema.europa.eu/en/documents/psusa/piracetam-list-nationally-authorised-medicinal-products-psusa00002429202204_en.pdf; https://www.medicines.org.uk/emc/product/101131/smpc
info,fact_source_coverage,piracetam,fda_black_box_warning_verified,Field has non-RCT source coverage listed in evidence_sources,,,UK eMC SmPC labeling; https://api.fda.gov/drug/drugsfda.json?search=piracetam&limit=1; https://api.fda.gov/drug/ndc.json?search=generic_name:%22PIRACETAM%22&limit=1; https://www.fda.gov/drugs/drug-approvals-and-databases/drugsfda-database; https://www.medicines.org.uk/emc/ingredient/813; https://www.medicines.org.uk/emc/product/101132/smpc; https://www.ema.europa.eu/en/documents/psusa/piracetam-list-nationally-authorised-medicinal-products-psusa00002429202204_en.pdf; https://www.medicines.org.uk/emc/product/101131/smpc
info,fact_source_coverage,potassium bromide,trade_names,Field has non-RCT source coverage listed in evidence_sources,,,Desitin Kaliumbromid DESITIN 850 mg Fachinformation (https://www.desitin.de/wp-content/uploads/2020/01/Kaliumbromid-DESITIN-850-mg-Tabletten.pdf)
info,fact_source_coverage,potassium bromide,status_or_notes,Field has non-RCT source coverage listed in evidence_sources,,,Desitin Kaliumbromid DESITIN 850 mg Fachinformation (https://www.desitin.de/wp-content/uploads/2020/01/Kaliumbromid-DESITIN-850-mg-Tabletten.pdf)
info,fact_source_coverage,potassium bromide,available_in_us,Field has non-RCT source coverage listed in evidence_sources,,,Desitin Kaliumbromid DESITIN 850 mg Fachinformation (https://www.desitin.de/wp-content/uploads/2020/01/Kaliumbromid-DESITIN-850-mg-Tabletten.pdf)
info,fact_source_coverage,potassium bromide,epilepsy_type,Field has non-RCT source coverage listed in evidence_sources,,,Desitin Kaliumbromid DESITIN 850 mg Fachinformation (https://www.desitin.de/wp-content/uploads/2020/01/Kaliumbromid-DESITIN-850-mg-Tabletten.pdf)
info,fact_source_coverage,potassium bromide,mechanism_of_action,Field has non-RCT source coverage listed in evidence_sources,,,Desitin Kaliumbromid DESITIN 850 mg Fachinformation (https://www.desitin.de/wp-content/uploads/2020/01/Kaliumbromid-DESITIN-850-mg-Tabletten.pdf)
info,fact_source_coverage,potassium bromide,mechanism_source,Field has non-RCT source coverage listed in evidence_sources,,,Desitin Kaliumbromid DESITIN 850 mg Fachinformation (https://www.desitin.de/wp-content/uploads/2020/01/Kaliumbromid-DESITIN-850-mg-Tabletten.pdf)
info,fact_source_coverage,potassium bromide,mechanism_source_tier,Field has non-RCT source coverage listed in evidence_sources,,,Desitin Kaliumbromid DESITIN 850 mg Fachinformation (https://www.desitin.de/wp-content/uploads/2020/01/Kaliumbromid-DESITIN-850-mg-Tabletten.pdf)
info,fact_source_coverage,potassium bromide,mechanism_confidence,Field has non-RCT source coverage listed in evidence_sources,,,Desitin Kaliumbromid DESITIN 850 mg Fachinformation (https://www.desitin.de/wp-content/uploads/2020/01/Kaliumbromid-DESITIN-850-mg-Tabletten.pdf)
info,fact_source_coverage,potassium bromide,half_life_range,Field has non-RCT source coverage listed in evidence_sources,,,Desitin Kaliumbromid DESITIN 850 mg Fachinformation (https://www.desitin.de/wp-content/uploads/2020/01/Kaliumbromid-DESITIN-850-mg-Tabletten.pdf)
info,fact_source_coverage,potassium bromide,major_organ_for_metabolism,Field has non-RCT source coverage listed in evidence_sources,,,Desitin Kaliumbromid DESITIN 850 mg Fachinformation (https://www.desitin.de/wp-content/uploads/2020/01/Kaliumbromid-DESITIN-850-mg-Tabletten.pdf)
info,fact_source_coverage,potassium bromide,formulations_available,Field has non-RCT source coverage listed in evidence_sources,,,Desitin Kaliumbromid DESITIN 850 mg Fachinformation (https://www.desitin.de/wp-content/uploads/2020/01/Kaliumbromid-DESITIN-850-mg-Tabletten.pdf)
info,fact_source_coverage,potassium bromide,typical_doses_per_day,Field has non-RCT source coverage listed in evidence_sources,,,Desitin Kaliumbromid DESITIN 850 mg Fachinformation (https://www.desitin.de/wp-content/uploads/2020/01/Kaliumbromid-DESITIN-850-mg-Tabletten.pdf)
info,fact_source_coverage,potassium bromide,minimum_effective_dose,Field has non-RCT source coverage listed in evidence_sources,,,Desitin Kaliumbromid DESITIN 850 mg Fachinformation (https://www.desitin.de/wp-content/uploads/2020/01/Kaliumbromid-DESITIN-850-mg-Tabletten.pdf)
info,fact_source_coverage,potassium bromide,maximum_approved_daily_dose,Field has non-RCT source coverage listed in evidence_sources,,,Desitin Kaliumbromid DESITIN 850 mg Fachinformation (https://www.desitin.de/wp-content/uploads/2020/01/Kaliumbromid-DESITIN-850-mg-Tabletten.pdf)
info,fact_source_coverage,potassium bromide,enzyme_inducing_or_inhibiting,Field has non-RCT source coverage listed in evidence_sources,,,Desitin Kaliumbromid DESITIN 850 mg Fachinformation (https://www.desitin.de/wp-content/uploads/2020/01/Kaliumbromid-DESITIN-850-mg-Tabletten.pdf)
info,fact_source_coverage,potassium bromide,qt_interval_effect,Field has non-RCT source coverage listed in evidence_sources,,,Desitin Kaliumbromid DESITIN 850 mg Fachinformation (https://www.desitin.de/wp-content/uploads/2020/01/Kaliumbromid-DESITIN-850-mg-Tabletten.pdf)
info,fact_source_coverage,potassium bromide,adverse_symptoms_percentages,Field has non-RCT source coverage listed in evidence_sources,,,Desitin Kaliumbromid DESITIN 850 mg Fachinformation (https://www.desitin.de/wp-content/uploads/2020/01/Kaliumbromid-DESITIN-850-mg-Tabletten.pdf)
info,fact_source_coverage,potassium bromide,year_fda_cleared,Field has non-RCT source coverage listed in evidence_sources,,,Desitin Kaliumbromid DESITIN 850 mg Fachinformation (https://www.desitin.de/wp-content/uploads/2020/01/Kaliumbromid-DESITIN-850-mg-Tabletten.pdf)
info,fact_source_coverage,potassium bromide,fda_black_box_warning,Field has non-RCT source coverage listed in evidence_sources,,,Desitin Kaliumbromid DESITIN 850 mg Fachinformation (https://www.desitin.de/wp-content/uploads/2020/01/Kaliumbromid-DESITIN-850-mg-Tabletten.pdf)
info,fact_source_coverage,potassium bromide,fda_black_box_warning_source,Field has non-RCT source coverage listed in evidence_sources,,,Desitin Kaliumbromid DESITIN 850 mg Fachinformation (https://www.desitin.de/wp-content/uploads/2020/01/Kaliumbromid-DESITIN-850-mg-Tabletten.pdf)
info,fact_source_coverage,potassium bromide,fda_black_box_warning_verified,Field has non-RCT source coverage listed in evidence_sources,,,Desitin Kaliumbromid DESITIN 850 mg Fachinformation (https://www.desitin.de/wp-content/uploads/2020/01/Kaliumbromid-DESITIN-850-mg-Tabletten.pdf)
info,fact_source_coverage,pregabalin,trade_names,Field has non-RCT source coverage listed in evidence_sources,,,https://www.accessdata.fda.gov/drugsatfda_docs/label/2016/021446s030%2C022488s010lbl.pdf; https://www.accessdata.fda.gov/drugsatfda_docs/nda/2004/021446_Lyrica%20Capsules_approv.PDF; https://www.medicines.org.uk/emc/product/1757/smpc; https://www.ema.europa.eu/en/medicines/human/EPAR/lyrica; https://www.accessdata.fda.gov/drugsatfda_docs/label/2023/209501s005lbl.pdf; https://www.medicines.org.uk/emc/product/100373/smpc; FDA prescribing information (https://www.accessdata.fda.gov/drugsatfda_docs/label/2016/021446s030%2C022488s010lbl.pdf)
info,fact_source_coverage,pregabalin,status_or_notes,Field has non-RCT source coverage listed in evidence_sources,,,https://www.accessdata.fda.gov/drugsatfda_docs/label/2016/021446s030%2C022488s010lbl.pdf; https://www.accessdata.fda.gov/drugsatfda_docs/nda/2004/021446_Lyrica%20Capsules_approv.PDF; https://www.medicines.org.uk/emc/product/1757/smpc; https://www.ema.europa.eu/en/medicines/human/EPAR/lyrica; https://www.accessdata.fda.gov/drugsatfda_docs/label/2023/209501s005lbl.pdf; https://www.medicines.org.uk/emc/product/100373/smpc; FDA prescribing information (https://www.accessdata.fda.gov/drugsatfda_docs/label/2016/021446s030%2C022488s010lbl.pdf)
info,fact_source_coverage,pregabalin,available_in_us,Field has non-RCT source coverage listed in evidence_sources,,,https://www.accessdata.fda.gov/drugsatfda_docs/label/2016/021446s030%2C022488s010lbl.pdf; https://www.accessdata.fda.gov/drugsatfda_docs/nda/2004/021446_Lyrica%20Capsules_approv.PDF; https://www.medicines.org.uk/emc/product/1757/smpc; https://www.ema.europa.eu/en/medicines/human/EPAR/lyrica; https://www.accessdata.fda.gov/drugsatfda_docs/label/2023/209501s005lbl.pdf; https://www.medicines.org.uk/emc/product/100373/smpc; FDA prescribing information (https://www.accessdata.fda.gov/drugsatfda_docs/label/2016/021446s030%2C022488s010lbl.pdf)
info,fact_source_coverage,pregabalin,epilepsy_type,Field has non-RCT source coverage listed in evidence_sources,,,https://www.accessdata.fda.gov/drugsatfda_docs/label/2016/021446s030%2C022488s010lbl.pdf; https://www.accessdata.fda.gov/drugsatfda_docs/nda/2004/021446_Lyrica%20Capsules_approv.PDF; https://www.medicines.org.uk/emc/product/1757/smpc; https://www.ema.europa.eu/en/medicines/human/EPAR/lyrica; https://www.accessdata.fda.gov/drugsatfda_docs/label/2023/209501s005lbl.pdf; https://www.medicines.org.uk/emc/product/100373/smpc; FDA prescribing information (https://www.accessdata.fda.gov/drugsatfda_docs/label/2016/021446s030%2C022488s010lbl.pdf)
info,fact_source_coverage,pregabalin,mechanism_of_action,Field has non-RCT source coverage listed in evidence_sources,,,https://www.accessdata.fda.gov/drugsatfda_docs/label/2016/021446s030%2C022488s010lbl.pdf; https://www.accessdata.fda.gov/drugsatfda_docs/nda/2004/021446_Lyrica%20Capsules_approv.PDF; https://www.medicines.org.uk/emc/product/1757/smpc; https://www.ema.europa.eu/en/medicines/human/EPAR/lyrica; https://www.accessdata.fda.gov/drugsatfda_docs/label/2023/209501s005lbl.pdf; https://www.medicines.org.uk/emc/product/100373/smpc; FDA prescribing information (https://www.accessdata.fda.gov/drugsatfda_docs/label/2016/021446s030%2C022488s010lbl.pdf)
info,fact_source_coverage,pregabalin,mechanism_source,Field has non-RCT source coverage listed in evidence_sources,,,https://www.accessdata.fda.gov/drugsatfda_docs/label/2016/021446s030%2C022488s010lbl.pdf; https://www.accessdata.fda.gov/drugsatfda_docs/nda/2004/021446_Lyrica%20Capsules_approv.PDF; https://www.medicines.org.uk/emc/product/1757/smpc; https://www.ema.europa.eu/en/medicines/human/EPAR/lyrica; https://www.accessdata.fda.gov/drugsatfda_docs/label/2023/209501s005lbl.pdf; https://www.medicines.org.uk/emc/product/100373/smpc; FDA prescribing information (https://www.accessdata.fda.gov/drugsatfda_docs/label/2016/021446s030%2C022488s010lbl.pdf)
info,fact_source_coverage,pregabalin,mechanism_source_tier,Field has non-RCT source coverage listed in evidence_sources,,,https://www.accessdata.fda.gov/drugsatfda_docs/label/2016/021446s030%2C022488s010lbl.pdf; https://www.accessdata.fda.gov/drugsatfda_docs/nda/2004/021446_Lyrica%20Capsules_approv.PDF; https://www.medicines.org.uk/emc/product/1757/smpc; https://www.ema.europa.eu/en/medicines/human/EPAR/lyrica; https://www.accessdata.fda.gov/drugsatfda_docs/label/2023/209501s005lbl.pdf; https://www.medicines.org.uk/emc/product/100373/smpc; FDA prescribing information (https://www.accessdata.fda.gov/drugsatfda_docs/label/2016/021446s030%2C022488s010lbl.pdf)
info,fact_source_coverage,pregabalin,mechanism_confidence,Field has non-RCT source coverage listed in evidence_sources,,,https://www.accessdata.fda.gov/drugsatfda_docs/label/2016/021446s030%2C022488s010lbl.pdf; https://www.accessdata.fda.gov/drugsatfda_docs/nda/2004/021446_Lyrica%20Capsules_approv.PDF; https://www.medicines.org.uk/emc/product/1757/smpc; https://www.ema.europa.eu/en/medicines/human/EPAR/lyrica; https://www.accessdata.fda.gov/drugsatfda_docs/label/2023/209501s005lbl.pdf; https://www.medicines.org.uk/emc/product/100373/smpc; FDA prescribing information (https://www.accessdata.fda.gov/drugsatfda_docs/label/2016/021446s030%2C022488s010lbl.pdf)
info,fact_source_coverage,pregabalin,half_life_range,Field has non-RCT source coverage listed in evidence_sources,,,https://www.accessdata.fda.gov/drugsatfda_docs/label/2016/021446s030%2C022488s010lbl.pdf; https://www.accessdata.fda.gov/drugsatfda_docs/nda/2004/021446_Lyrica%20Capsules_approv.PDF; https://www.medicines.org.uk/emc/product/1757/smpc; https://www.ema.europa.eu/en/medicines/human/EPAR/lyrica; https://www.accessdata.fda.gov/drugsatfda_docs/label/2023/209501s005lbl.pdf; https://www.medicines.org.uk/emc/product/100373/smpc; FDA prescribing information (https://www.accessdata.fda.gov/drugsatfda_docs/label/2016/021446s030%2C022488s010lbl.pdf)
info,fact_source_coverage,pregabalin,major_organ_for_metabolism,Field has non-RCT source coverage listed in evidence_sources,,,https://www.accessdata.fda.gov/drugsatfda_docs/label/2016/021446s030%2C022488s010lbl.pdf; https://www.accessdata.fda.gov/drugsatfda_docs/nda/2004/021446_Lyrica%20Capsules_approv.PDF; https://www.medicines.org.uk/emc/product/1757/smpc; https://www.ema.europa.eu/en/medicines/human/EPAR/lyrica; https://www.accessdata.fda.gov/drugsatfda_docs/label/2023/209501s005lbl.pdf; https://www.medicines.org.uk/emc/product/100373/smpc; FDA prescribing information (https://www.accessdata.fda.gov/drugsatfda_docs/label/2016/021446s030%2C022488s010lbl.pdf)
info,fact_source_coverage,pregabalin,formulations_available,Field has non-RCT source coverage listed in evidence_sources,,,https://www.accessdata.fda.gov/drugsatfda_docs/label/2016/021446s030%2C022488s010lbl.pdf; https://www.accessdata.fda.gov/drugsatfda_docs/nda/2004/021446_Lyrica%20Capsules_approv.PDF; https://www.medicines.org.uk/emc/product/1757/smpc; https://www.ema.europa.eu/en/medicines/human/EPAR/lyrica; https://www.accessdata.fda.gov/drugsatfda_docs/label/2023/209501s005lbl.pdf; https://www.medicines.org.uk/emc/product/100373/smpc; FDA prescribing information (https://www.accessdata.fda.gov/drugsatfda_docs/label/2016/021446s030%2C022488s010lbl.pdf)
info,fact_source_coverage,pregabalin,typical_doses_per_day,Field has non-RCT source coverage listed in evidence_sources,,,https://www.accessdata.fda.gov/drugsatfda_docs/label/2016/021446s030%2C022488s010lbl.pdf; https://www.accessdata.fda.gov/drugsatfda_docs/nda/2004/021446_Lyrica%20Capsules_approv.PDF; https://www.medicines.org.uk/emc/product/1757/smpc; https://www.ema.europa.eu/en/medicines/human/EPAR/lyrica; https://www.accessdata.fda.gov/drugsatfda_docs/label/2023/209501s005lbl.pdf; https://www.medicines.org.uk/emc/product/100373/smpc; FDA prescribing information (https://www.accessdata.fda.gov/drugsatfda_docs/label/2016/021446s030%2C022488s010lbl.pdf)
info,fact_source_coverage,pregabalin,minimum_effective_dose,Field has non-RCT source coverage listed in evidence_sources,,,https://www.accessdata.fda.gov/drugsatfda_docs/label/2016/021446s030%2C022488s010lbl.pdf; https://www.accessdata.fda.gov/drugsatfda_docs/nda/2004/021446_Lyrica%20Capsules_approv.PDF; https://www.medicines.org.uk/emc/product/1757/smpc; https://www.ema.europa.eu/en/medicines/human/EPAR/lyrica; https://www.accessdata.fda.gov/drugsatfda_docs/label/2023/209501s005lbl.pdf; https://www.medicines.org.uk/emc/product/100373/smpc; FDA prescribing information (https://www.accessdata.fda.gov/drugsatfda_docs/label/2016/021446s030%2C022488s010lbl.pdf)
info,fact_source_coverage,pregabalin,maximum_approved_daily_dose,Field has non-RCT source coverage listed in evidence_sources,,,https://www.accessdata.fda.gov/drugsatfda_docs/label/2016/021446s030%2C022488s010lbl.pdf; https://www.accessdata.fda.gov/drugsatfda_docs/nda/2004/021446_Lyrica%20Capsules_approv.PDF; https://www.medicines.org.uk/emc/product/1757/smpc; https://www.ema.europa.eu/en/medicines/human/EPAR/lyrica; https://www.accessdata.fda.gov/drugsatfda_docs/label/2023/209501s005lbl.pdf; https://www.medicines.org.uk/emc/product/100373/smpc; FDA prescribing information (https://www.accessdata.fda.gov/drugsatfda_docs/label/2016/021446s030%2C022488s010lbl.pdf)
info,fact_source_coverage,pregabalin,enzyme_inducing_or_inhibiting,Field has non-RCT source coverage listed in evidence_sources,,,https://www.accessdata.fda.gov/drugsatfda_docs/label/2016/021446s030%2C022488s010lbl.pdf; https://www.accessdata.fda.gov/drugsatfda_docs/nda/2004/021446_Lyrica%20Capsules_approv.PDF; https://www.medicines.org.uk/emc/product/1757/smpc; https://www.ema.europa.eu/en/medicines/human/EPAR/lyrica; https://www.accessdata.fda.gov/drugsatfda_docs/label/2023/209501s005lbl.pdf; https://www.medicines.org.uk/emc/product/100373/smpc; FDA prescribing information (https://www.accessdata.fda.gov/drugsatfda_docs/label/2016/021446s030%2C022488s010lbl.pdf)
info,fact_source_coverage,pregabalin,qt_interval_effect,Field has non-RCT source coverage listed in evidence_sources,,,https://www.accessdata.fda.gov/drugsatfda_docs/label/2016/021446s030%2C022488s010lbl.pdf; https://www.accessdata.fda.gov/drugsatfda_docs/nda/2004/021446_Lyrica%20Capsules_approv.PDF; https://www.medicines.org.uk/emc/product/1757/smpc; https://www.ema.europa.eu/en/medicines/human/EPAR/lyrica; https://www.accessdata.fda.gov/drugsatfda_docs/label/2023/209501s005lbl.pdf; https://www.medicines.org.uk/emc/product/100373/smpc; FDA prescribing information (https://www.accessdata.fda.gov/drugsatfda_docs/label/2016/021446s030%2C022488s010lbl.pdf)
info,fact_source_coverage,pregabalin,adverse_symptoms_percentages,Field has non-RCT source coverage listed in evidence_sources,,,https://www.accessdata.fda.gov/drugsatfda_docs/label/2016/021446s030%2C022488s010lbl.pdf; https://www.accessdata.fda.gov/drugsatfda_docs/nda/2004/021446_Lyrica%20Capsules_approv.PDF; https://www.medicines.org.uk/emc/product/1757/smpc; https://www.ema.europa.eu/en/medicines/human/EPAR/lyrica; https://www.accessdata.fda.gov/drugsatfda_docs/label/2023/209501s005lbl.pdf; https://www.medicines.org.uk/emc/product/100373/smpc; FDA prescribing information (https://www.accessdata.fda.gov/drugsatfda_docs/label/2016/021446s030%2C022488s010lbl.pdf)
info,fact_source_coverage,pregabalin,year_fda_cleared,Field has non-RCT source coverage listed in evidence_sources,,,https://www.accessdata.fda.gov/drugsatfda_docs/label/2016/021446s030%2C022488s010lbl.pdf; https://www.accessdata.fda.gov/drugsatfda_docs/nda/2004/021446_Lyrica%20Capsules_approv.PDF; https://www.medicines.org.uk/emc/product/1757/smpc; https://www.ema.europa.eu/en/medicines/human/EPAR/lyrica; https://www.accessdata.fda.gov/drugsatfda_docs/label/2023/209501s005lbl.pdf; https://www.medicines.org.uk/emc/product/100373/smpc; FDA prescribing information (https://www.accessdata.fda.gov/drugsatfda_docs/label/2016/021446s030%2C022488s010lbl.pdf)
info,fact_source_coverage,pregabalin,fda_black_box_warning,Field has non-RCT source coverage listed in evidence_sources,,,https://www.accessdata.fda.gov/drugsatfda_docs/label/2016/021446s030%2C022488s010lbl.pdf; https://www.accessdata.fda.gov/drugsatfda_docs/nda/2004/021446_Lyrica%20Capsules_approv.PDF; https://www.medicines.org.uk/emc/product/1757/smpc; https://www.ema.europa.eu/en/medicines/human/EPAR/lyrica; https://www.accessdata.fda.gov/drugsatfda_docs/label/2023/209501s005lbl.pdf; https://www.medicines.org.uk/emc/product/100373/smpc; FDA prescribing information (https://www.accessdata.fda.gov/drugsatfda_docs/label/2016/021446s030%2C022488s010lbl.pdf)
info,fact_source_coverage,pregabalin,fda_black_box_warning_source,Field has non-RCT source coverage listed in evidence_sources,,,https://www.accessdata.fda.gov/drugsatfda_docs/label/2016/021446s030%2C022488s010lbl.pdf; https://www.accessdata.fda.gov/drugsatfda_docs/nda/2004/021446_Lyrica%20Capsules_approv.PDF; https://www.medicines.org.uk/emc/product/1757/smpc; https://www.ema.europa.eu/en/medicines/human/EPAR/lyrica; https://www.accessdata.fda.gov/drugsatfda_docs/label/2023/209501s005lbl.pdf; https://www.medicines.org.uk/emc/product/100373/smpc; FDA prescribing information (https://www.accessdata.fda.gov/drugsatfda_docs/label/2016/021446s030%2C022488s010lbl.pdf)
info,fact_source_coverage,pregabalin,fda_black_box_warning_verified,Field has non-RCT source coverage listed in evidence_sources,,,https://www.accessdata.fda.gov/drugsatfda_docs/label/2016/021446s030%2C022488s010lbl.pdf; https://www.accessdata.fda.gov/drugsatfda_docs/nda/2004/021446_Lyrica%20Capsules_approv.PDF; https://www.medicines.org.uk/emc/product/1757/smpc; https://www.ema.europa.eu/en/medicines/human/EPAR/lyrica; https://www.accessdata.fda.gov/drugsatfda_docs/label/2023/209501s005lbl.pdf; https://www.medicines.org.uk/emc/product/100373/smpc; FDA prescribing information (https://www.accessdata.fda.gov/drugsatfda_docs/label/2016/021446s030%2C022488s010lbl.pdf)
info,fact_source_coverage,primidone,trade_names,Field has non-RCT source coverage listed in evidence_sources,,,FDA Orange Book products file; https://www.accessdata.fda.gov/drugsatfda_docs/label/2020/009170Orig1s040lbl.pdf; FDA prescribing information (https://www.accessdata.fda.gov/drugsatfda_docs/label/2020/009170Orig1s040lbl.pdf)
info,fact_source_coverage,primidone,status_or_notes,Field has non-RCT source coverage listed in evidence_sources,,,FDA Orange Book products file; https://www.accessdata.fda.gov/drugsatfda_docs/label/2020/009170Orig1s040lbl.pdf; FDA prescribing information (https://www.accessdata.fda.gov/drugsatfda_docs/label/2020/009170Orig1s040lbl.pdf)
info,fact_source_coverage,primidone,available_in_us,Field has non-RCT source coverage listed in evidence_sources,,,FDA Orange Book products file; https://www.accessdata.fda.gov/drugsatfda_docs/label/2020/009170Orig1s040lbl.pdf; FDA prescribing information (https://www.accessdata.fda.gov/drugsatfda_docs/label/2020/009170Orig1s040lbl.pdf)
info,fact_source_coverage,primidone,epilepsy_type,Field has non-RCT source coverage listed in evidence_sources,,,FDA Orange Book products file; https://www.accessdata.fda.gov/drugsatfda_docs/label/2020/009170Orig1s040lbl.pdf; FDA prescribing information (https://www.accessdata.fda.gov/drugsatfda_docs/label/2020/009170Orig1s040lbl.pdf)
info,fact_source_coverage,primidone,mechanism_of_action,Field has non-RCT source coverage listed in evidence_sources,,,FDA Orange Book products file; https://www.accessdata.fda.gov/drugsatfda_docs/label/2020/009170Orig1s040lbl.pdf; FDA prescribing information (https://www.accessdata.fda.gov/drugsatfda_docs/label/2020/009170Orig1s040lbl.pdf)
info,fact_source_coverage,primidone,mechanism_source,Field has non-RCT source coverage listed in evidence_sources,,,FDA Orange Book products file; https://www.accessdata.fda.gov/drugsatfda_docs/label/2020/009170Orig1s040lbl.pdf; FDA prescribing information (https://www.accessdata.fda.gov/drugsatfda_docs/label/2020/009170Orig1s040lbl.pdf)
info,fact_source_coverage,primidone,mechanism_source_tier,Field has non-RCT source coverage listed in evidence_sources,,,FDA Orange Book products file; https://www.accessdata.fda.gov/drugsatfda_docs/label/2020/009170Orig1s040lbl.pdf; FDA prescribing information (https://www.accessdata.fda.gov/drugsatfda_docs/label/2020/009170Orig1s040lbl.pdf)
info,fact_source_coverage,primidone,mechanism_confidence,Field has non-RCT source coverage listed in evidence_sources,,,FDA Orange Book products file; https://www.accessdata.fda.gov/drugsatfda_docs/label/2020/009170Orig1s040lbl.pdf; FDA prescribing information (https://www.accessdata.fda.gov/drugsatfda_docs/label/2020/009170Orig1s040lbl.pdf)
info,fact_source_coverage,primidone,half_life_range,Field has non-RCT source coverage listed in evidence_sources,,,FDA Orange Book products file; https://www.accessdata.fda.gov/drugsatfda_docs/label/2020/009170Orig1s040lbl.pdf; FDA prescribing information (https://www.accessdata.fda.gov/drugsatfda_docs/label/2020/009170Orig1s040lbl.pdf)
info,fact_source_coverage,primidone,major_organ_for_metabolism,Field has non-RCT source coverage listed in evidence_sources,,,FDA Orange Book products file; https://www.accessdata.fda.gov/drugsatfda_docs/label/2020/009170Orig1s040lbl.pdf; FDA prescribing information (https://www.accessdata.fda.gov/drugsatfda_docs/label/2020/009170Orig1s040lbl.pdf)
info,fact_source_coverage,primidone,formulations_available,Field has non-RCT source coverage listed in evidence_sources,,,FDA Orange Book products file; https://www.accessdata.fda.gov/drugsatfda_docs/label/2020/009170Orig1s040lbl.pdf; FDA prescribing information (https://www.accessdata.fda.gov/drugsatfda_docs/label/2020/009170Orig1s040lbl.pdf)
info,fact_source_coverage,primidone,typical_doses_per_day,Field has non-RCT source coverage listed in evidence_sources,,,FDA Orange Book products file; https://www.accessdata.fda.gov/drugsatfda_docs/label/2020/009170Orig1s040lbl.pdf; FDA prescribing information (https://www.accessdata.fda.gov/drugsatfda_docs/label/2020/009170Orig1s040lbl.pdf)
info,fact_source_coverage,primidone,minimum_effective_dose,Field has non-RCT source coverage listed in evidence_sources,,,FDA Orange Book products file; https://www.accessdata.fda.gov/drugsatfda_docs/label/2020/009170Orig1s040lbl.pdf; FDA prescribing information (https://www.accessdata.fda.gov/drugsatfda_docs/label/2020/009170Orig1s040lbl.pdf)
info,fact_source_coverage,primidone,maximum_approved_daily_dose,Field has non-RCT source coverage listed in evidence_sources,,,FDA Orange Book products file; https://www.accessdata.fda.gov/drugsatfda_docs/label/2020/009170Orig1s040lbl.pdf; FDA prescribing information (https://www.accessdata.fda.gov/drugsatfda_docs/label/2020/009170Orig1s040lbl.pdf)
info,fact_source_coverage,primidone,enzyme_inducing_or_inhibiting,Field has non-RCT source coverage listed in evidence_sources,,,FDA Orange Book products file; https://www.accessdata.fda.gov/drugsatfda_docs/label/2020/009170Orig1s040lbl.pdf; FDA prescribing information (https://www.accessdata.fda.gov/drugsatfda_docs/label/2020/009170Orig1s040lbl.pdf)
info,fact_source_coverage,primidone,qt_interval_effect,Field has non-RCT source coverage listed in evidence_sources,,,FDA Orange Book products file; https://www.accessdata.fda.gov/drugsatfda_docs/label/2020/009170Orig1s040lbl.pdf; FDA prescribing information (https://www.accessdata.fda.gov/drugsatfda_docs/label/2020/009170Orig1s040lbl.pdf)
info,fact_source_coverage,primidone,adverse_symptoms_percentages,Field has non-RCT source coverage listed in evidence_sources,,,FDA Orange Book products file; https://www.accessdata.fda.gov/drugsatfda_docs/label/2020/009170Orig1s040lbl.pdf; FDA prescribing information (https://www.accessdata.fda.gov/drugsatfda_docs/label/2020/009170Orig1s040lbl.pdf)
info,fact_source_coverage,primidone,year_fda_cleared,Field has non-RCT source coverage listed in evidence_sources,,,FDA Orange Book products file; https://www.accessdata.fda.gov/drugsatfda_docs/label/2020/009170Orig1s040lbl.pdf; FDA prescribing information (https://www.accessdata.fda.gov/drugsatfda_docs/label/2020/009170Orig1s040lbl.pdf)
info,fact_source_coverage,primidone,fda_black_box_warning,Field has non-RCT source coverage listed in evidence_sources,,,FDA Orange Book products file; https://www.accessdata.fda.gov/drugsatfda_docs/label/2020/009170Orig1s040lbl.pdf; FDA prescribing information (https://www.accessdata.fda.gov/drugsatfda_docs/label/2020/009170Orig1s040lbl.pdf)
info,fact_source_coverage,primidone,fda_black_box_warning_source,Field has non-RCT source coverage listed in evidence_sources,,,FDA Orange Book products file; https://www.accessdata.fda.gov/drugsatfda_docs/label/2020/009170Orig1s040lbl.pdf; FDA prescribing information (https://www.accessdata.fda.gov/drugsatfda_docs/label/2020/009170Orig1s040lbl.pdf)
info,fact_source_coverage,primidone,fda_black_box_warning_verified,Field has non-RCT source coverage listed in evidence_sources,,,FDA Orange Book products file; https://www.accessdata.fda.gov/drugsatfda_docs/label/2020/009170Orig1s040lbl.pdf; FDA prescribing information (https://www.accessdata.fda.gov/drugsatfda_docs/label/2020/009170Orig1s040lbl.pdf)
info,fact_source_coverage,progabide,trade_names,Field has non-RCT source coverage listed in evidence_sources,,,ANSM French medicines directory; Lloyd et al. 1982 primary GABA-receptor pharmacology study (https://pubmed.ncbi.nlm.nih.gov/6121050/); https://open.fda.gov/apis/drug/label/; https://www.fda.gov/drugs/drug-approvals-and-databases/drugsfda-database; https://api.fda.gov/drug/label.json?search=progabide&limit=1; https://api.fda.gov/drug/label.json?search=Gabrene&limit=1
info,fact_source_coverage,progabide,status_or_notes,Field has non-RCT source coverage listed in evidence_sources,,,ANSM French medicines directory; Lloyd et al. 1982 primary GABA-receptor pharmacology study (https://pubmed.ncbi.nlm.nih.gov/6121050/); https://open.fda.gov/apis/drug/label/; https://www.fda.gov/drugs/drug-approvals-and-databases/drugsfda-database; https://api.fda.gov/drug/label.json?search=progabide&limit=1; https://api.fda.gov/drug/label.json?search=Gabrene&limit=1
info,fact_source_coverage,progabide,available_in_us,Field has non-RCT source coverage listed in evidence_sources,,,ANSM French medicines directory; Lloyd et al. 1982 primary GABA-receptor pharmacology study (https://pubmed.ncbi.nlm.nih.gov/6121050/); https://open.fda.gov/apis/drug/label/; https://www.fda.gov/drugs/drug-approvals-and-databases/drugsfda-database; https://api.fda.gov/drug/label.json?search=progabide&limit=1; https://api.fda.gov/drug/label.json?search=Gabrene&limit=1
info,fact_source_coverage,progabide,epilepsy_type,Field has non-RCT source coverage listed in evidence_sources,,,ANSM French medicines directory; Lloyd et al. 1982 primary GABA-receptor pharmacology study (https://pubmed.ncbi.nlm.nih.gov/6121050/); https://open.fda.gov/apis/drug/label/; https://www.fda.gov/drugs/drug-approvals-and-databases/drugsfda-database; https://api.fda.gov/drug/label.json?search=progabide&limit=1; https://api.fda.gov/drug/label.json?search=Gabrene&limit=1
info,fact_source_coverage,progabide,mechanism_of_action,Field has non-RCT source coverage listed in evidence_sources,,,ANSM French medicines directory; Lloyd et al. 1982 primary GABA-receptor pharmacology study (https://pubmed.ncbi.nlm.nih.gov/6121050/); https://open.fda.gov/apis/drug/label/; https://www.fda.gov/drugs/drug-approvals-and-databases/drugsfda-database; https://api.fda.gov/drug/label.json?search=progabide&limit=1; https://api.fda.gov/drug/label.json?search=Gabrene&limit=1
info,fact_source_coverage,progabide,mechanism_source,Field has non-RCT source coverage listed in evidence_sources,,,ANSM French medicines directory; Lloyd et al. 1982 primary GABA-receptor pharmacology study (https://pubmed.ncbi.nlm.nih.gov/6121050/); https://open.fda.gov/apis/drug/label/; https://www.fda.gov/drugs/drug-approvals-and-databases/drugsfda-database; https://api.fda.gov/drug/label.json?search=progabide&limit=1; https://api.fda.gov/drug/label.json?search=Gabrene&limit=1
info,fact_source_coverage,progabide,mechanism_source_tier,Field has non-RCT source coverage listed in evidence_sources,,,ANSM French medicines directory; Lloyd et al. 1982 primary GABA-receptor pharmacology study (https://pubmed.ncbi.nlm.nih.gov/6121050/); https://open.fda.gov/apis/drug/label/; https://www.fda.gov/drugs/drug-approvals-and-databases/drugsfda-database; https://api.fda.gov/drug/label.json?search=progabide&limit=1; https://api.fda.gov/drug/label.json?search=Gabrene&limit=1
info,fact_source_coverage,progabide,mechanism_confidence,Field has non-RCT source coverage listed in evidence_sources,,,ANSM French medicines directory; Lloyd et al. 1982 primary GABA-receptor pharmacology study (https://pubmed.ncbi.nlm.nih.gov/6121050/); https://open.fda.gov/apis/drug/label/; https://www.fda.gov/drugs/drug-approvals-and-databases/drugsfda-database; https://api.fda.gov/drug/label.json?search=progabide&limit=1; https://api.fda.gov/drug/label.json?search=Gabrene&limit=1
info,fact_source_coverage,progabide,half_life_range,Field has non-RCT source coverage listed in evidence_sources,,,ANSM French medicines directory; Lloyd et al. 1982 primary GABA-receptor pharmacology study (https://pubmed.ncbi.nlm.nih.gov/6121050/); https://open.fda.gov/apis/drug/label/; https://www.fda.gov/drugs/drug-approvals-and-databases/drugsfda-database; https://api.fda.gov/drug/label.json?search=progabide&limit=1; https://api.fda.gov/drug/label.json?search=Gabrene&limit=1
info,fact_source_coverage,progabide,major_organ_for_metabolism,Field has non-RCT source coverage listed in evidence_sources,,,ANSM French medicines directory; Lloyd et al. 1982 primary GABA-receptor pharmacology study (https://pubmed.ncbi.nlm.nih.gov/6121050/); https://open.fda.gov/apis/drug/label/; https://www.fda.gov/drugs/drug-approvals-and-databases/drugsfda-database; https://api.fda.gov/drug/label.json?search=progabide&limit=1; https://api.fda.gov/drug/label.json?search=Gabrene&limit=1
info,fact_source_coverage,progabide,formulations_available,Field has non-RCT source coverage listed in evidence_sources,,,ANSM French medicines directory; Lloyd et al. 1982 primary GABA-receptor pharmacology study (https://pubmed.ncbi.nlm.nih.gov/6121050/); https://open.fda.gov/apis/drug/label/; https://www.fda.gov/drugs/drug-approvals-and-databases/drugsfda-database; https://api.fda.gov/drug/label.json?search=progabide&limit=1; https://api.fda.gov/drug/label.json?search=Gabrene&limit=1
info,fact_source_coverage,progabide,typical_doses_per_day,Field has non-RCT source coverage listed in evidence_sources,,,ANSM French medicines directory; Lloyd et al. 1982 primary GABA-receptor pharmacology study (https://pubmed.ncbi.nlm.nih.gov/6121050/); https://open.fda.gov/apis/drug/label/; https://www.fda.gov/drugs/drug-approvals-and-databases/drugsfda-database; https://api.fda.gov/drug/label.json?search=progabide&limit=1; https://api.fda.gov/drug/label.json?search=Gabrene&limit=1
info,fact_source_coverage,progabide,minimum_effective_dose,Field has non-RCT source coverage listed in evidence_sources,,,ANSM French medicines directory; Lloyd et al. 1982 primary GABA-receptor pharmacology study (https://pubmed.ncbi.nlm.nih.gov/6121050/); https://open.fda.gov/apis/drug/label/; https://www.fda.gov/drugs/drug-approvals-and-databases/drugsfda-database; https://api.fda.gov/drug/label.json?search=progabide&limit=1; https://api.fda.gov/drug/label.json?search=Gabrene&limit=1
info,fact_source_coverage,progabide,maximum_approved_daily_dose,Field has non-RCT source coverage listed in evidence_sources,,,ANSM French medicines directory; Lloyd et al. 1982 primary GABA-receptor pharmacology study (https://pubmed.ncbi.nlm.nih.gov/6121050/); https://open.fda.gov/apis/drug/label/; https://www.fda.gov/drugs/drug-approvals-and-databases/drugsfda-database; https://api.fda.gov/drug/label.json?search=progabide&limit=1; https://api.fda.gov/drug/label.json?search=Gabrene&limit=1
info,fact_source_coverage,progabide,enzyme_inducing_or_inhibiting,Field has non-RCT source coverage listed in evidence_sources,,,ANSM French medicines directory; Lloyd et al. 1982 primary GABA-receptor pharmacology study (https://pubmed.ncbi.nlm.nih.gov/6121050/); https://open.fda.gov/apis/drug/label/; https://www.fda.gov/drugs/drug-approvals-and-databases/drugsfda-database; https://api.fda.gov/drug/label.json?search=progabide&limit=1; https://api.fda.gov/drug/label.json?search=Gabrene&limit=1
info,fact_source_coverage,progabide,qt_interval_effect,Field has non-RCT source coverage listed in evidence_sources,,,ANSM French medicines directory; Lloyd et al. 1982 primary GABA-receptor pharmacology study (https://pubmed.ncbi.nlm.nih.gov/6121050/); https://open.fda.gov/apis/drug/label/; https://www.fda.gov/drugs/drug-approvals-and-databases/drugsfda-database; https://api.fda.gov/drug/label.json?search=progabide&limit=1; https://api.fda.gov/drug/label.json?search=Gabrene&limit=1
info,fact_source_coverage,progabide,adverse_symptoms_percentages,Field has non-RCT source coverage listed in evidence_sources,,,ANSM French medicines directory; Lloyd et al. 1982 primary GABA-receptor pharmacology study (https://pubmed.ncbi.nlm.nih.gov/6121050/); https://open.fda.gov/apis/drug/label/; https://www.fda.gov/drugs/drug-approvals-and-databases/drugsfda-database; https://api.fda.gov/drug/label.json?search=progabide&limit=1; https://api.fda.gov/drug/label.json?search=Gabrene&limit=1
info,fact_source_coverage,progabide,year_fda_cleared,Field has non-RCT source coverage listed in evidence_sources,,,ANSM French medicines directory; Lloyd et al. 1982 primary GABA-receptor pharmacology study (https://pubmed.ncbi.nlm.nih.gov/6121050/); https://open.fda.gov/apis/drug/label/; https://www.fda.gov/drugs/drug-approvals-and-databases/drugsfda-database; https://api.fda.gov/drug/label.json?search=progabide&limit=1; https://api.fda.gov/drug/label.json?search=Gabrene&limit=1
info,fact_source_coverage,progabide,fda_black_box_warning,Field has non-RCT source coverage listed in evidence_sources,,,ANSM French medicines directory; Lloyd et al. 1982 primary GABA-receptor pharmacology study (https://pubmed.ncbi.nlm.nih.gov/6121050/); https://open.fda.gov/apis/drug/label/; https://www.fda.gov/drugs/drug-approvals-and-databases/drugsfda-database; https://api.fda.gov/drug/label.json?search=progabide&limit=1; https://api.fda.gov/drug/label.json?search=Gabrene&limit=1
info,fact_source_coverage,progabide,fda_black_box_warning_source,Field has non-RCT source coverage listed in evidence_sources,,,ANSM French medicines directory; Lloyd et al. 1982 primary GABA-receptor pharmacology study (https://pubmed.ncbi.nlm.nih.gov/6121050/); https://open.fda.gov/apis/drug/label/; https://www.fda.gov/drugs/drug-approvals-and-databases/drugsfda-database; https://api.fda.gov/drug/label.json?search=progabide&limit=1; https://api.fda.gov/drug/label.json?search=Gabrene&limit=1
info,fact_source_coverage,progabide,fda_black_box_warning_verified,Field has non-RCT source coverage listed in evidence_sources,,,ANSM French medicines directory; Lloyd et al. 1982 primary GABA-receptor pharmacology study (https://pubmed.ncbi.nlm.nih.gov/6121050/); https://open.fda.gov/apis/drug/label/; https://www.fda.gov/drugs/drug-approvals-and-databases/drugsfda-database; https://api.fda.gov/drug/label.json?search=progabide&limit=1; https://api.fda.gov/drug/label.json?search=Gabrene&limit=1
info,fact_source_coverage,repository corticotropin,trade_names,Field has non-RCT source coverage listed in evidence_sources,,,"FDA orphan drug designation/approval record for repository corticotropin/adrenocorticotropic hormone (https://www.accessdata.fda.gov/scripts/opdlisting/oopd/detailedIndex.cfm?cfgridkey=168103); FDA Acthar Gel label, NDA 008372/S-074, section 12.1 Mechanism of Action (https://www.accessdata.fda.gov/drugsatfda_docs/label/2024/008372s074lbl.pdf); https://www.accessdata.fda.gov/drugsatfda_docs/label/2024/008372s074lbl.pdf"
info,fact_source_coverage,repository corticotropin,status_or_notes,Field has non-RCT source coverage listed in evidence_sources,,,"FDA orphan drug designation/approval record for repository corticotropin/adrenocorticotropic hormone (https://www.accessdata.fda.gov/scripts/opdlisting/oopd/detailedIndex.cfm?cfgridkey=168103); FDA Acthar Gel label, NDA 008372/S-074, section 12.1 Mechanism of Action (https://www.accessdata.fda.gov/drugsatfda_docs/label/2024/008372s074lbl.pdf); https://www.accessdata.fda.gov/drugsatfda_docs/label/2024/008372s074lbl.pdf"
info,fact_source_coverage,repository corticotropin,available_in_us,Field has non-RCT source coverage listed in evidence_sources,,,"FDA orphan drug designation/approval record for repository corticotropin/adrenocorticotropic hormone (https://www.accessdata.fda.gov/scripts/opdlisting/oopd/detailedIndex.cfm?cfgridkey=168103); FDA Acthar Gel label, NDA 008372/S-074, section 12.1 Mechanism of Action (https://www.accessdata.fda.gov/drugsatfda_docs/label/2024/008372s074lbl.pdf); https://www.accessdata.fda.gov/drugsatfda_docs/label/2024/008372s074lbl.pdf"
info,fact_source_coverage,repository corticotropin,epilepsy_type,Field has non-RCT source coverage listed in evidence_sources,,,"FDA orphan drug designation/approval record for repository corticotropin/adrenocorticotropic hormone (https://www.accessdata.fda.gov/scripts/opdlisting/oopd/detailedIndex.cfm?cfgridkey=168103); FDA Acthar Gel label, NDA 008372/S-074, section 12.1 Mechanism of Action (https://www.accessdata.fda.gov/drugsatfda_docs/label/2024/008372s074lbl.pdf); https://www.accessdata.fda.gov/drugsatfda_docs/label/2024/008372s074lbl.pdf"
info,fact_source_coverage,repository corticotropin,mechanism_of_action,Field has non-RCT source coverage listed in evidence_sources,,,"FDA orphan drug designation/approval record for repository corticotropin/adrenocorticotropic hormone (https://www.accessdata.fda.gov/scripts/opdlisting/oopd/detailedIndex.cfm?cfgridkey=168103); FDA Acthar Gel label, NDA 008372/S-074, section 12.1 Mechanism of Action (https://www.accessdata.fda.gov/drugsatfda_docs/label/2024/008372s074lbl.pdf); https://www.accessdata.fda.gov/drugsatfda_docs/label/2024/008372s074lbl.pdf"
info,fact_source_coverage,repository corticotropin,mechanism_source,Field has non-RCT source coverage listed in evidence_sources,,,"FDA orphan drug designation/approval record for repository corticotropin/adrenocorticotropic hormone (https://www.accessdata.fda.gov/scripts/opdlisting/oopd/detailedIndex.cfm?cfgridkey=168103); FDA Acthar Gel label, NDA 008372/S-074, section 12.1 Mechanism of Action (https://www.accessdata.fda.gov/drugsatfda_docs/label/2024/008372s074lbl.pdf); https://www.accessdata.fda.gov/drugsatfda_docs/label/2024/008372s074lbl.pdf"
info,fact_source_coverage,repository corticotropin,mechanism_source_tier,Field has non-RCT source coverage listed in evidence_sources,,,"FDA orphan drug designation/approval record for repository corticotropin/adrenocorticotropic hormone (https://www.accessdata.fda.gov/scripts/opdlisting/oopd/detailedIndex.cfm?cfgridkey=168103); FDA Acthar Gel label, NDA 008372/S-074, section 12.1 Mechanism of Action (https://www.accessdata.fda.gov/drugsatfda_docs/label/2024/008372s074lbl.pdf); https://www.accessdata.fda.gov/drugsatfda_docs/label/2024/008372s074lbl.pdf"
info,fact_source_coverage,repository corticotropin,mechanism_confidence,Field has non-RCT source coverage listed in evidence_sources,,,"FDA orphan drug designation/approval record for repository corticotropin/adrenocorticotropic hormone (https://www.accessdata.fda.gov/scripts/opdlisting/oopd/detailedIndex.cfm?cfgridkey=168103); FDA Acthar Gel label, NDA 008372/S-074, section 12.1 Mechanism of Action (https://www.accessdata.fda.gov/drugsatfda_docs/label/2024/008372s074lbl.pdf); https://www.accessdata.fda.gov/drugsatfda_docs/label/2024/008372s074lbl.pdf"
info,fact_source_coverage,repository corticotropin,half_life_range,Field has non-RCT source coverage listed in evidence_sources,,,"FDA orphan drug designation/approval record for repository corticotropin/adrenocorticotropic hormone (https://www.accessdata.fda.gov/scripts/opdlisting/oopd/detailedIndex.cfm?cfgridkey=168103); FDA Acthar Gel label, NDA 008372/S-074, section 12.1 Mechanism of Action (https://www.accessdata.fda.gov/drugsatfda_docs/label/2024/008372s074lbl.pdf); https://www.accessdata.fda.gov/drugsatfda_docs/label/2024/008372s074lbl.pdf"
info,fact_source_coverage,repository corticotropin,major_organ_for_metabolism,Field has non-RCT source coverage listed in evidence_sources,,,"FDA orphan drug designation/approval record for repository corticotropin/adrenocorticotropic hormone (https://www.accessdata.fda.gov/scripts/opdlisting/oopd/detailedIndex.cfm?cfgridkey=168103); FDA Acthar Gel label, NDA 008372/S-074, section 12.1 Mechanism of Action (https://www.accessdata.fda.gov/drugsatfda_docs/label/2024/008372s074lbl.pdf); https://www.accessdata.fda.gov/drugsatfda_docs/label/2024/008372s074lbl.pdf"
info,fact_source_coverage,repository corticotropin,formulations_available,Field has non-RCT source coverage listed in evidence_sources,,,"FDA orphan drug designation/approval record for repository corticotropin/adrenocorticotropic hormone (https://www.accessdata.fda.gov/scripts/opdlisting/oopd/detailedIndex.cfm?cfgridkey=168103); FDA Acthar Gel label, NDA 008372/S-074, section 12.1 Mechanism of Action (https://www.accessdata.fda.gov/drugsatfda_docs/label/2024/008372s074lbl.pdf); https://www.accessdata.fda.gov/drugsatfda_docs/label/2024/008372s074lbl.pdf"
info,fact_source_coverage,repository corticotropin,typical_doses_per_day,Field has non-RCT source coverage listed in evidence_sources,,,"FDA orphan drug designation/approval record for repository corticotropin/adrenocorticotropic hormone (https://www.accessdata.fda.gov/scripts/opdlisting/oopd/detailedIndex.cfm?cfgridkey=168103); FDA Acthar Gel label, NDA 008372/S-074, section 12.1 Mechanism of Action (https://www.accessdata.fda.gov/drugsatfda_docs/label/2024/008372s074lbl.pdf); https://www.accessdata.fda.gov/drugsatfda_docs/label/2024/008372s074lbl.pdf"
info,fact_source_coverage,repository corticotropin,minimum_effective_dose,Field has non-RCT source coverage listed in evidence_sources,,,"FDA orphan drug designation/approval record for repository corticotropin/adrenocorticotropic hormone (https://www.accessdata.fda.gov/scripts/opdlisting/oopd/detailedIndex.cfm?cfgridkey=168103); FDA Acthar Gel label, NDA 008372/S-074, section 12.1 Mechanism of Action (https://www.accessdata.fda.gov/drugsatfda_docs/label/2024/008372s074lbl.pdf); https://www.accessdata.fda.gov/drugsatfda_docs/label/2024/008372s074lbl.pdf"
info,fact_source_coverage,repository corticotropin,maximum_approved_daily_dose,Field has non-RCT source coverage listed in evidence_sources,,,"FDA orphan drug designation/approval record for repository corticotropin/adrenocorticotropic hormone (https://www.accessdata.fda.gov/scripts/opdlisting/oopd/detailedIndex.cfm?cfgridkey=168103); FDA Acthar Gel label, NDA 008372/S-074, section 12.1 Mechanism of Action (https://www.accessdata.fda.gov/drugsatfda_docs/label/2024/008372s074lbl.pdf); https://www.accessdata.fda.gov/drugsatfda_docs/label/2024/008372s074lbl.pdf"
info,fact_source_coverage,repository corticotropin,enzyme_inducing_or_inhibiting,Field has non-RCT source coverage listed in evidence_sources,,,"FDA orphan drug designation/approval record for repository corticotropin/adrenocorticotropic hormone (https://www.accessdata.fda.gov/scripts/opdlisting/oopd/detailedIndex.cfm?cfgridkey=168103); FDA Acthar Gel label, NDA 008372/S-074, section 12.1 Mechanism of Action (https://www.accessdata.fda.gov/drugsatfda_docs/label/2024/008372s074lbl.pdf); https://www.accessdata.fda.gov/drugsatfda_docs/label/2024/008372s074lbl.pdf"
info,fact_source_coverage,repository corticotropin,qt_interval_effect,Field has non-RCT source coverage listed in evidence_sources,,,"FDA orphan drug designation/approval record for repository corticotropin/adrenocorticotropic hormone (https://www.accessdata.fda.gov/scripts/opdlisting/oopd/detailedIndex.cfm?cfgridkey=168103); FDA Acthar Gel label, NDA 008372/S-074, section 12.1 Mechanism of Action (https://www.accessdata.fda.gov/drugsatfda_docs/label/2024/008372s074lbl.pdf); https://www.accessdata.fda.gov/drugsatfda_docs/label/2024/008372s074lbl.pdf"
info,fact_source_coverage,repository corticotropin,adverse_symptoms_percentages,Field has non-RCT source coverage listed in evidence_sources,,,"FDA orphan drug designation/approval record for repository corticotropin/adrenocorticotropic hormone (https://www.accessdata.fda.gov/scripts/opdlisting/oopd/detailedIndex.cfm?cfgridkey=168103); FDA Acthar Gel label, NDA 008372/S-074, section 12.1 Mechanism of Action (https://www.accessdata.fda.gov/drugsatfda_docs/label/2024/008372s074lbl.pdf); https://www.accessdata.fda.gov/drugsatfda_docs/label/2024/008372s074lbl.pdf"
info,fact_source_coverage,repository corticotropin,year_fda_cleared,Field has non-RCT source coverage listed in evidence_sources,,,"FDA orphan drug designation/approval record for repository corticotropin/adrenocorticotropic hormone (https://www.accessdata.fda.gov/scripts/opdlisting/oopd/detailedIndex.cfm?cfgridkey=168103); FDA Acthar Gel label, NDA 008372/S-074, section 12.1 Mechanism of Action (https://www.accessdata.fda.gov/drugsatfda_docs/label/2024/008372s074lbl.pdf); https://www.accessdata.fda.gov/drugsatfda_docs/label/2024/008372s074lbl.pdf"
info,fact_source_coverage,repository corticotropin,fda_black_box_warning,Field has non-RCT source coverage listed in evidence_sources,,,"FDA orphan drug designation/approval record for repository corticotropin/adrenocorticotropic hormone (https://www.accessdata.fda.gov/scripts/opdlisting/oopd/detailedIndex.cfm?cfgridkey=168103); FDA Acthar Gel label, NDA 008372/S-074, section 12.1 Mechanism of Action (https://www.accessdata.fda.gov/drugsatfda_docs/label/2024/008372s074lbl.pdf); https://www.accessdata.fda.gov/drugsatfda_docs/label/2024/008372s074lbl.pdf"
info,fact_source_coverage,repository corticotropin,fda_black_box_warning_source,Field has non-RCT source coverage listed in evidence_sources,,,"FDA orphan drug designation/approval record for repository corticotropin/adrenocorticotropic hormone (https://www.accessdata.fda.gov/scripts/opdlisting/oopd/detailedIndex.cfm?cfgridkey=168103); FDA Acthar Gel label, NDA 008372/S-074, section 12.1 Mechanism of Action (https://www.accessdata.fda.gov/drugsatfda_docs/label/2024/008372s074lbl.pdf); https://www.accessdata.fda.gov/drugsatfda_docs/label/2024/008372s074lbl.pdf"
info,fact_source_coverage,repository corticotropin,fda_black_box_warning_verified,Field has non-RCT source coverage listed in evidence_sources,,,"FDA orphan drug designation/approval record for repository corticotropin/adrenocorticotropic hormone (https://www.accessdata.fda.gov/scripts/opdlisting/oopd/detailedIndex.cfm?cfgridkey=168103); FDA Acthar Gel label, NDA 008372/S-074, section 12.1 Mechanism of Action (https://www.accessdata.fda.gov/drugsatfda_docs/label/2024/008372s074lbl.pdf); https://www.accessdata.fda.gov/drugsatfda_docs/label/2024/008372s074lbl.pdf"
info,fact_source_coverage,rufinamide,trade_names,Field has non-RCT source coverage listed in evidence_sources,,,FDA Banzel prescribing information; https://www.fda.gov/media/169593/download
info,fact_source_coverage,rufinamide,status_or_notes,Field has non-RCT source coverage listed in evidence_sources,,,FDA Banzel prescribing information; https://www.fda.gov/media/169593/download
info,fact_source_coverage,rufinamide,available_in_us,Field has non-RCT source coverage listed in evidence_sources,,,FDA Banzel prescribing information; https://www.fda.gov/media/169593/download
info,fact_source_coverage,rufinamide,epilepsy_type,Field has non-RCT source coverage listed in evidence_sources,,,FDA Banzel prescribing information; https://www.fda.gov/media/169593/download
info,fact_source_coverage,rufinamide,mechanism_of_action,Field has non-RCT source coverage listed in evidence_sources,,,FDA Banzel prescribing information; https://www.fda.gov/media/169593/download
info,fact_source_coverage,rufinamide,mechanism_source,Field has non-RCT source coverage listed in evidence_sources,,,FDA Banzel prescribing information; https://www.fda.gov/media/169593/download
info,fact_source_coverage,rufinamide,mechanism_source_tier,Field has non-RCT source coverage listed in evidence_sources,,,FDA Banzel prescribing information; https://www.fda.gov/media/169593/download
info,fact_source_coverage,rufinamide,mechanism_confidence,Field has non-RCT source coverage listed in evidence_sources,,,FDA Banzel prescribing information; https://www.fda.gov/media/169593/download
info,fact_source_coverage,rufinamide,half_life_range,Field has non-RCT source coverage listed in evidence_sources,,,FDA Banzel prescribing information; https://www.fda.gov/media/169593/download
info,fact_source_coverage,rufinamide,major_organ_for_metabolism,Field has non-RCT source coverage listed in evidence_sources,,,FDA Banzel prescribing information; https://www.fda.gov/media/169593/download
info,fact_source_coverage,rufinamide,formulations_available,Field has non-RCT source coverage listed in evidence_sources,,,FDA Banzel prescribing information; https://www.fda.gov/media/169593/download
info,fact_source_coverage,rufinamide,typical_doses_per_day,Field has non-RCT source coverage listed in evidence_sources,,,FDA Banzel prescribing information; https://www.fda.gov/media/169593/download
info,fact_source_coverage,rufinamide,minimum_effective_dose,Field has non-RCT source coverage listed in evidence_sources,,,FDA Banzel prescribing information; https://www.fda.gov/media/169593/download
info,fact_source_coverage,rufinamide,maximum_approved_daily_dose,Field has non-RCT source coverage listed in evidence_sources,,,FDA Banzel prescribing information; https://www.fda.gov/media/169593/download
info,fact_source_coverage,rufinamide,enzyme_inducing_or_inhibiting,Field has non-RCT source coverage listed in evidence_sources,,,FDA Banzel prescribing information; https://www.fda.gov/media/169593/download
info,fact_source_coverage,rufinamide,qt_interval_effect,Field has non-RCT source coverage listed in evidence_sources,,,FDA Banzel prescribing information; https://www.fda.gov/media/169593/download
info,fact_source_coverage,rufinamide,adverse_symptoms_percentages,Field has non-RCT source coverage listed in evidence_sources,,,FDA Banzel prescribing information; https://www.fda.gov/media/169593/download
info,fact_source_coverage,rufinamide,year_fda_cleared,Field has non-RCT source coverage listed in evidence_sources,,,FDA Banzel prescribing information; https://www.fda.gov/media/169593/download
info,fact_source_coverage,rufinamide,fda_black_box_warning,Field has non-RCT source coverage listed in evidence_sources,,,FDA Banzel prescribing information; https://www.fda.gov/media/169593/download
info,fact_source_coverage,rufinamide,fda_black_box_warning_source,Field has non-RCT source coverage listed in evidence_sources,,,FDA Banzel prescribing information; https://www.fda.gov/media/169593/download
info,fact_source_coverage,rufinamide,fda_black_box_warning_verified,Field has non-RCT source coverage listed in evidence_sources,,,FDA Banzel prescribing information; https://www.fda.gov/media/169593/download
info,fact_source_coverage,stiripentol,trade_names,Field has non-RCT source coverage listed in evidence_sources,,,"FDA prescribing information (accessdata.fda.gov label 207223s006lbl, revised 04/2026); https://www.accessdata.fda.gov/drugsatfda_docs/label/2026/207223s006lbl.pdf"
info,fact_source_coverage,stiripentol,status_or_notes,Field has non-RCT source coverage listed in evidence_sources,,,"FDA prescribing information (accessdata.fda.gov label 207223s006lbl, revised 04/2026); https://www.accessdata.fda.gov/drugsatfda_docs/label/2026/207223s006lbl.pdf"
info,fact_source_coverage,stiripentol,available_in_us,Field has non-RCT source coverage listed in evidence_sources,,,"FDA prescribing information (accessdata.fda.gov label 207223s006lbl, revised 04/2026); https://www.accessdata.fda.gov/drugsatfda_docs/label/2026/207223s006lbl.pdf"
info,fact_source_coverage,stiripentol,epilepsy_type,Field has non-RCT source coverage listed in evidence_sources,,,"FDA prescribing information (accessdata.fda.gov label 207223s006lbl, revised 04/2026); https://www.accessdata.fda.gov/drugsatfda_docs/label/2026/207223s006lbl.pdf"
info,fact_source_coverage,stiripentol,mechanism_of_action,Field has non-RCT source coverage listed in evidence_sources,,,"FDA prescribing information (accessdata.fda.gov label 207223s006lbl, revised 04/2026); https://www.accessdata.fda.gov/drugsatfda_docs/label/2026/207223s006lbl.pdf"
info,fact_source_coverage,stiripentol,mechanism_source,Field has non-RCT source coverage listed in evidence_sources,,,"FDA prescribing information (accessdata.fda.gov label 207223s006lbl, revised 04/2026); https://www.accessdata.fda.gov/drugsatfda_docs/label/2026/207223s006lbl.pdf"
info,fact_source_coverage,stiripentol,mechanism_source_tier,Field has non-RCT source coverage listed in evidence_sources,,,"FDA prescribing information (accessdata.fda.gov label 207223s006lbl, revised 04/2026); https://www.accessdata.fda.gov/drugsatfda_docs/label/2026/207223s006lbl.pdf"
info,fact_source_coverage,stiripentol,mechanism_confidence,Field has non-RCT source coverage listed in evidence_sources,,,"FDA prescribing information (accessdata.fda.gov label 207223s006lbl, revised 04/2026); https://www.accessdata.fda.gov/drugsatfda_docs/label/2026/207223s006lbl.pdf"
info,fact_source_coverage,stiripentol,half_life_range,Field has non-RCT source coverage listed in evidence_sources,,,"FDA prescribing information (accessdata.fda.gov label 207223s006lbl, revised 04/2026); https://www.accessdata.fda.gov/drugsatfda_docs/label/2026/207223s006lbl.pdf"
info,fact_source_coverage,stiripentol,major_organ_for_metabolism,Field has non-RCT source coverage listed in evidence_sources,,,"FDA prescribing information (accessdata.fda.gov label 207223s006lbl, revised 04/2026); https://www.accessdata.fda.gov/drugsatfda_docs/label/2026/207223s006lbl.pdf"
info,fact_source_coverage,stiripentol,formulations_available,Field has non-RCT source coverage listed in evidence_sources,,,"FDA prescribing information (accessdata.fda.gov label 207223s006lbl, revised 04/2026); https://www.accessdata.fda.gov/drugsatfda_docs/label/2026/207223s006lbl.pdf"
info,fact_source_coverage,stiripentol,typical_doses_per_day,Field has non-RCT source coverage listed in evidence_sources,,,"FDA prescribing information (accessdata.fda.gov label 207223s006lbl, revised 04/2026); https://www.accessdata.fda.gov/drugsatfda_docs/label/2026/207223s006lbl.pdf"
info,fact_source_coverage,stiripentol,minimum_effective_dose,Field has non-RCT source coverage listed in evidence_sources,,,"FDA prescribing information (accessdata.fda.gov label 207223s006lbl, revised 04/2026); https://www.accessdata.fda.gov/drugsatfda_docs/label/2026/207223s006lbl.pdf"
info,fact_source_coverage,stiripentol,maximum_approved_daily_dose,Field has non-RCT source coverage listed in evidence_sources,,,"FDA prescribing information (accessdata.fda.gov label 207223s006lbl, revised 04/2026); https://www.accessdata.fda.gov/drugsatfda_docs/label/2026/207223s006lbl.pdf"
info,fact_source_coverage,stiripentol,enzyme_inducing_or_inhibiting,Field has non-RCT source coverage listed in evidence_sources,,,"FDA prescribing information (accessdata.fda.gov label 207223s006lbl, revised 04/2026); https://www.accessdata.fda.gov/drugsatfda_docs/label/2026/207223s006lbl.pdf"
info,fact_source_coverage,stiripentol,qt_interval_effect,Field has non-RCT source coverage listed in evidence_sources,,,"FDA prescribing information (accessdata.fda.gov label 207223s006lbl, revised 04/2026); https://www.accessdata.fda.gov/drugsatfda_docs/label/2026/207223s006lbl.pdf"
info,fact_source_coverage,stiripentol,adverse_symptoms_percentages,Field has non-RCT source coverage listed in evidence_sources,,,"FDA prescribing information (accessdata.fda.gov label 207223s006lbl, revised 04/2026); https://www.accessdata.fda.gov/drugsatfda_docs/label/2026/207223s006lbl.pdf"
info,fact_source_coverage,stiripentol,year_fda_cleared,Field has non-RCT source coverage listed in evidence_sources,,,"FDA prescribing information (accessdata.fda.gov label 207223s006lbl, revised 04/2026); https://www.accessdata.fda.gov/drugsatfda_docs/label/2026/207223s006lbl.pdf"
info,fact_source_coverage,stiripentol,fda_black_box_warning,Field has non-RCT source coverage listed in evidence_sources,,,"FDA prescribing information (accessdata.fda.gov label 207223s006lbl, revised 04/2026); https://www.accessdata.fda.gov/drugsatfda_docs/label/2026/207223s006lbl.pdf"
info,fact_source_coverage,stiripentol,fda_black_box_warning_source,Field has non-RCT source coverage listed in evidence_sources,,,"FDA prescribing information (accessdata.fda.gov label 207223s006lbl, revised 04/2026); https://www.accessdata.fda.gov/drugsatfda_docs/label/2026/207223s006lbl.pdf"
info,fact_source_coverage,stiripentol,fda_black_box_warning_verified,Field has non-RCT source coverage listed in evidence_sources,,,"FDA prescribing information (accessdata.fda.gov label 207223s006lbl, revised 04/2026); https://www.accessdata.fda.gov/drugsatfda_docs/label/2026/207223s006lbl.pdf"
info,fact_source_coverage,sultiame,trade_names,Field has non-RCT source coverage listed in evidence_sources,,,UK eMC SmPC labeling; Sulthiame sodium-current mechanism study; https://www.medicines.org.uk/emc/product/100433/smpc
info,fact_source_coverage,sultiame,status_or_notes,Field has non-RCT source coverage listed in evidence_sources,,,UK eMC SmPC labeling; Sulthiame sodium-current mechanism study; https://www.medicines.org.uk/emc/product/100433/smpc
info,fact_source_coverage,sultiame,available_in_us,Field has non-RCT source coverage listed in evidence_sources,,,UK eMC SmPC labeling; Sulthiame sodium-current mechanism study; https://www.medicines.org.uk/emc/product/100433/smpc
info,fact_source_coverage,sultiame,epilepsy_type,Field has non-RCT source coverage listed in evidence_sources,,,UK eMC SmPC labeling; Sulthiame sodium-current mechanism study; https://www.medicines.org.uk/emc/product/100433/smpc
info,fact_source_coverage,sultiame,mechanism_of_action,Field has non-RCT source coverage listed in evidence_sources,,,UK eMC SmPC labeling; Sulthiame sodium-current mechanism study; https://www.medicines.org.uk/emc/product/100433/smpc
info,fact_source_coverage,sultiame,mechanism_source,Field has non-RCT source coverage listed in evidence_sources,,,UK eMC SmPC labeling; Sulthiame sodium-current mechanism study; https://www.medicines.org.uk/emc/product/100433/smpc
info,fact_source_coverage,sultiame,mechanism_source_tier,Field has non-RCT source coverage listed in evidence_sources,,,UK eMC SmPC labeling; Sulthiame sodium-current mechanism study; https://www.medicines.org.uk/emc/product/100433/smpc
info,fact_source_coverage,sultiame,mechanism_confidence,Field has non-RCT source coverage listed in evidence_sources,,,UK eMC SmPC labeling; Sulthiame sodium-current mechanism study; https://www.medicines.org.uk/emc/product/100433/smpc
info,fact_source_coverage,sultiame,half_life_range,Field has non-RCT source coverage listed in evidence_sources,,,UK eMC SmPC labeling; Sulthiame sodium-current mechanism study; https://www.medicines.org.uk/emc/product/100433/smpc
info,fact_source_coverage,sultiame,major_organ_for_metabolism,Field has non-RCT source coverage listed in evidence_sources,,,UK eMC SmPC labeling; Sulthiame sodium-current mechanism study; https://www.medicines.org.uk/emc/product/100433/smpc
info,fact_source_coverage,sultiame,formulations_available,Field has non-RCT source coverage listed in evidence_sources,,,UK eMC SmPC labeling; Sulthiame sodium-current mechanism study; https://www.medicines.org.uk/emc/product/100433/smpc
info,fact_source_coverage,sultiame,typical_doses_per_day,Field has non-RCT source coverage listed in evidence_sources,,,UK eMC SmPC labeling; Sulthiame sodium-current mechanism study; https://www.medicines.org.uk/emc/product/100433/smpc
info,fact_source_coverage,sultiame,minimum_effective_dose,Field has non-RCT source coverage listed in evidence_sources,,,UK eMC SmPC labeling; Sulthiame sodium-current mechanism study; https://www.medicines.org.uk/emc/product/100433/smpc
info,fact_source_coverage,sultiame,maximum_approved_daily_dose,Field has non-RCT source coverage listed in evidence_sources,,,UK eMC SmPC labeling; Sulthiame sodium-current mechanism study; https://www.medicines.org.uk/emc/product/100433/smpc
info,fact_source_coverage,sultiame,enzyme_inducing_or_inhibiting,Field has non-RCT source coverage listed in evidence_sources,,,UK eMC SmPC labeling; Sulthiame sodium-current mechanism study; https://www.medicines.org.uk/emc/product/100433/smpc
info,fact_source_coverage,sultiame,qt_interval_effect,Field has non-RCT source coverage listed in evidence_sources,,,UK eMC SmPC labeling; Sulthiame sodium-current mechanism study; https://www.medicines.org.uk/emc/product/100433/smpc
info,fact_source_coverage,sultiame,adverse_symptoms_percentages,Field has non-RCT source coverage listed in evidence_sources,,,UK eMC SmPC labeling; Sulthiame sodium-current mechanism study; https://www.medicines.org.uk/emc/product/100433/smpc
info,fact_source_coverage,sultiame,year_fda_cleared,Field has non-RCT source coverage listed in evidence_sources,,,UK eMC SmPC labeling; Sulthiame sodium-current mechanism study; https://www.medicines.org.uk/emc/product/100433/smpc
info,fact_source_coverage,sultiame,fda_black_box_warning,Field has non-RCT source coverage listed in evidence_sources,,,UK eMC SmPC labeling; Sulthiame sodium-current mechanism study; https://www.medicines.org.uk/emc/product/100433/smpc
info,fact_source_coverage,sultiame,fda_black_box_warning_source,Field has non-RCT source coverage listed in evidence_sources,,,UK eMC SmPC labeling; Sulthiame sodium-current mechanism study; https://www.medicines.org.uk/emc/product/100433/smpc
info,fact_source_coverage,sultiame,fda_black_box_warning_verified,Field has non-RCT source coverage listed in evidence_sources,,,UK eMC SmPC labeling; Sulthiame sodium-current mechanism study; https://www.medicines.org.uk/emc/product/100433/smpc
info,fact_source_coverage,tiagabine,trade_names,Field has non-RCT source coverage listed in evidence_sources,,,FDA labeling; https://www.accessdata.fda.gov/drugsatfda_docs/nda/97/020646_gabitril_toc.cfm; https://www.accessdata.fda.gov/drugsatfda_docs/label/2010/020646s017lbl.pdf
info,fact_source_coverage,tiagabine,status_or_notes,Field has non-RCT source coverage listed in evidence_sources,,,FDA labeling; https://www.accessdata.fda.gov/drugsatfda_docs/nda/97/020646_gabitril_toc.cfm; https://www.accessdata.fda.gov/drugsatfda_docs/label/2010/020646s017lbl.pdf
info,fact_source_coverage,tiagabine,available_in_us,Field has non-RCT source coverage listed in evidence_sources,,,FDA labeling; https://www.accessdata.fda.gov/drugsatfda_docs/nda/97/020646_gabitril_toc.cfm; https://www.accessdata.fda.gov/drugsatfda_docs/label/2010/020646s017lbl.pdf
info,fact_source_coverage,tiagabine,epilepsy_type,Field has non-RCT source coverage listed in evidence_sources,,,FDA labeling; https://www.accessdata.fda.gov/drugsatfda_docs/nda/97/020646_gabitril_toc.cfm; https://www.accessdata.fda.gov/drugsatfda_docs/label/2010/020646s017lbl.pdf
info,fact_source_coverage,tiagabine,mechanism_of_action,Field has non-RCT source coverage listed in evidence_sources,,,FDA labeling; https://www.accessdata.fda.gov/drugsatfda_docs/nda/97/020646_gabitril_toc.cfm; https://www.accessdata.fda.gov/drugsatfda_docs/label/2010/020646s017lbl.pdf
info,fact_source_coverage,tiagabine,mechanism_source,Field has non-RCT source coverage listed in evidence_sources,,,FDA labeling; https://www.accessdata.fda.gov/drugsatfda_docs/nda/97/020646_gabitril_toc.cfm; https://www.accessdata.fda.gov/drugsatfda_docs/label/2010/020646s017lbl.pdf
info,fact_source_coverage,tiagabine,mechanism_source_tier,Field has non-RCT source coverage listed in evidence_sources,,,FDA labeling; https://www.accessdata.fda.gov/drugsatfda_docs/nda/97/020646_gabitril_toc.cfm; https://www.accessdata.fda.gov/drugsatfda_docs/label/2010/020646s017lbl.pdf
info,fact_source_coverage,tiagabine,mechanism_confidence,Field has non-RCT source coverage listed in evidence_sources,,,FDA labeling; https://www.accessdata.fda.gov/drugsatfda_docs/nda/97/020646_gabitril_toc.cfm; https://www.accessdata.fda.gov/drugsatfda_docs/label/2010/020646s017lbl.pdf
info,fact_source_coverage,tiagabine,half_life_range,Field has non-RCT source coverage listed in evidence_sources,,,FDA labeling; https://www.accessdata.fda.gov/drugsatfda_docs/nda/97/020646_gabitril_toc.cfm; https://www.accessdata.fda.gov/drugsatfda_docs/label/2010/020646s017lbl.pdf
info,fact_source_coverage,tiagabine,major_organ_for_metabolism,Field has non-RCT source coverage listed in evidence_sources,,,FDA labeling; https://www.accessdata.fda.gov/drugsatfda_docs/nda/97/020646_gabitril_toc.cfm; https://www.accessdata.fda.gov/drugsatfda_docs/label/2010/020646s017lbl.pdf
info,fact_source_coverage,tiagabine,formulations_available,Field has non-RCT source coverage listed in evidence_sources,,,FDA labeling; https://www.accessdata.fda.gov/drugsatfda_docs/nda/97/020646_gabitril_toc.cfm; https://www.accessdata.fda.gov/drugsatfda_docs/label/2010/020646s017lbl.pdf
info,fact_source_coverage,tiagabine,typical_doses_per_day,Field has non-RCT source coverage listed in evidence_sources,,,FDA labeling; https://www.accessdata.fda.gov/drugsatfda_docs/nda/97/020646_gabitril_toc.cfm; https://www.accessdata.fda.gov/drugsatfda_docs/label/2010/020646s017lbl.pdf
info,fact_source_coverage,tiagabine,minimum_effective_dose,Field has non-RCT source coverage listed in evidence_sources,,,FDA labeling; https://www.accessdata.fda.gov/drugsatfda_docs/nda/97/020646_gabitril_toc.cfm; https://www.accessdata.fda.gov/drugsatfda_docs/label/2010/020646s017lbl.pdf
info,fact_source_coverage,tiagabine,maximum_approved_daily_dose,Field has non-RCT source coverage listed in evidence_sources,,,FDA labeling; https://www.accessdata.fda.gov/drugsatfda_docs/nda/97/020646_gabitril_toc.cfm; https://www.accessdata.fda.gov/drugsatfda_docs/label/2010/020646s017lbl.pdf
info,fact_source_coverage,tiagabine,enzyme_inducing_or_inhibiting,Field has non-RCT source coverage listed in evidence_sources,,,FDA labeling; https://www.accessdata.fda.gov/drugsatfda_docs/nda/97/020646_gabitril_toc.cfm; https://www.accessdata.fda.gov/drugsatfda_docs/label/2010/020646s017lbl.pdf
info,fact_source_coverage,tiagabine,qt_interval_effect,Field has non-RCT source coverage listed in evidence_sources,,,FDA labeling; https://www.accessdata.fda.gov/drugsatfda_docs/nda/97/020646_gabitril_toc.cfm; https://www.accessdata.fda.gov/drugsatfda_docs/label/2010/020646s017lbl.pdf
info,fact_source_coverage,tiagabine,adverse_symptoms_percentages,Field has non-RCT source coverage listed in evidence_sources,,,FDA labeling; https://www.accessdata.fda.gov/drugsatfda_docs/nda/97/020646_gabitril_toc.cfm; https://www.accessdata.fda.gov/drugsatfda_docs/label/2010/020646s017lbl.pdf
info,fact_source_coverage,tiagabine,year_fda_cleared,Field has non-RCT source coverage listed in evidence_sources,,,FDA labeling; https://www.accessdata.fda.gov/drugsatfda_docs/nda/97/020646_gabitril_toc.cfm; https://www.accessdata.fda.gov/drugsatfda_docs/label/2010/020646s017lbl.pdf
info,fact_source_coverage,tiagabine,fda_black_box_warning,Field has non-RCT source coverage listed in evidence_sources,,,FDA labeling; https://www.accessdata.fda.gov/drugsatfda_docs/nda/97/020646_gabitril_toc.cfm; https://www.accessdata.fda.gov/drugsatfda_docs/label/2010/020646s017lbl.pdf
info,fact_source_coverage,tiagabine,fda_black_box_warning_source,Field has non-RCT source coverage listed in evidence_sources,,,FDA labeling; https://www.accessdata.fda.gov/drugsatfda_docs/nda/97/020646_gabitril_toc.cfm; https://www.accessdata.fda.gov/drugsatfda_docs/label/2010/020646s017lbl.pdf
info,fact_source_coverage,tiagabine,fda_black_box_warning_verified,Field has non-RCT source coverage listed in evidence_sources,,,FDA labeling; https://www.accessdata.fda.gov/drugsatfda_docs/nda/97/020646_gabitril_toc.cfm; https://www.accessdata.fda.gov/drugsatfda_docs/label/2010/020646s017lbl.pdf
info,fact_source_coverage,topiramate,trade_names,Field has non-RCT source coverage listed in evidence_sources,,,FDA TOPAMAX prescribing information (Drugs@FDA label); https://www.accessdata.fda.gov/drugsatfda_docs/label/2026/020505s068lbl.pdf
info,fact_source_coverage,topiramate,status_or_notes,Field has non-RCT source coverage listed in evidence_sources,,,FDA TOPAMAX prescribing information (Drugs@FDA label); https://www.accessdata.fda.gov/drugsatfda_docs/label/2026/020505s068lbl.pdf
info,fact_source_coverage,topiramate,available_in_us,Field has non-RCT source coverage listed in evidence_sources,,,FDA TOPAMAX prescribing information (Drugs@FDA label); https://www.accessdata.fda.gov/drugsatfda_docs/label/2026/020505s068lbl.pdf
info,fact_source_coverage,topiramate,epilepsy_type,Field has non-RCT source coverage listed in evidence_sources,,,FDA TOPAMAX prescribing information (Drugs@FDA label); https://www.accessdata.fda.gov/drugsatfda_docs/label/2026/020505s068lbl.pdf
info,fact_source_coverage,topiramate,mechanism_of_action,Field has non-RCT source coverage listed in evidence_sources,,,FDA TOPAMAX prescribing information (Drugs@FDA label); https://www.accessdata.fda.gov/drugsatfda_docs/label/2026/020505s068lbl.pdf
info,fact_source_coverage,topiramate,mechanism_source,Field has non-RCT source coverage listed in evidence_sources,,,FDA TOPAMAX prescribing information (Drugs@FDA label); https://www.accessdata.fda.gov/drugsatfda_docs/label/2026/020505s068lbl.pdf
info,fact_source_coverage,topiramate,mechanism_source_tier,Field has non-RCT source coverage listed in evidence_sources,,,FDA TOPAMAX prescribing information (Drugs@FDA label); https://www.accessdata.fda.gov/drugsatfda_docs/label/2026/020505s068lbl.pdf
info,fact_source_coverage,topiramate,mechanism_confidence,Field has non-RCT source coverage listed in evidence_sources,,,FDA TOPAMAX prescribing information (Drugs@FDA label); https://www.accessdata.fda.gov/drugsatfda_docs/label/2026/020505s068lbl.pdf
info,fact_source_coverage,topiramate,half_life_range,Field has non-RCT source coverage listed in evidence_sources,,,FDA TOPAMAX prescribing information (Drugs@FDA label); https://www.accessdata.fda.gov/drugsatfda_docs/label/2026/020505s068lbl.pdf
info,fact_source_coverage,topiramate,major_organ_for_metabolism,Field has non-RCT source coverage listed in evidence_sources,,,FDA TOPAMAX prescribing information (Drugs@FDA label); https://www.accessdata.fda.gov/drugsatfda_docs/label/2026/020505s068lbl.pdf
info,fact_source_coverage,topiramate,formulations_available,Field has non-RCT source coverage listed in evidence_sources,,,FDA TOPAMAX prescribing information (Drugs@FDA label); https://www.accessdata.fda.gov/drugsatfda_docs/label/2026/020505s068lbl.pdf
info,fact_source_coverage,topiramate,typical_doses_per_day,Field has non-RCT source coverage listed in evidence_sources,,,FDA TOPAMAX prescribing information (Drugs@FDA label); https://www.accessdata.fda.gov/drugsatfda_docs/label/2026/020505s068lbl.pdf
info,fact_source_coverage,topiramate,minimum_effective_dose,Field has non-RCT source coverage listed in evidence_sources,,,FDA TOPAMAX prescribing information (Drugs@FDA label); https://www.accessdata.fda.gov/drugsatfda_docs/label/2026/020505s068lbl.pdf
info,fact_source_coverage,topiramate,maximum_approved_daily_dose,Field has non-RCT source coverage listed in evidence_sources,,,FDA TOPAMAX prescribing information (Drugs@FDA label); https://www.accessdata.fda.gov/drugsatfda_docs/label/2026/020505s068lbl.pdf
info,fact_source_coverage,topiramate,enzyme_inducing_or_inhibiting,Field has non-RCT source coverage listed in evidence_sources,,,FDA TOPAMAX prescribing information (Drugs@FDA label); https://www.accessdata.fda.gov/drugsatfda_docs/label/2026/020505s068lbl.pdf
info,fact_source_coverage,topiramate,qt_interval_effect,Field has non-RCT source coverage listed in evidence_sources,,,FDA TOPAMAX prescribing information (Drugs@FDA label); https://www.accessdata.fda.gov/drugsatfda_docs/label/2026/020505s068lbl.pdf
info,fact_source_coverage,topiramate,adverse_symptoms_percentages,Field has non-RCT source coverage listed in evidence_sources,,,FDA TOPAMAX prescribing information (Drugs@FDA label); https://www.accessdata.fda.gov/drugsatfda_docs/label/2026/020505s068lbl.pdf
info,fact_source_coverage,topiramate,year_fda_cleared,Field has non-RCT source coverage listed in evidence_sources,,,FDA TOPAMAX prescribing information (Drugs@FDA label); https://www.accessdata.fda.gov/drugsatfda_docs/label/2026/020505s068lbl.pdf
info,fact_source_coverage,topiramate,fda_black_box_warning,Field has non-RCT source coverage listed in evidence_sources,,,FDA TOPAMAX prescribing information (Drugs@FDA label); https://www.accessdata.fda.gov/drugsatfda_docs/label/2026/020505s068lbl.pdf
info,fact_source_coverage,topiramate,fda_black_box_warning_source,Field has non-RCT source coverage listed in evidence_sources,,,FDA TOPAMAX prescribing information (Drugs@FDA label); https://www.accessdata.fda.gov/drugsatfda_docs/label/2026/020505s068lbl.pdf
info,fact_source_coverage,topiramate,fda_black_box_warning_verified,Field has non-RCT source coverage listed in evidence_sources,,,FDA TOPAMAX prescribing information (Drugs@FDA label); https://www.accessdata.fda.gov/drugsatfda_docs/label/2026/020505s068lbl.pdf
info,fact_source_coverage,trimethadione,trade_names,Field has non-RCT source coverage listed in evidence_sources,,,FDA Orange Book products file; FDA accessdata Tridione label (Description/Clinical Pharmacology); https://www.accessdata.fda.gov/drugsatfda_docs/label/2012/005856s021lbl.pdf
info,fact_source_coverage,trimethadione,status_or_notes,Field has non-RCT source coverage listed in evidence_sources,,,FDA Orange Book products file; FDA accessdata Tridione label (Description/Clinical Pharmacology); https://www.accessdata.fda.gov/drugsatfda_docs/label/2012/005856s021lbl.pdf
info,fact_source_coverage,trimethadione,available_in_us,Field has non-RCT source coverage listed in evidence_sources,,,FDA Orange Book products file; FDA accessdata Tridione label (Description/Clinical Pharmacology); https://www.accessdata.fda.gov/drugsatfda_docs/label/2012/005856s021lbl.pdf
info,fact_source_coverage,trimethadione,epilepsy_type,Field has non-RCT source coverage listed in evidence_sources,,,FDA Orange Book products file; FDA accessdata Tridione label (Description/Clinical Pharmacology); https://www.accessdata.fda.gov/drugsatfda_docs/label/2012/005856s021lbl.pdf
info,fact_source_coverage,trimethadione,mechanism_of_action,Field has non-RCT source coverage listed in evidence_sources,,,FDA Orange Book products file; FDA accessdata Tridione label (Description/Clinical Pharmacology); https://www.accessdata.fda.gov/drugsatfda_docs/label/2012/005856s021lbl.pdf
info,fact_source_coverage,trimethadione,mechanism_source,Field has non-RCT source coverage listed in evidence_sources,,,FDA Orange Book products file; FDA accessdata Tridione label (Description/Clinical Pharmacology); https://www.accessdata.fda.gov/drugsatfda_docs/label/2012/005856s021lbl.pdf
info,fact_source_coverage,trimethadione,mechanism_source_tier,Field has non-RCT source coverage listed in evidence_sources,,,FDA Orange Book products file; FDA accessdata Tridione label (Description/Clinical Pharmacology); https://www.accessdata.fda.gov/drugsatfda_docs/label/2012/005856s021lbl.pdf
info,fact_source_coverage,trimethadione,mechanism_confidence,Field has non-RCT source coverage listed in evidence_sources,,,FDA Orange Book products file; FDA accessdata Tridione label (Description/Clinical Pharmacology); https://www.accessdata.fda.gov/drugsatfda_docs/label/2012/005856s021lbl.pdf
info,fact_source_coverage,trimethadione,half_life_range,Field has non-RCT source coverage listed in evidence_sources,,,FDA Orange Book products file; FDA accessdata Tridione label (Description/Clinical Pharmacology); https://www.accessdata.fda.gov/drugsatfda_docs/label/2012/005856s021lbl.pdf
info,fact_source_coverage,trimethadione,major_organ_for_metabolism,Field has non-RCT source coverage listed in evidence_sources,,,FDA Orange Book products file; FDA accessdata Tridione label (Description/Clinical Pharmacology); https://www.accessdata.fda.gov/drugsatfda_docs/label/2012/005856s021lbl.pdf
info,fact_source_coverage,trimethadione,formulations_available,Field has non-RCT source coverage listed in evidence_sources,,,FDA Orange Book products file; FDA accessdata Tridione label (Description/Clinical Pharmacology); https://www.accessdata.fda.gov/drugsatfda_docs/label/2012/005856s021lbl.pdf
info,fact_source_coverage,trimethadione,typical_doses_per_day,Field has non-RCT source coverage listed in evidence_sources,,,FDA Orange Book products file; FDA accessdata Tridione label (Description/Clinical Pharmacology); https://www.accessdata.fda.gov/drugsatfda_docs/label/2012/005856s021lbl.pdf
info,fact_source_coverage,trimethadione,minimum_effective_dose,Field has non-RCT source coverage listed in evidence_sources,,,FDA Orange Book products file; FDA accessdata Tridione label (Description/Clinical Pharmacology); https://www.accessdata.fda.gov/drugsatfda_docs/label/2012/005856s021lbl.pdf
info,fact_source_coverage,trimethadione,maximum_approved_daily_dose,Field has non-RCT source coverage listed in evidence_sources,,,FDA Orange Book products file; FDA accessdata Tridione label (Description/Clinical Pharmacology); https://www.accessdata.fda.gov/drugsatfda_docs/label/2012/005856s021lbl.pdf
info,fact_source_coverage,trimethadione,enzyme_inducing_or_inhibiting,Field has non-RCT source coverage listed in evidence_sources,,,FDA Orange Book products file; FDA accessdata Tridione label (Description/Clinical Pharmacology); https://www.accessdata.fda.gov/drugsatfda_docs/label/2012/005856s021lbl.pdf
info,fact_source_coverage,trimethadione,qt_interval_effect,Field has non-RCT source coverage listed in evidence_sources,,,FDA Orange Book products file; FDA accessdata Tridione label (Description/Clinical Pharmacology); https://www.accessdata.fda.gov/drugsatfda_docs/label/2012/005856s021lbl.pdf
info,fact_source_coverage,trimethadione,adverse_symptoms_percentages,Field has non-RCT source coverage listed in evidence_sources,,,FDA Orange Book products file; FDA accessdata Tridione label (Description/Clinical Pharmacology); https://www.accessdata.fda.gov/drugsatfda_docs/label/2012/005856s021lbl.pdf
info,fact_source_coverage,trimethadione,year_fda_cleared,Field has non-RCT source coverage listed in evidence_sources,,,FDA Orange Book products file; FDA accessdata Tridione label (Description/Clinical Pharmacology); https://www.accessdata.fda.gov/drugsatfda_docs/label/2012/005856s021lbl.pdf
info,fact_source_coverage,trimethadione,fda_black_box_warning,Field has non-RCT source coverage listed in evidence_sources,,,FDA Orange Book products file; FDA accessdata Tridione label (Description/Clinical Pharmacology); https://www.accessdata.fda.gov/drugsatfda_docs/label/2012/005856s021lbl.pdf
info,fact_source_coverage,trimethadione,fda_black_box_warning_source,Field has non-RCT source coverage listed in evidence_sources,,,FDA Orange Book products file; FDA accessdata Tridione label (Description/Clinical Pharmacology); https://www.accessdata.fda.gov/drugsatfda_docs/label/2012/005856s021lbl.pdf
info,fact_source_coverage,trimethadione,fda_black_box_warning_verified,Field has non-RCT source coverage listed in evidence_sources,,,FDA Orange Book products file; FDA accessdata Tridione label (Description/Clinical Pharmacology); https://www.accessdata.fda.gov/drugsatfda_docs/label/2012/005856s021lbl.pdf
info,fact_source_coverage,valproic acid,trade_names,Field has non-RCT source coverage listed in evidence_sources,,,FDA Orange Book products file; https://www.accessdata.fda.gov/drugsatfda_docs/label/2023/021168s044lbl.pdf; https://api.fda.gov/drug/label.json?search=openfda.spl_set_id%3A%220dc024ce-efc8-4690-7cb5-639c728fccac%22&limit=5; https://www.fda.gov/drugs/postmarket-drug-safety-information-patients-and-providers/valproate-information; https://www.ema.europa.eu/en/medicines/human/referrals/valproate-related-substances; https://www.medicines.org.uk/emc/product/6102/smpc; EMA valproate-related substances referral (https://www.ema.europa.eu/en/medicines/human/referrals/valproate-related-substances-0); French Public Medicines Database DEPAMIDE RCP (https://m.base-donnees-publique.medicaments.gouv.fr/rcp-63737879-9); FDA prescribing information (https://www.accessdata.fda.gov/drugsatfda_docs/label/2023/021168s044lbl.pdf)
info,fact_source_coverage,valproic acid,status_or_notes,Field has non-RCT source coverage listed in evidence_sources,,,FDA Orange Book products file; https://www.accessdata.fda.gov/drugsatfda_docs/label/2023/021168s044lbl.pdf; https://api.fda.gov/drug/label.json?search=openfda.spl_set_id%3A%220dc024ce-efc8-4690-7cb5-639c728fccac%22&limit=5; https://www.fda.gov/drugs/postmarket-drug-safety-information-patients-and-providers/valproate-information; https://www.ema.europa.eu/en/medicines/human/referrals/valproate-related-substances; https://www.medicines.org.uk/emc/product/6102/smpc; EMA valproate-related substances referral (https://www.ema.europa.eu/en/medicines/human/referrals/valproate-related-substances-0); French Public Medicines Database DEPAMIDE RCP (https://m.base-donnees-publique.medicaments.gouv.fr/rcp-63737879-9); FDA prescribing information (https://www.accessdata.fda.gov/drugsatfda_docs/label/2023/021168s044lbl.pdf)
info,fact_source_coverage,valproic acid,available_in_us,Field has non-RCT source coverage listed in evidence_sources,,,FDA Orange Book products file; https://www.accessdata.fda.gov/drugsatfda_docs/label/2023/021168s044lbl.pdf; https://api.fda.gov/drug/label.json?search=openfda.spl_set_id%3A%220dc024ce-efc8-4690-7cb5-639c728fccac%22&limit=5; https://www.fda.gov/drugs/postmarket-drug-safety-information-patients-and-providers/valproate-information; https://www.ema.europa.eu/en/medicines/human/referrals/valproate-related-substances; https://www.medicines.org.uk/emc/product/6102/smpc; EMA valproate-related substances referral (https://www.ema.europa.eu/en/medicines/human/referrals/valproate-related-substances-0); French Public Medicines Database DEPAMIDE RCP (https://m.base-donnees-publique.medicaments.gouv.fr/rcp-63737879-9); FDA prescribing information (https://www.accessdata.fda.gov/drugsatfda_docs/label/2023/021168s044lbl.pdf)
info,fact_source_coverage,valproic acid,epilepsy_type,Field has non-RCT source coverage listed in evidence_sources,,,FDA Orange Book products file; https://www.accessdata.fda.gov/drugsatfda_docs/label/2023/021168s044lbl.pdf; https://api.fda.gov/drug/label.json?search=openfda.spl_set_id%3A%220dc024ce-efc8-4690-7cb5-639c728fccac%22&limit=5; https://www.fda.gov/drugs/postmarket-drug-safety-information-patients-and-providers/valproate-information; https://www.ema.europa.eu/en/medicines/human/referrals/valproate-related-substances; https://www.medicines.org.uk/emc/product/6102/smpc; EMA valproate-related substances referral (https://www.ema.europa.eu/en/medicines/human/referrals/valproate-related-substances-0); French Public Medicines Database DEPAMIDE RCP (https://m.base-donnees-publique.medicaments.gouv.fr/rcp-63737879-9); FDA prescribing information (https://www.accessdata.fda.gov/drugsatfda_docs/label/2023/021168s044lbl.pdf)
info,fact_source_coverage,valproic acid,mechanism_of_action,Field has non-RCT source coverage listed in evidence_sources,,,FDA Orange Book products file; https://www.accessdata.fda.gov/drugsatfda_docs/label/2023/021168s044lbl.pdf; https://api.fda.gov/drug/label.json?search=openfda.spl_set_id%3A%220dc024ce-efc8-4690-7cb5-639c728fccac%22&limit=5; https://www.fda.gov/drugs/postmarket-drug-safety-information-patients-and-providers/valproate-information; https://www.ema.europa.eu/en/medicines/human/referrals/valproate-related-substances; https://www.medicines.org.uk/emc/product/6102/smpc; EMA valproate-related substances referral (https://www.ema.europa.eu/en/medicines/human/referrals/valproate-related-substances-0); French Public Medicines Database DEPAMIDE RCP (https://m.base-donnees-publique.medicaments.gouv.fr/rcp-63737879-9); FDA prescribing information (https://www.accessdata.fda.gov/drugsatfda_docs/label/2023/021168s044lbl.pdf)
info,fact_source_coverage,valproic acid,mechanism_source,Field has non-RCT source coverage listed in evidence_sources,,,FDA Orange Book products file; https://www.accessdata.fda.gov/drugsatfda_docs/label/2023/021168s044lbl.pdf; https://api.fda.gov/drug/label.json?search=openfda.spl_set_id%3A%220dc024ce-efc8-4690-7cb5-639c728fccac%22&limit=5; https://www.fda.gov/drugs/postmarket-drug-safety-information-patients-and-providers/valproate-information; https://www.ema.europa.eu/en/medicines/human/referrals/valproate-related-substances; https://www.medicines.org.uk/emc/product/6102/smpc; EMA valproate-related substances referral (https://www.ema.europa.eu/en/medicines/human/referrals/valproate-related-substances-0); French Public Medicines Database DEPAMIDE RCP (https://m.base-donnees-publique.medicaments.gouv.fr/rcp-63737879-9); FDA prescribing information (https://www.accessdata.fda.gov/drugsatfda_docs/label/2023/021168s044lbl.pdf)
info,fact_source_coverage,valproic acid,mechanism_source_tier,Field has non-RCT source coverage listed in evidence_sources,,,FDA Orange Book products file; https://www.accessdata.fda.gov/drugsatfda_docs/label/2023/021168s044lbl.pdf; https://api.fda.gov/drug/label.json?search=openfda.spl_set_id%3A%220dc024ce-efc8-4690-7cb5-639c728fccac%22&limit=5; https://www.fda.gov/drugs/postmarket-drug-safety-information-patients-and-providers/valproate-information; https://www.ema.europa.eu/en/medicines/human/referrals/valproate-related-substances; https://www.medicines.org.uk/emc/product/6102/smpc; EMA valproate-related substances referral (https://www.ema.europa.eu/en/medicines/human/referrals/valproate-related-substances-0); French Public Medicines Database DEPAMIDE RCP (https://m.base-donnees-publique.medicaments.gouv.fr/rcp-63737879-9); FDA prescribing information (https://www.accessdata.fda.gov/drugsatfda_docs/label/2023/021168s044lbl.pdf)
info,fact_source_coverage,valproic acid,mechanism_confidence,Field has non-RCT source coverage listed in evidence_sources,,,FDA Orange Book products file; https://www.accessdata.fda.gov/drugsatfda_docs/label/2023/021168s044lbl.pdf; https://api.fda.gov/drug/label.json?search=openfda.spl_set_id%3A%220dc024ce-efc8-4690-7cb5-639c728fccac%22&limit=5; https://www.fda.gov/drugs/postmarket-drug-safety-information-patients-and-providers/valproate-information; https://www.ema.europa.eu/en/medicines/human/referrals/valproate-related-substances; https://www.medicines.org.uk/emc/product/6102/smpc; EMA valproate-related substances referral (https://www.ema.europa.eu/en/medicines/human/referrals/valproate-related-substances-0); French Public Medicines Database DEPAMIDE RCP (https://m.base-donnees-publique.medicaments.gouv.fr/rcp-63737879-9); FDA prescribing information (https://www.accessdata.fda.gov/drugsatfda_docs/label/2023/021168s044lbl.pdf)
info,fact_source_coverage,valproic acid,half_life_range,Field has non-RCT source coverage listed in evidence_sources,,,FDA Orange Book products file; https://www.accessdata.fda.gov/drugsatfda_docs/label/2023/021168s044lbl.pdf; https://api.fda.gov/drug/label.json?search=openfda.spl_set_id%3A%220dc024ce-efc8-4690-7cb5-639c728fccac%22&limit=5; https://www.fda.gov/drugs/postmarket-drug-safety-information-patients-and-providers/valproate-information; https://www.ema.europa.eu/en/medicines/human/referrals/valproate-related-substances; https://www.medicines.org.uk/emc/product/6102/smpc; EMA valproate-related substances referral (https://www.ema.europa.eu/en/medicines/human/referrals/valproate-related-substances-0); French Public Medicines Database DEPAMIDE RCP (https://m.base-donnees-publique.medicaments.gouv.fr/rcp-63737879-9); FDA prescribing information (https://www.accessdata.fda.gov/drugsatfda_docs/label/2023/021168s044lbl.pdf)
info,fact_source_coverage,valproic acid,major_organ_for_metabolism,Field has non-RCT source coverage listed in evidence_sources,,,FDA Orange Book products file; https://www.accessdata.fda.gov/drugsatfda_docs/label/2023/021168s044lbl.pdf; https://api.fda.gov/drug/label.json?search=openfda.spl_set_id%3A%220dc024ce-efc8-4690-7cb5-639c728fccac%22&limit=5; https://www.fda.gov/drugs/postmarket-drug-safety-information-patients-and-providers/valproate-information; https://www.ema.europa.eu/en/medicines/human/referrals/valproate-related-substances; https://www.medicines.org.uk/emc/product/6102/smpc; EMA valproate-related substances referral (https://www.ema.europa.eu/en/medicines/human/referrals/valproate-related-substances-0); French Public Medicines Database DEPAMIDE RCP (https://m.base-donnees-publique.medicaments.gouv.fr/rcp-63737879-9); FDA prescribing information (https://www.accessdata.fda.gov/drugsatfda_docs/label/2023/021168s044lbl.pdf)
info,fact_source_coverage,valproic acid,formulations_available,Field has non-RCT source coverage listed in evidence_sources,,,FDA Orange Book products file; https://www.accessdata.fda.gov/drugsatfda_docs/label/2023/021168s044lbl.pdf; https://api.fda.gov/drug/label.json?search=openfda.spl_set_id%3A%220dc024ce-efc8-4690-7cb5-639c728fccac%22&limit=5; https://www.fda.gov/drugs/postmarket-drug-safety-information-patients-and-providers/valproate-information; https://www.ema.europa.eu/en/medicines/human/referrals/valproate-related-substances; https://www.medicines.org.uk/emc/product/6102/smpc; EMA valproate-related substances referral (https://www.ema.europa.eu/en/medicines/human/referrals/valproate-related-substances-0); French Public Medicines Database DEPAMIDE RCP (https://m.base-donnees-publique.medicaments.gouv.fr/rcp-63737879-9); FDA prescribing information (https://www.accessdata.fda.gov/drugsatfda_docs/label/2023/021168s044lbl.pdf)
info,fact_source_coverage,valproic acid,typical_doses_per_day,Field has non-RCT source coverage listed in evidence_sources,,,FDA Orange Book products file; https://www.accessdata.fda.gov/drugsatfda_docs/label/2023/021168s044lbl.pdf; https://api.fda.gov/drug/label.json?search=openfda.spl_set_id%3A%220dc024ce-efc8-4690-7cb5-639c728fccac%22&limit=5; https://www.fda.gov/drugs/postmarket-drug-safety-information-patients-and-providers/valproate-information; https://www.ema.europa.eu/en/medicines/human/referrals/valproate-related-substances; https://www.medicines.org.uk/emc/product/6102/smpc; EMA valproate-related substances referral (https://www.ema.europa.eu/en/medicines/human/referrals/valproate-related-substances-0); French Public Medicines Database DEPAMIDE RCP (https://m.base-donnees-publique.medicaments.gouv.fr/rcp-63737879-9); FDA prescribing information (https://www.accessdata.fda.gov/drugsatfda_docs/label/2023/021168s044lbl.pdf)
info,fact_source_coverage,valproic acid,minimum_effective_dose,Field has non-RCT source coverage listed in evidence_sources,,,FDA Orange Book products file; https://www.accessdata.fda.gov/drugsatfda_docs/label/2023/021168s044lbl.pdf; https://api.fda.gov/drug/label.json?search=openfda.spl_set_id%3A%220dc024ce-efc8-4690-7cb5-639c728fccac%22&limit=5; https://www.fda.gov/drugs/postmarket-drug-safety-information-patients-and-providers/valproate-information; https://www.ema.europa.eu/en/medicines/human/referrals/valproate-related-substances; https://www.medicines.org.uk/emc/product/6102/smpc; EMA valproate-related substances referral (https://www.ema.europa.eu/en/medicines/human/referrals/valproate-related-substances-0); French Public Medicines Database DEPAMIDE RCP (https://m.base-donnees-publique.medicaments.gouv.fr/rcp-63737879-9); FDA prescribing information (https://www.accessdata.fda.gov/drugsatfda_docs/label/2023/021168s044lbl.pdf)
info,fact_source_coverage,valproic acid,maximum_approved_daily_dose,Field has non-RCT source coverage listed in evidence_sources,,,FDA Orange Book products file; https://www.accessdata.fda.gov/drugsatfda_docs/label/2023/021168s044lbl.pdf; https://api.fda.gov/drug/label.json?search=openfda.spl_set_id%3A%220dc024ce-efc8-4690-7cb5-639c728fccac%22&limit=5; https://www.fda.gov/drugs/postmarket-drug-safety-information-patients-and-providers/valproate-information; https://www.ema.europa.eu/en/medicines/human/referrals/valproate-related-substances; https://www.medicines.org.uk/emc/product/6102/smpc; EMA valproate-related substances referral (https://www.ema.europa.eu/en/medicines/human/referrals/valproate-related-substances-0); French Public Medicines Database DEPAMIDE RCP (https://m.base-donnees-publique.medicaments.gouv.fr/rcp-63737879-9); FDA prescribing information (https://www.accessdata.fda.gov/drugsatfda_docs/label/2023/021168s044lbl.pdf)
info,fact_source_coverage,valproic acid,enzyme_inducing_or_inhibiting,Field has non-RCT source coverage listed in evidence_sources,,,FDA Orange Book products file; https://www.accessdata.fda.gov/drugsatfda_docs/label/2023/021168s044lbl.pdf; https://api.fda.gov/drug/label.json?search=openfda.spl_set_id%3A%220dc024ce-efc8-4690-7cb5-639c728fccac%22&limit=5; https://www.fda.gov/drugs/postmarket-drug-safety-information-patients-and-providers/valproate-information; https://www.ema.europa.eu/en/medicines/human/referrals/valproate-related-substances; https://www.medicines.org.uk/emc/product/6102/smpc; EMA valproate-related substances referral (https://www.ema.europa.eu/en/medicines/human/referrals/valproate-related-substances-0); French Public Medicines Database DEPAMIDE RCP (https://m.base-donnees-publique.medicaments.gouv.fr/rcp-63737879-9); FDA prescribing information (https://www.accessdata.fda.gov/drugsatfda_docs/label/2023/021168s044lbl.pdf)
info,fact_source_coverage,valproic acid,qt_interval_effect,Field has non-RCT source coverage listed in evidence_sources,,,FDA Orange Book products file; https://www.accessdata.fda.gov/drugsatfda_docs/label/2023/021168s044lbl.pdf; https://api.fda.gov/drug/label.json?search=openfda.spl_set_id%3A%220dc024ce-efc8-4690-7cb5-639c728fccac%22&limit=5; https://www.fda.gov/drugs/postmarket-drug-safety-information-patients-and-providers/valproate-information; https://www.ema.europa.eu/en/medicines/human/referrals/valproate-related-substances; https://www.medicines.org.uk/emc/product/6102/smpc; EMA valproate-related substances referral (https://www.ema.europa.eu/en/medicines/human/referrals/valproate-related-substances-0); French Public Medicines Database DEPAMIDE RCP (https://m.base-donnees-publique.medicaments.gouv.fr/rcp-63737879-9); FDA prescribing information (https://www.accessdata.fda.gov/drugsatfda_docs/label/2023/021168s044lbl.pdf)
info,fact_source_coverage,valproic acid,adverse_symptoms_percentages,Field has non-RCT source coverage listed in evidence_sources,,,FDA Orange Book products file; https://www.accessdata.fda.gov/drugsatfda_docs/label/2023/021168s044lbl.pdf; https://api.fda.gov/drug/label.json?search=openfda.spl_set_id%3A%220dc024ce-efc8-4690-7cb5-639c728fccac%22&limit=5; https://www.fda.gov/drugs/postmarket-drug-safety-information-patients-and-providers/valproate-information; https://www.ema.europa.eu/en/medicines/human/referrals/valproate-related-substances; https://www.medicines.org.uk/emc/product/6102/smpc; EMA valproate-related substances referral (https://www.ema.europa.eu/en/medicines/human/referrals/valproate-related-substances-0); French Public Medicines Database DEPAMIDE RCP (https://m.base-donnees-publique.medicaments.gouv.fr/rcp-63737879-9); FDA prescribing information (https://www.accessdata.fda.gov/drugsatfda_docs/label/2023/021168s044lbl.pdf)
info,fact_source_coverage,valproic acid,year_fda_cleared,Field has non-RCT source coverage listed in evidence_sources,,,FDA Orange Book products file; https://www.accessdata.fda.gov/drugsatfda_docs/label/2023/021168s044lbl.pdf; https://api.fda.gov/drug/label.json?search=openfda.spl_set_id%3A%220dc024ce-efc8-4690-7cb5-639c728fccac%22&limit=5; https://www.fda.gov/drugs/postmarket-drug-safety-information-patients-and-providers/valproate-information; https://www.ema.europa.eu/en/medicines/human/referrals/valproate-related-substances; https://www.medicines.org.uk/emc/product/6102/smpc; EMA valproate-related substances referral (https://www.ema.europa.eu/en/medicines/human/referrals/valproate-related-substances-0); French Public Medicines Database DEPAMIDE RCP (https://m.base-donnees-publique.medicaments.gouv.fr/rcp-63737879-9); FDA prescribing information (https://www.accessdata.fda.gov/drugsatfda_docs/label/2023/021168s044lbl.pdf)
info,fact_source_coverage,valproic acid,fda_black_box_warning,Field has non-RCT source coverage listed in evidence_sources,,,FDA Orange Book products file; https://www.accessdata.fda.gov/drugsatfda_docs/label/2023/021168s044lbl.pdf; https://api.fda.gov/drug/label.json?search=openfda.spl_set_id%3A%220dc024ce-efc8-4690-7cb5-639c728fccac%22&limit=5; https://www.fda.gov/drugs/postmarket-drug-safety-information-patients-and-providers/valproate-information; https://www.ema.europa.eu/en/medicines/human/referrals/valproate-related-substances; https://www.medicines.org.uk/emc/product/6102/smpc; EMA valproate-related substances referral (https://www.ema.europa.eu/en/medicines/human/referrals/valproate-related-substances-0); French Public Medicines Database DEPAMIDE RCP (https://m.base-donnees-publique.medicaments.gouv.fr/rcp-63737879-9); FDA prescribing information (https://www.accessdata.fda.gov/drugsatfda_docs/label/2023/021168s044lbl.pdf)
info,fact_source_coverage,valproic acid,fda_black_box_warning_source,Field has non-RCT source coverage listed in evidence_sources,,,FDA Orange Book products file; https://www.accessdata.fda.gov/drugsatfda_docs/label/2023/021168s044lbl.pdf; https://api.fda.gov/drug/label.json?search=openfda.spl_set_id%3A%220dc024ce-efc8-4690-7cb5-639c728fccac%22&limit=5; https://www.fda.gov/drugs/postmarket-drug-safety-information-patients-and-providers/valproate-information; https://www.ema.europa.eu/en/medicines/human/referrals/valproate-related-substances; https://www.medicines.org.uk/emc/product/6102/smpc; EMA valproate-related substances referral (https://www.ema.europa.eu/en/medicines/human/referrals/valproate-related-substances-0); French Public Medicines Database DEPAMIDE RCP (https://m.base-donnees-publique.medicaments.gouv.fr/rcp-63737879-9); FDA prescribing information (https://www.accessdata.fda.gov/drugsatfda_docs/label/2023/021168s044lbl.pdf)
info,fact_source_coverage,valproic acid,fda_black_box_warning_verified,Field has non-RCT source coverage listed in evidence_sources,,,FDA Orange Book products file; https://www.accessdata.fda.gov/drugsatfda_docs/label/2023/021168s044lbl.pdf; https://api.fda.gov/drug/label.json?search=openfda.spl_set_id%3A%220dc024ce-efc8-4690-7cb5-639c728fccac%22&limit=5; https://www.fda.gov/drugs/postmarket-drug-safety-information-patients-and-providers/valproate-information; https://www.ema.europa.eu/en/medicines/human/referrals/valproate-related-substances; https://www.medicines.org.uk/emc/product/6102/smpc; EMA valproate-related substances referral (https://www.ema.europa.eu/en/medicines/human/referrals/valproate-related-substances-0); French Public Medicines Database DEPAMIDE RCP (https://m.base-donnees-publique.medicaments.gouv.fr/rcp-63737879-9); FDA prescribing information (https://www.accessdata.fda.gov/drugsatfda_docs/label/2023/021168s044lbl.pdf)
info,fact_source_coverage,vigabatrin,trade_names,Field has non-RCT source coverage listed in evidence_sources,,,https://www.accessdata.fda.gov/drugsatfda_docs/label/2021/020427s025%2C022006s026lbl.pdf; https://www.accessdata.fda.gov/drugsatfda_docs/label/2024/217684s000lbl.pdf; https://www.medicines.org.uk/emc/product/14629/smpc; FDA prescribing information (accessdata.fda.gov)
info,fact_source_coverage,vigabatrin,status_or_notes,Field has non-RCT source coverage listed in evidence_sources,,,https://www.accessdata.fda.gov/drugsatfda_docs/label/2021/020427s025%2C022006s026lbl.pdf; https://www.accessdata.fda.gov/drugsatfda_docs/label/2024/217684s000lbl.pdf; https://www.medicines.org.uk/emc/product/14629/smpc; FDA prescribing information (accessdata.fda.gov)
info,fact_source_coverage,vigabatrin,available_in_us,Field has non-RCT source coverage listed in evidence_sources,,,https://www.accessdata.fda.gov/drugsatfda_docs/label/2021/020427s025%2C022006s026lbl.pdf; https://www.accessdata.fda.gov/drugsatfda_docs/label/2024/217684s000lbl.pdf; https://www.medicines.org.uk/emc/product/14629/smpc; FDA prescribing information (accessdata.fda.gov)
info,fact_source_coverage,vigabatrin,epilepsy_type,Field has non-RCT source coverage listed in evidence_sources,,,https://www.accessdata.fda.gov/drugsatfda_docs/label/2021/020427s025%2C022006s026lbl.pdf; https://www.accessdata.fda.gov/drugsatfda_docs/label/2024/217684s000lbl.pdf; https://www.medicines.org.uk/emc/product/14629/smpc; FDA prescribing information (accessdata.fda.gov)
info,fact_source_coverage,vigabatrin,mechanism_of_action,Field has non-RCT source coverage listed in evidence_sources,,,https://www.accessdata.fda.gov/drugsatfda_docs/label/2021/020427s025%2C022006s026lbl.pdf; https://www.accessdata.fda.gov/drugsatfda_docs/label/2024/217684s000lbl.pdf; https://www.medicines.org.uk/emc/product/14629/smpc; FDA prescribing information (accessdata.fda.gov)
info,fact_source_coverage,vigabatrin,mechanism_source,Field has non-RCT source coverage listed in evidence_sources,,,https://www.accessdata.fda.gov/drugsatfda_docs/label/2021/020427s025%2C022006s026lbl.pdf; https://www.accessdata.fda.gov/drugsatfda_docs/label/2024/217684s000lbl.pdf; https://www.medicines.org.uk/emc/product/14629/smpc; FDA prescribing information (accessdata.fda.gov)
info,fact_source_coverage,vigabatrin,mechanism_source_tier,Field has non-RCT source coverage listed in evidence_sources,,,https://www.accessdata.fda.gov/drugsatfda_docs/label/2021/020427s025%2C022006s026lbl.pdf; https://www.accessdata.fda.gov/drugsatfda_docs/label/2024/217684s000lbl.pdf; https://www.medicines.org.uk/emc/product/14629/smpc; FDA prescribing information (accessdata.fda.gov)
info,fact_source_coverage,vigabatrin,mechanism_confidence,Field has non-RCT source coverage listed in evidence_sources,,,https://www.accessdata.fda.gov/drugsatfda_docs/label/2021/020427s025%2C022006s026lbl.pdf; https://www.accessdata.fda.gov/drugsatfda_docs/label/2024/217684s000lbl.pdf; https://www.medicines.org.uk/emc/product/14629/smpc; FDA prescribing information (accessdata.fda.gov)
info,fact_source_coverage,vigabatrin,half_life_range,Field has non-RCT source coverage listed in evidence_sources,,,https://www.accessdata.fda.gov/drugsatfda_docs/label/2021/020427s025%2C022006s026lbl.pdf; https://www.accessdata.fda.gov/drugsatfda_docs/label/2024/217684s000lbl.pdf; https://www.medicines.org.uk/emc/product/14629/smpc; FDA prescribing information (accessdata.fda.gov)
info,fact_source_coverage,vigabatrin,major_organ_for_metabolism,Field has non-RCT source coverage listed in evidence_sources,,,https://www.accessdata.fda.gov/drugsatfda_docs/label/2021/020427s025%2C022006s026lbl.pdf; https://www.accessdata.fda.gov/drugsatfda_docs/label/2024/217684s000lbl.pdf; https://www.medicines.org.uk/emc/product/14629/smpc; FDA prescribing information (accessdata.fda.gov)
info,fact_source_coverage,vigabatrin,formulations_available,Field has non-RCT source coverage listed in evidence_sources,,,https://www.accessdata.fda.gov/drugsatfda_docs/label/2021/020427s025%2C022006s026lbl.pdf; https://www.accessdata.fda.gov/drugsatfda_docs/label/2024/217684s000lbl.pdf; https://www.medicines.org.uk/emc/product/14629/smpc; FDA prescribing information (accessdata.fda.gov)
info,fact_source_coverage,vigabatrin,typical_doses_per_day,Field has non-RCT source coverage listed in evidence_sources,,,https://www.accessdata.fda.gov/drugsatfda_docs/label/2021/020427s025%2C022006s026lbl.pdf; https://www.accessdata.fda.gov/drugsatfda_docs/label/2024/217684s000lbl.pdf; https://www.medicines.org.uk/emc/product/14629/smpc; FDA prescribing information (accessdata.fda.gov)
info,fact_source_coverage,vigabatrin,minimum_effective_dose,Field has non-RCT source coverage listed in evidence_sources,,,https://www.accessdata.fda.gov/drugsatfda_docs/label/2021/020427s025%2C022006s026lbl.pdf; https://www.accessdata.fda.gov/drugsatfda_docs/label/2024/217684s000lbl.pdf; https://www.medicines.org.uk/emc/product/14629/smpc; FDA prescribing information (accessdata.fda.gov)
info,fact_source_coverage,vigabatrin,maximum_approved_daily_dose,Field has non-RCT source coverage listed in evidence_sources,,,https://www.accessdata.fda.gov/drugsatfda_docs/label/2021/020427s025%2C022006s026lbl.pdf; https://www.accessdata.fda.gov/drugsatfda_docs/label/2024/217684s000lbl.pdf; https://www.medicines.org.uk/emc/product/14629/smpc; FDA prescribing information (accessdata.fda.gov)
info,fact_source_coverage,vigabatrin,enzyme_inducing_or_inhibiting,Field has non-RCT source coverage listed in evidence_sources,,,https://www.accessdata.fda.gov/drugsatfda_docs/label/2021/020427s025%2C022006s026lbl.pdf; https://www.accessdata.fda.gov/drugsatfda_docs/label/2024/217684s000lbl.pdf; https://www.medicines.org.uk/emc/product/14629/smpc; FDA prescribing information (accessdata.fda.gov)
info,fact_source_coverage,vigabatrin,qt_interval_effect,Field has non-RCT source coverage listed in evidence_sources,,,https://www.accessdata.fda.gov/drugsatfda_docs/label/2021/020427s025%2C022006s026lbl.pdf; https://www.accessdata.fda.gov/drugsatfda_docs/label/2024/217684s000lbl.pdf; https://www.medicines.org.uk/emc/product/14629/smpc; FDA prescribing information (accessdata.fda.gov)
info,fact_source_coverage,vigabatrin,adverse_symptoms_percentages,Field has non-RCT source coverage listed in evidence_sources,,,https://www.accessdata.fda.gov/drugsatfda_docs/label/2021/020427s025%2C022006s026lbl.pdf; https://www.accessdata.fda.gov/drugsatfda_docs/label/2024/217684s000lbl.pdf; https://www.medicines.org.uk/emc/product/14629/smpc; FDA prescribing information (accessdata.fda.gov)
info,fact_source_coverage,vigabatrin,year_fda_cleared,Field has non-RCT source coverage listed in evidence_sources,,,https://www.accessdata.fda.gov/drugsatfda_docs/label/2021/020427s025%2C022006s026lbl.pdf; https://www.accessdata.fda.gov/drugsatfda_docs/label/2024/217684s000lbl.pdf; https://www.medicines.org.uk/emc/product/14629/smpc; FDA prescribing information (accessdata.fda.gov)
info,fact_source_coverage,vigabatrin,fda_black_box_warning,Field has non-RCT source coverage listed in evidence_sources,,,https://www.accessdata.fda.gov/drugsatfda_docs/label/2021/020427s025%2C022006s026lbl.pdf; https://www.accessdata.fda.gov/drugsatfda_docs/label/2024/217684s000lbl.pdf; https://www.medicines.org.uk/emc/product/14629/smpc; FDA prescribing information (accessdata.fda.gov)
info,fact_source_coverage,vigabatrin,fda_black_box_warning_source,Field has non-RCT source coverage listed in evidence_sources,,,https://www.accessdata.fda.gov/drugsatfda_docs/label/2021/020427s025%2C022006s026lbl.pdf; https://www.accessdata.fda.gov/drugsatfda_docs/label/2024/217684s000lbl.pdf; https://www.medicines.org.uk/emc/product/14629/smpc; FDA prescribing information (accessdata.fda.gov)
info,fact_source_coverage,vigabatrin,fda_black_box_warning_verified,Field has non-RCT source coverage listed in evidence_sources,,,https://www.accessdata.fda.gov/drugsatfda_docs/label/2021/020427s025%2C022006s026lbl.pdf; https://www.accessdata.fda.gov/drugsatfda_docs/label/2024/217684s000lbl.pdf; https://www.medicines.org.uk/emc/product/14629/smpc; FDA prescribing information (accessdata.fda.gov)
info,fact_source_coverage,zonisamide,trade_names,Field has non-RCT source coverage listed in evidence_sources,,,https://www.accessdata.fda.gov/drugsatfda_docs/label/2022/214273s000lbl.pdf; https://www.accessdata.fda.gov/drugsatfda_docs/label/2000/20789lbl.pdf; FDA prescribing information (https://www.accessdata.fda.gov/drugsatfda_docs/label/2022/214273s000lbl.pdf)
info,fact_source_coverage,zonisamide,status_or_notes,Field has non-RCT source coverage listed in evidence_sources,,,https://www.accessdata.fda.gov/drugsatfda_docs/label/2022/214273s000lbl.pdf; https://www.accessdata.fda.gov/drugsatfda_docs/label/2000/20789lbl.pdf; FDA prescribing information (https://www.accessdata.fda.gov/drugsatfda_docs/label/2022/214273s000lbl.pdf)
info,fact_source_coverage,zonisamide,available_in_us,Field has non-RCT source coverage listed in evidence_sources,,,https://www.accessdata.fda.gov/drugsatfda_docs/label/2022/214273s000lbl.pdf; https://www.accessdata.fda.gov/drugsatfda_docs/label/2000/20789lbl.pdf; FDA prescribing information (https://www.accessdata.fda.gov/drugsatfda_docs/label/2022/214273s000lbl.pdf)
info,fact_source_coverage,zonisamide,epilepsy_type,Field has non-RCT source coverage listed in evidence_sources,,,https://www.accessdata.fda.gov/drugsatfda_docs/label/2022/214273s000lbl.pdf; https://www.accessdata.fda.gov/drugsatfda_docs/label/2000/20789lbl.pdf; FDA prescribing information (https://www.accessdata.fda.gov/drugsatfda_docs/label/2022/214273s000lbl.pdf)
info,fact_source_coverage,zonisamide,mechanism_of_action,Field has non-RCT source coverage listed in evidence_sources,,,https://www.accessdata.fda.gov/drugsatfda_docs/label/2022/214273s000lbl.pdf; https://www.accessdata.fda.gov/drugsatfda_docs/label/2000/20789lbl.pdf; FDA prescribing information (https://www.accessdata.fda.gov/drugsatfda_docs/label/2022/214273s000lbl.pdf)
info,fact_source_coverage,zonisamide,mechanism_source,Field has non-RCT source coverage listed in evidence_sources,,,https://www.accessdata.fda.gov/drugsatfda_docs/label/2022/214273s000lbl.pdf; https://www.accessdata.fda.gov/drugsatfda_docs/label/2000/20789lbl.pdf; FDA prescribing information (https://www.accessdata.fda.gov/drugsatfda_docs/label/2022/214273s000lbl.pdf)
info,fact_source_coverage,zonisamide,mechanism_source_tier,Field has non-RCT source coverage listed in evidence_sources,,,https://www.accessdata.fda.gov/drugsatfda_docs/label/2022/214273s000lbl.pdf; https://www.accessdata.fda.gov/drugsatfda_docs/label/2000/20789lbl.pdf; FDA prescribing information (https://www.accessdata.fda.gov/drugsatfda_docs/label/2022/214273s000lbl.pdf)
info,fact_source_coverage,zonisamide,mechanism_confidence,Field has non-RCT source coverage listed in evidence_sources,,,https://www.accessdata.fda.gov/drugsatfda_docs/label/2022/214273s000lbl.pdf; https://www.accessdata.fda.gov/drugsatfda_docs/label/2000/20789lbl.pdf; FDA prescribing information (https://www.accessdata.fda.gov/drugsatfda_docs/label/2022/214273s000lbl.pdf)
info,fact_source_coverage,zonisamide,half_life_range,Field has non-RCT source coverage listed in evidence_sources,,,https://www.accessdata.fda.gov/drugsatfda_docs/label/2022/214273s000lbl.pdf; https://www.accessdata.fda.gov/drugsatfda_docs/label/2000/20789lbl.pdf; FDA prescribing information (https://www.accessdata.fda.gov/drugsatfda_docs/label/2022/214273s000lbl.pdf)
info,fact_source_coverage,zonisamide,major_organ_for_metabolism,Field has non-RCT source coverage listed in evidence_sources,,,https://www.accessdata.fda.gov/drugsatfda_docs/label/2022/214273s000lbl.pdf; https://www.accessdata.fda.gov/drugsatfda_docs/label/2000/20789lbl.pdf; FDA prescribing information (https://www.accessdata.fda.gov/drugsatfda_docs/label/2022/214273s000lbl.pdf)
info,fact_source_coverage,zonisamide,formulations_available,Field has non-RCT source coverage listed in evidence_sources,,,https://www.accessdata.fda.gov/drugsatfda_docs/label/2022/214273s000lbl.pdf; https://www.accessdata.fda.gov/drugsatfda_docs/label/2000/20789lbl.pdf; FDA prescribing information (https://www.accessdata.fda.gov/drugsatfda_docs/label/2022/214273s000lbl.pdf)
info,fact_source_coverage,zonisamide,typical_doses_per_day,Field has non-RCT source coverage listed in evidence_sources,,,https://www.accessdata.fda.gov/drugsatfda_docs/label/2022/214273s000lbl.pdf; https://www.accessdata.fda.gov/drugsatfda_docs/label/2000/20789lbl.pdf; FDA prescribing information (https://www.accessdata.fda.gov/drugsatfda_docs/label/2022/214273s000lbl.pdf)
info,fact_source_coverage,zonisamide,minimum_effective_dose,Field has non-RCT source coverage listed in evidence_sources,,,https://www.accessdata.fda.gov/drugsatfda_docs/label/2022/214273s000lbl.pdf; https://www.accessdata.fda.gov/drugsatfda_docs/label/2000/20789lbl.pdf; FDA prescribing information (https://www.accessdata.fda.gov/drugsatfda_docs/label/2022/214273s000lbl.pdf)
info,fact_source_coverage,zonisamide,maximum_approved_daily_dose,Field has non-RCT source coverage listed in evidence_sources,,,https://www.accessdata.fda.gov/drugsatfda_docs/label/2022/214273s000lbl.pdf; https://www.accessdata.fda.gov/drugsatfda_docs/label/2000/20789lbl.pdf; FDA prescribing information (https://www.accessdata.fda.gov/drugsatfda_docs/label/2022/214273s000lbl.pdf)
info,fact_source_coverage,zonisamide,enzyme_inducing_or_inhibiting,Field has non-RCT source coverage listed in evidence_sources,,,https://www.accessdata.fda.gov/drugsatfda_docs/label/2022/214273s000lbl.pdf; https://www.accessdata.fda.gov/drugsatfda_docs/label/2000/20789lbl.pdf; FDA prescribing information (https://www.accessdata.fda.gov/drugsatfda_docs/label/2022/214273s000lbl.pdf)
info,fact_source_coverage,zonisamide,qt_interval_effect,Field has non-RCT source coverage listed in evidence_sources,,,https://www.accessdata.fda.gov/drugsatfda_docs/label/2022/214273s000lbl.pdf; https://www.accessdata.fda.gov/drugsatfda_docs/label/2000/20789lbl.pdf; FDA prescribing information (https://www.accessdata.fda.gov/drugsatfda_docs/label/2022/214273s000lbl.pdf)
info,fact_source_coverage,zonisamide,adverse_symptoms_percentages,Field has non-RCT source coverage listed in evidence_sources,,,https://www.accessdata.fda.gov/drugsatfda_docs/label/2022/214273s000lbl.pdf; https://www.accessdata.fda.gov/drugsatfda_docs/label/2000/20789lbl.pdf; FDA prescribing information (https://www.accessdata.fda.gov/drugsatfda_docs/label/2022/214273s000lbl.pdf)
info,fact_source_coverage,zonisamide,year_fda_cleared,Field has non-RCT source coverage listed in evidence_sources,,,https://www.accessdata.fda.gov/drugsatfda_docs/label/2022/214273s000lbl.pdf; https://www.accessdata.fda.gov/drugsatfda_docs/label/2000/20789lbl.pdf; FDA prescribing information (https://www.accessdata.fda.gov/drugsatfda_docs/label/2022/214273s000lbl.pdf)
info,fact_source_coverage,zonisamide,fda_black_box_warning,Field has non-RCT source coverage listed in evidence_sources,,,https://www.accessdata.fda.gov/drugsatfda_docs/label/2022/214273s000lbl.pdf; https://www.accessdata.fda.gov/drugsatfda_docs/label/2000/20789lbl.pdf; FDA prescribing information (https://www.accessdata.fda.gov/drugsatfda_docs/label/2022/214273s000lbl.pdf)
info,fact_source_coverage,zonisamide,fda_black_box_warning_source,Field has non-RCT source coverage listed in evidence_sources,,,https://www.accessdata.fda.gov/drugsatfda_docs/label/2022/214273s000lbl.pdf; https://www.accessdata.fda.gov/drugsatfda_docs/label/2000/20789lbl.pdf; FDA prescribing information (https://www.accessdata.fda.gov/drugsatfda_docs/label/2022/214273s000lbl.pdf)
info,fact_source_coverage,zonisamide,fda_black_box_warning_verified,Field has non-RCT source coverage listed in evidence_sources,,,https://www.accessdata.fda.gov/drugsatfda_docs/label/2022/214273s000lbl.pdf; https://www.accessdata.fda.gov/drugsatfda_docs/label/2000/20789lbl.pdf; FDA prescribing information (https://www.accessdata.fda.gov/drugsatfda_docs/label/2022/214273s000lbl.pdf)
info,mechanism_review,acetazolamide,mechanism_of_action,MOA row has mechanism-specific source tier and confidence annotation,,,FDA Drugs@FDA/accessdata labeling
info,mechanism_review,barbexaclone,mechanism_of_action,MOA row has mechanism-specific source tier and confidence annotation,,,Swiss Maliasin Fachinformation Swissmedic no. 31862 (https://ch.oddb.org/de/gcc/fachinfo/reg/31862)
info,mechanism_review,brivaracetam,mechanism_of_action,MOA row has mechanism-specific source tier and confidence annotation,,,FDA/Drugs@FDA labeling
info,mechanism_review,cannabidiol,mechanism_of_action,MOA row has mechanism-specific source tier and confidence annotation,,,"FDA-approved labeling for Epidiolex, section 12.1 Clinical Pharmacology / Mechanism of Action"
info,mechanism_review,carbamazepine,mechanism_of_action,MOA row has mechanism-specific source tier and confidence annotation,,,FDA prescribing information (https://www.accessdata.fda.gov/drugsatfda_docs/label/2022/021710s018lbl.pdf)
info,mechanism_review,cenobamate,mechanism_of_action,MOA row has mechanism-specific source tier and confidence annotation,,,FDA label (Xcopri Prescribing Information)
info,mechanism_review,clobazam,mechanism_of_action,MOA row has mechanism-specific source tier and confidence annotation,,,FDA accessdata labeling
info,mechanism_review,clonazepam,mechanism_of_action,MOA row has mechanism-specific source tier and confidence annotation,,,FDA Klonopin prescribing information (https://www.accessdata.fda.gov/drugsatfda_docs/label/2023/017533s062lbl.pdf)
info,mechanism_review,clorazepate dipotassium,mechanism_of_action,MOA row has mechanism-specific source tier and confidence annotation,,,FDA prescribing information (https://www.accessdata.fda.gov/drugsatfda_docs/label/2023/017105s085lbl.pdf)
info,mechanism_review,diazepam,mechanism_of_action,MOA row has mechanism-specific source tier and confidence annotation,,,FDA/accessdata labeling
info,mechanism_review,eslicarbazepine acetate,mechanism_of_action,MOA row has mechanism-specific source tier and confidence annotation,,,FDA/accessdata labeling
info,mechanism_review,ethosuximide,mechanism_of_action,MOA row has mechanism-specific source tier and confidence annotation,,,FDA-approved labeling
info,mechanism_review,ethotoin,mechanism_of_action,MOA row has mechanism-specific source tier and confidence annotation,,,FDA Peganone (ethotoin) labeling (accessdata.fda.gov; NDA010841/S-022)
info,mechanism_review,everolimus,mechanism_of_action,MOA row has mechanism-specific source tier and confidence annotation,,,FDA/accessdata AFINITOR/AFINITOR DISPERZ labeling
info,mechanism_review,ezogabine,mechanism_of_action,MOA row has mechanism-specific source tier and confidence annotation,,,EMA Trobalt withdrawal page
info,mechanism_review,felbamate,mechanism_of_action,MOA row has mechanism-specific source tier and confidence annotation,,,FDA prescribing information (https://www.accessdata.fda.gov/drugsatfda_docs/label/2012/020189s027lbl.pdf)
info,mechanism_review,fenfluramine,mechanism_of_action,MOA row has mechanism-specific source tier and confidence annotation,,,FDA prescribing information (https://www.accessdata.fda.gov/drugsatfda_docs/label/2025/212102s016lbl.pdf)
info,mechanism_review,fosphenytoin,mechanism_of_action,MOA row has mechanism-specific source tier and confidence annotation,,,FDA/accessdata CEREBYX prescribing information
info,mechanism_review,gabapentin,mechanism_of_action,MOA row has mechanism-specific source tier and confidence annotation,,,FDA-approved Neurontin prescribing information (accessdata.fda.gov)
info,mechanism_review,ganaxolone,mechanism_of_action,MOA row has mechanism-specific source tier and confidence annotation,,,FDA prescribing information (Drugs@FDA/accessdata)
info,mechanism_review,lacosamide,mechanism_of_action,MOA row has mechanism-specific source tier and confidence annotation,,,FDA prescribing information (https://www.accessdata.fda.gov/drugsatfda_docs/label/2024/216185s001lbl.pdf)
info,mechanism_review,lamotrigine,mechanism_of_action,MOA row has mechanism-specific source tier and confidence annotation,,,FDA prescribing information (https://www.accessdata.fda.gov/drugsatfda_docs/label/2025/020241s068s069%2C020764s061s062%2C022251s032s033lbl.pdf)
info,mechanism_review,levetiracetam,mechanism_of_action,MOA row has mechanism-specific source tier and confidence annotation,,,FDA prescribing information (https://www.accessdata.fda.gov/drugsatfda_docs/label/2024/021035s115%2C021505s053lbl.pdf)
info,mechanism_review,lorazepam,mechanism_of_action,MOA row has mechanism-specific source tier and confidence annotation,,,FDA Ativan Injection prescribing information (https://www.accessdata.fda.gov/drugsatfda_docs/label/2023/018140s051lbl.pdf)
info,mechanism_review,mephenytoin,mechanism_of_action,MOA row has mechanism-specific source tier and confidence annotation,,,FDA Orange Book products file
info,mechanism_review,metharbital,mechanism_of_action,MOA row has mechanism-specific source tier and confidence annotation,,,FDA Orange Book products file
info,mechanism_review,methsuximide,mechanism_of_action,MOA row has mechanism-specific source tier and confidence annotation,,,FDA Drugs@FDA/accessdata labeling; FDA/openFDA labeling
info,mechanism_review,methylphenobarbital,mechanism_of_action,MOA row has mechanism-specific source tier and confidence annotation,,,HALMED Phemiton 200 mg SmPC (https://halmed.hr/upl/lijekovi/SPC/Phemiton-200-mg-tablete-SPC.pdf)
info,mechanism_review,midazolam,mechanism_of_action,MOA row has mechanism-specific source tier and confidence annotation,,,FDA NAYZILAM label; FDA SEIZALAM label; FDA midazolam injection label
info,mechanism_review,oxcarbazepine,mechanism_of_action,MOA row has mechanism-specific source tier and confidence annotation,,,FDA prescribing information (https://www.accessdata.fda.gov/drugsatfda_docs/label/2018/202810s010lbl.pdf)
info,mechanism_review,paramethadione,mechanism_of_action,MOA row has mechanism-specific source tier and confidence annotation,,,FDA Orange Book products file
info,mechanism_review,perampanel,mechanism_of_action,MOA row has mechanism-specific source tier and confidence annotation,,,FDA/Drugs@FDA labeling
info,mechanism_review,phenacemide,mechanism_of_action,MOA row has mechanism-specific source tier and confidence annotation,,,FDA Orange Book products file
info,mechanism_review,phenobarbital,mechanism_of_action,MOA row has mechanism-specific source tier and confidence annotation,,,FDA prescribing information (https://www.accessdata.fda.gov/drugsatfda_docs/label/2022/215910s000lbl.pdf)
info,mechanism_review,phensuximide,mechanism_of_action,MOA row has mechanism-specific source tier and confidence annotation,,,FDA Orange Book products file
info,mechanism_review,phenytoin,mechanism_of_action,MOA row has mechanism-specific source tier and confidence annotation,,,FDA prescribing information (https://www.accessdata.fda.gov/drugsatfda_docs/label/2022/084349s088lbl.pdf)
info,mechanism_review,piracetam,mechanism_of_action,MOA row has mechanism-specific source tier and confidence annotation,,,UK eMC SmPC labeling
info,mechanism_review,potassium bromide,mechanism_of_action,MOA row has mechanism-specific source tier and confidence annotation,,,Desitin Kaliumbromid DESITIN 850 mg Fachinformation (https://www.desitin.de/wp-content/uploads/2020/01/Kaliumbromid-DESITIN-850-mg-Tabletten.pdf)
info,mechanism_review,pregabalin,mechanism_of_action,MOA row has mechanism-specific source tier and confidence annotation,,,FDA prescribing information (https://www.accessdata.fda.gov/drugsatfda_docs/label/2016/021446s030%2C022488s010lbl.pdf)
info,mechanism_review,primidone,mechanism_of_action,MOA row has mechanism-specific source tier and confidence annotation,,,FDA prescribing information (https://www.accessdata.fda.gov/drugsatfda_docs/label/2020/009170Orig1s040lbl.pdf)
info,mechanism_review,progabide,mechanism_of_action,MOA row has mechanism-specific source tier and confidence annotation,,,Lloyd et al. 1982 primary GABA-receptor pharmacology study (https://pubmed.ncbi.nlm.nih.gov/6121050/)
info,mechanism_review,repository corticotropin,mechanism_of_action,MOA row has mechanism-specific source tier and confidence annotation,,,"FDA Acthar Gel label, NDA 008372/S-074, section 12.1 Mechanism of Action (https://www.accessdata.fda.gov/drugsatfda_docs/label/2024/008372s074lbl.pdf)"
info,mechanism_review,rufinamide,mechanism_of_action,MOA row has mechanism-specific source tier and confidence annotation,,,FDA Banzel prescribing information
info,mechanism_review,stiripentol,mechanism_of_action,MOA row has mechanism-specific source tier and confidence annotation,,,"FDA prescribing information (accessdata.fda.gov label 207223s006lbl, revised 04/2026)"
info,mechanism_review,sultiame,mechanism_of_action,MOA row has mechanism-specific source tier and confidence annotation,,,UK eMC SmPC labeling; Sulthiame sodium-current mechanism study
info,mechanism_review,tiagabine,mechanism_of_action,MOA row has mechanism-specific source tier and confidence annotation,,,FDA labeling
info,mechanism_review,topiramate,mechanism_of_action,MOA row has mechanism-specific source tier and confidence annotation,,,FDA TOPAMAX prescribing information (Drugs@FDA label)
info,mechanism_review,trimethadione,mechanism_of_action,MOA row has mechanism-specific source tier and confidence annotation,,,FDA accessdata Tridione label (Description/Clinical Pharmacology)
info,mechanism_review,valproic acid,mechanism_of_action,MOA row has mechanism-specific source tier and confidence annotation,,,FDA prescribing information (https://www.accessdata.fda.gov/drugsatfda_docs/label/2023/021168s044lbl.pdf)
info,mechanism_review,vigabatrin,mechanism_of_action,MOA row has mechanism-specific source tier and confidence annotation,,,FDA prescribing information (accessdata.fda.gov)
info,mechanism_review,zonisamide,mechanism_of_action,MOA row has mechanism-specific source tier and confidence annotation,,,FDA prescribing information (https://www.accessdata.fda.gov/drugsatfda_docs/label/2022/214273s000lbl.pdf)
info,fda_boxed_warning_review,acetazolamide,fda_black_box_warning,FDA boxed-warning field uses primary FDA/accessdata/openFDA evidence,,,FDA/openFDA drug label API; status=no_boxed_warning_in_selected_fda_label; spl_set_id=4dd56001-4941-4ff0-9f30-02a1bcc4fe7e; effective_time=20260410; title=Acetazolamide / ACETAZOLAMIDE; api_url=https://api.fda.gov/drug/label.json?search=openfda.generic_name%3A%22acetazolamide+sodium%22+OR+openfda.brand_name%3A%22acetazolamide+sodium%22+OR+openfda.substance_name%3A%22acetazolamide+sodium%22&limit=10
info,fda_boxed_warning_review,barbexaclone,fda_black_box_warning,FDA boxed-warning field uses primary FDA/accessdata/openFDA evidence,,,FDA/openFDA label API search on 07-12-2026: no current FDA label found for terms [barbexaclone; barbesaclone; barbexaclonum; Maliasin].
info,fda_boxed_warning_review,brivaracetam,fda_black_box_warning,FDA boxed-warning field uses primary FDA/accessdata/openFDA evidence,,,FDA/openFDA drug label API; status=no_boxed_warning_in_selected_fda_label; spl_set_id=3cf2f439-0e97-443e-8e33-25ecef616f6c; effective_time=20260513; title=Briviact / BRIVARACETAM; api_url=https://api.fda.gov/drug/label.json?search=openfda.spl_set_id%3A%223cf2f439-0e97-443e-8e33-25ecef616f6c%22&limit=5
info,fda_boxed_warning_review,cannabidiol,fda_black_box_warning,FDA boxed-warning field uses primary FDA/accessdata/openFDA evidence,,,FDA/openFDA drug label API; status=no_boxed_warning_in_selected_fda_label; spl_set_id=8bf27097-4870-43fb-94f0-f3d0871d1eec; effective_time=20260529; title=Epidiolex / CANNABIDIOL; api_url=https://api.fda.gov/drug/label.json?search=openfda.spl_set_id%3A%228bf27097-4870-43fb-94f0-f3d0871d1eec%22&limit=5
info,fda_boxed_warning_review,carbamazepine,fda_black_box_warning,FDA boxed-warning field uses primary FDA/accessdata/openFDA evidence,,,FDA/openFDA drug label API; status=boxed_warning_found; spl_set_id=bc03e499-5bac-4293-bff4-6864153a624d; effective_time=20250627; title=Carbatrol / CARBAMAZEPINE; api_url=https://api.fda.gov/drug/label.json?search=openfda.spl_set_id%3A%22bc03e499-5bac-4293-bff4-6864153a624d%22&limit=5
info,fda_boxed_warning_review,cenobamate,fda_black_box_warning,FDA boxed-warning field uses primary FDA/accessdata/openFDA evidence,,,FDA/openFDA drug label API; status=no_boxed_warning_in_selected_fda_label; spl_set_id=565c2126-57ae-4e29-b443-723bbe7e2072; effective_time=20250925; title=Xcopri; Xcopri Maintenance Pack; Xcopri Titration Pack / CENOBAMATE; api_url=https://api.fda.gov/drug/label.json?search=openfda.spl_set_id%3A%22565c2126-57ae-4e29-b443-723bbe7e2072%22&limit=5
info,fda_boxed_warning_review,clobazam,fda_black_box_warning,FDA boxed-warning field uses primary FDA/accessdata/openFDA evidence,,,FDA/openFDA drug label API; status=boxed_warning_found; spl_set_id=de03bd69-2dca-459c-93b4-541fd3e9571c; effective_time=20240312; title=Onfi / CLOBAZAM; api_url=https://api.fda.gov/drug/label.json?search=openfda.spl_set_id%3A%22de03bd69-2dca-459c-93b4-541fd3e9571c%22&limit=5
info,fda_boxed_warning_review,clonazepam,fda_black_box_warning,FDA boxed-warning field uses primary FDA/accessdata/openFDA evidence,,,FDA/openFDA drug label API; status=boxed_warning_found; spl_set_id=cfa0d79a-843c-4b88-95a1-e9511d649ca1; effective_time=20251201; title=Klonopin / CLONAZEPAM; api_url=https://api.fda.gov/drug/label.json?search=openfda.spl_set_id%3A%22cfa0d79a-843c-4b88-95a1-e9511d649ca1%22&limit=5
info,fda_boxed_warning_review,clorazepate dipotassium,fda_black_box_warning,FDA boxed-warning field uses primary FDA/accessdata/openFDA evidence,,,FDA/openFDA drug label API; status=boxed_warning_found; spl_set_id=919cbd07-f587-4005-acff-26213dd1d1fb; effective_time=20260325; title=CLORAZEPATE DIPOTASSIUM / CLORAZEPATE DIPOTASSIUM; api_url=https://api.fda.gov/drug/label.json?search=openfda.spl_set_id%3A%22919cbd07-f587-4005-acff-26213dd1d1fb%22&limit=5
info,fda_boxed_warning_review,diazepam,fda_black_box_warning,FDA boxed-warning field uses primary FDA/accessdata/openFDA evidence,,,FDA/openFDA drug label API; status=boxed_warning_found; api_url=https://api.fda.gov/drug/label.json?search=openfda.generic_name%3A%22diazepam%22+OR+openfda.brand_name%3A%22diazepam%22+OR+openfda.substance_name%3A%22diazepam%22&limit=10
info,fda_boxed_warning_review,eslicarbazepine acetate,fda_black_box_warning,FDA boxed-warning field uses primary FDA/accessdata/openFDA evidence,,,FDA/openFDA drug label API; status=no_boxed_warning_in_selected_fda_label; spl_set_id=3d0c9554-eaeb-4694-8089-00133fcadce3; effective_time=20231110; title=Aptiom / ESLICARBAZEPINE ACETATE; api_url=https://api.fda.gov/drug/label.json?search=openfda.spl_set_id%3A%223d0c9554-eaeb-4694-8089-00133fcadce3%22&limit=5
info,fda_boxed_warning_review,ethosuximide,fda_black_box_warning,FDA boxed-warning field uses primary FDA/accessdata/openFDA evidence,,,FDA/openFDA drug label API; status=no_boxed_warning_in_selected_fda_label; spl_set_id=0e008f33-70a1-4bc6-b3a0-d45214418ab6; effective_time=20260525; title=Zarontin / ETHOSUXIMIDE; api_url=https://api.fda.gov/drug/label.json?search=openfda.spl_set_id%3A%220e008f33-70a1-4bc6-b3a0-d45214418ab6%22&limit=5
info,fda_boxed_warning_review,ethotoin,fda_black_box_warning,FDA boxed-warning field uses primary FDA/accessdata/openFDA evidence,,,FDA/openFDA label API search on 07-12-2026: no current FDA label found for terms [ethotoin; Peganone].
info,fda_boxed_warning_review,everolimus,fda_black_box_warning,FDA boxed-warning field uses primary FDA/accessdata/openFDA evidence,,,FDA/openFDA drug label API; status=boxed_warning_found; spl_set_id=43ef3c29-0e25-4fdd-aea1-06a20af9bbab; effective_time=20260226; title=everolimus / EVEROLIMUS; api_url=https://api.fda.gov/drug/label.json?search=openfda.spl_set_id%3A%2243ef3c29-0e25-4fdd-aea1-06a20af9bbab%22&limit=5
info,fda_boxed_warning_review,ezogabine,fda_black_box_warning,FDA boxed-warning field uses primary FDA/accessdata/openFDA evidence,,,FDA/openFDA label API search on 07-12-2026: no current FDA label found for terms [ezogabine; retigabine; Potiga; Trobalt].
info,fda_boxed_warning_review,felbamate,fda_black_box_warning,FDA boxed-warning field uses primary FDA/accessdata/openFDA evidence,,,FDA/openFDA drug label API; status=boxed_warning_found; spl_set_id=2f522701-397a-11de-8a39-0800200c9a66; effective_time=20250815; title=Felbatol / FELBAMATE; api_url=https://api.fda.gov/drug/label.json?search=openfda.spl_set_id%3A%222f522701-397a-11de-8a39-0800200c9a66%22&limit=5
info,fda_boxed_warning_review,fenfluramine,fda_black_box_warning,FDA boxed-warning field uses primary FDA/accessdata/openFDA evidence,,,FDA/openFDA drug label API; status=boxed_warning_found; spl_set_id=e88f360e-33ad-4cd6-b2de-5ef885857c5d; effective_time=20251027; title=Fintepla / FENFLURAMINE; api_url=https://api.fda.gov/drug/label.json?search=openfda.spl_set_id%3A%22e88f360e-33ad-4cd6-b2de-5ef885857c5d%22&limit=5
info,fda_boxed_warning_review,fosphenytoin,fda_black_box_warning,FDA boxed-warning field uses primary FDA/accessdata/openFDA evidence,,,FDA/openFDA drug label API; status=boxed_warning_found; spl_set_id=d4c36fad-0ba2-4cd4-9c5e-dcf843f38a5a; effective_time=20250828; title=CEREBYX / FOSPHENYTOIN SODIUM; api_url=https://api.fda.gov/drug/label.json?search=openfda.spl_set_id%3A%22d4c36fad-0ba2-4cd4-9c5e-dcf843f38a5a%22&limit=5
info,fda_boxed_warning_review,gabapentin,fda_black_box_warning,FDA boxed-warning field uses primary FDA/accessdata/openFDA evidence,,,FDA/openFDA drug label API; status=no_boxed_warning_in_selected_fda_label; spl_set_id=466273b1-c9fc-3930-c94b-aa11394d5140; effective_time=20250501; title=Gralise / GABAPENTIN; api_url=https://api.fda.gov/drug/label.json?search=openfda.generic_name%3A%22Gralise%22+OR+openfda.brand_name%3A%22Gralise%22+OR+openfda.substance_name%3A%22Gralise%22&limit=10
info,fda_boxed_warning_review,ganaxolone,fda_black_box_warning,FDA boxed-warning field uses primary FDA/accessdata/openFDA evidence,,,FDA/openFDA drug label API; status=no_boxed_warning_in_selected_fda_label; spl_set_id=d91612c4-b03a-4be4-a1ee-6a13e3b83d4e; effective_time=20251128; title=ZTALMY / GANAXOLONE; api_url=https://api.fda.gov/drug/label.json?search=openfda.spl_set_id%3A%22d91612c4-b03a-4be4-a1ee-6a13e3b83d4e%22&limit=5
info,fda_boxed_warning_review,lacosamide,fda_black_box_warning,FDA boxed-warning field uses primary FDA/accessdata/openFDA evidence,,,FDA/openFDA drug label API; status=no_boxed_warning_in_selected_fda_label; spl_set_id=fb8235b4-4cd3-6f22-e053-6294a90a545c; effective_time=20250716; title=MOTPOLY XR / LACOSAMIDE; api_url=https://api.fda.gov/drug/label.json?search=openfda.generic_name%3A%22Motpoly+XR%22+OR+openfda.brand_name%3A%22Motpoly+XR%22+OR+openfda.substance_name%3A%22Motpoly+XR%22&limit=10
info,fda_boxed_warning_review,lamotrigine,fda_black_box_warning,FDA boxed-warning field uses primary FDA/accessdata/openFDA evidence,,,FDA/openFDA drug label API; status=boxed_warning_found; spl_set_id=d7e3572d-56fe-4727-2bb4-013ccca22678; effective_time=20251010; title=LAMICTAL; LAMICTAL ODT / LAMOTRIGINE; api_url=https://api.fda.gov/drug/label.json?search=openfda.spl_set_id%3A%22d7e3572d-56fe-4727-2bb4-013ccca22678%22&limit=5
info,fda_boxed_warning_review,levetiracetam,fda_black_box_warning,FDA boxed-warning field uses primary FDA/accessdata/openFDA evidence,,,FDA/openFDA drug label API; status=no_boxed_warning_in_selected_fda_label; spl_set_id=2919e43b-69a8-434c-a2d2-1f3ecd7554c0; effective_time=20250624; title=Keppra XR / LEVETIRACETAM; api_url=https://api.fda.gov/drug/label.json?search=openfda.spl_set_id%3A%222919e43b-69a8-434c-a2d2-1f3ecd7554c0%22&limit=5
info,fda_boxed_warning_review,lorazepam,fda_black_box_warning,FDA boxed-warning field uses primary FDA/accessdata/openFDA evidence,,,FDA/openFDA drug label API; status=boxed_warning_found; api_url=https://api.fda.gov/drug/label.json?search=openfda.generic_name%3A%22Ativan%22+OR+openfda.brand_name%3A%22Ativan%22+OR+openfda.substance_name%3A%22Ativan%22&limit=10
info,fda_boxed_warning_review,mephenytoin,fda_black_box_warning,FDA boxed-warning field uses primary FDA/accessdata/openFDA evidence,,,FDA/openFDA label API search on 07-12-2026: no current FDA label found for terms [mephenytoin; Mesantoin].
info,fda_boxed_warning_review,metharbital,fda_black_box_warning,FDA boxed-warning field uses primary FDA/accessdata/openFDA evidence,,,FDA/openFDA label API search on 07-12-2026: no current FDA label found for terms [metharbital; Gemonil].
info,fda_boxed_warning_review,methsuximide,fda_black_box_warning,FDA boxed-warning field uses primary FDA/accessdata/openFDA evidence,,,FDA/openFDA drug label API; status=no_boxed_warning_in_selected_fda_label; spl_set_id=64a6ee88-c6b1-4e13-8208-b6772ef65a74; effective_time=20260407; title=Celontin / METHSUXIMIDE; api_url=https://api.fda.gov/drug/label.json?search=openfda.spl_set_id%3A%2264a6ee88-c6b1-4e13-8208-b6772ef65a74%22&limit=5
info,fda_boxed_warning_review,methylphenobarbital,fda_black_box_warning,FDA boxed-warning field uses primary FDA/accessdata/openFDA evidence,,,FDA/openFDA label API search on 07-12-2026: no current FDA label found for terms [methylphenobarbital; mephobarbital; mephobarbitone; methylphenobarbitone; metilfenobarbital; Mebaral; Mephyltaletten; Phemiton; Prominal].
info,fda_boxed_warning_review,midazolam,fda_black_box_warning,FDA boxed-warning field uses primary FDA/accessdata/openFDA evidence,,,FDA/openFDA drug label API; status=boxed_warning_found; spl_set_id=2b29422e-54d5-4a49-8522-e9cf752368c3; effective_time=20230119; title=Nayzilam / MIDAZOLAM; api_url=https://api.fda.gov/drug/label.json?search=openfda.spl_set_id%3A%222b29422e-54d5-4a49-8522-e9cf752368c3%22&limit=5
info,fda_boxed_warning_review,oxcarbazepine,fda_black_box_warning,FDA boxed-warning field uses primary FDA/accessdata/openFDA evidence,,,FDA/openFDA drug label API; status=no_boxed_warning_in_selected_fda_label; spl_set_id=aa610e56-1d1d-11e1-8bc2-0800200c9a66; effective_time=20251022; title=OXTELLAR XR / OXCARBAZEPINE; api_url=https://api.fda.gov/drug/label.json?search=openfda.spl_set_id%3A%22aa610e56-1d1d-11e1-8bc2-0800200c9a66%22&limit=5
info,fda_boxed_warning_review,paramethadione,fda_black_box_warning,FDA boxed-warning field uses primary FDA/accessdata/openFDA evidence,,,FDA/openFDA label API search on 07-12-2026: no current FDA label found for terms [paramethadione; Paradione].
info,fda_boxed_warning_review,perampanel,fda_black_box_warning,FDA boxed-warning field uses primary FDA/accessdata/openFDA evidence,,,FDA/openFDA drug label API; status=boxed_warning_found; spl_set_id=ec812ea3-de3a-4271-957c-db8f692d1ae3; effective_time=20240105; title=Fycompa / PERAMPANEL; api_url=https://api.fda.gov/drug/label.json?search=openfda.generic_name%3A%22perampanel%22+OR+openfda.brand_name%3A%22perampanel%22+OR+openfda.substance_name%3A%22perampanel%22&limit=10
info,fda_boxed_warning_review,phenacemide,fda_black_box_warning,FDA boxed-warning field uses primary FDA/accessdata/openFDA evidence,,,FDA/openFDA label API search on 07-12-2026: no current FDA label found for terms [phenacemide; Phenurone].
info,fda_boxed_warning_review,phenobarbital,fda_black_box_warning,FDA boxed-warning field uses primary FDA/accessdata/openFDA evidence,,,FDA/openFDA drug label API; status=boxed_warning_found; spl_set_id=8c7d0402-4977-4c25-bc4b-11db91339e9a; effective_time=20251223; title=SEZABY / PHENOBARBITAL SODIUM; api_url=https://api.fda.gov/drug/label.json?search=openfda.spl_set_id%3A%228c7d0402-4977-4c25-bc4b-11db91339e9a%22&limit=5
info,fda_boxed_warning_review,phensuximide,fda_black_box_warning,FDA boxed-warning field uses primary FDA/accessdata/openFDA evidence,,,FDA/openFDA label API search on 07-12-2026: no current FDA label found for terms [phensuximide; Milontin].
info,fda_boxed_warning_review,phenytoin,fda_black_box_warning,FDA boxed-warning field uses primary FDA/accessdata/openFDA evidence,,,FDA/openFDA drug label API; status=boxed_warning_found; spl_set_id=a52cf1bd-dc1f-47be-aba8-29066d9a50fb; effective_time=20241226; title=PHENYTOIN SODIUM / PHENYTOIN SODIUM; api_url=https://api.fda.gov/drug/label.json?search=openfda.spl_set_id%3A%22a52cf1bd-dc1f-47be-aba8-29066d9a50fb%22&limit=5
info,fda_boxed_warning_review,piracetam,fda_black_box_warning,FDA boxed-warning field uses primary FDA/accessdata/openFDA evidence,,,FDA/openFDA label API search on 07-12-2026: no current FDA label found for terms [piracetam; Nootropil].
info,fda_boxed_warning_review,potassium bromide,fda_black_box_warning,FDA boxed-warning field uses primary FDA/accessdata/openFDA evidence,,,"FDA/openFDA drug label API; status=no_boxed_warning_in_selected_fda_label; spl_set_id=26150aa1-7729-4f64-a761-eab251f046e5; effective_time=20260306; title=Good Mood Enhancer / AGRIMONIA EUPATORIA, FLOS, ANACARDIUM ORIENTALE, AURUM METALLICUM, AVENA SATIVA, BORAGO OFFICINALIS, CALCAREA CARBONICA, CAPSICUM ANNUUM, CARPINUS BETULUS, FLOS, CIMICIFUGA RACEMOSA, CINCHONA OFFICINALIS, HYPERICUM PERFORATUM, IGNATIA AMARA, KALI BROMATUM, LARIX DECIDUA, FLOS, NATRUM CARBONICUM, NATRUM SULPHURICUM, PHOSPHORICUM ACIDUM, PHOSPHORUS, PULSATILLA, SEPIA, SINAPIS ARVENSIS, FLOS AND TABACUM.; api_url=https://api.fda.gov/drug/label.json?search=openfda.generic_name%3A%22potassium+bromide%22+OR+openfda.brand_name%3A%22potassium+bromide%22+OR+openfda.substance_name%3A%22potassium+bromide%22&limit=10"
info,fda_boxed_warning_review,pregabalin,fda_black_box_warning,FDA boxed-warning field uses primary FDA/accessdata/openFDA evidence,,,FDA/openFDA drug label API; status=no_boxed_warning_in_selected_fda_label; spl_set_id=f280bbd8-2af2-444a-bd96-e409337ca6dd; effective_time=20260312; title=Lyrica CR / PREGABALIN; api_url=https://api.fda.gov/drug/label.json?search=openfda.spl_set_id%3A%22f280bbd8-2af2-444a-bd96-e409337ca6dd%22&limit=5
info,fda_boxed_warning_review,primidone,fda_black_box_warning,FDA boxed-warning field uses primary FDA/accessdata/openFDA evidence,,,FDA/openFDA drug label API; status=no_boxed_warning_in_selected_fda_label; spl_set_id=af593171-dabb-4ea3-b44c-89ed457b2c46; effective_time=20200706; title=Mysoline / PRIMIDONE; api_url=https://api.fda.gov/drug/label.json?search=openfda.spl_set_id%3A%22af593171-dabb-4ea3-b44c-89ed457b2c46%22&limit=5
info,fda_boxed_warning_review,progabide,fda_black_box_warning,FDA boxed-warning field uses primary FDA/accessdata/openFDA evidence,,,FDA/openFDA label API search on 07-12-2026: no current FDA label found for terms [progabide; Gabrene].
info,fda_boxed_warning_review,repository corticotropin,fda_black_box_warning,FDA boxed-warning field uses primary FDA/accessdata/openFDA evidence,,,FDA/openFDA drug label API; status=no_boxed_warning_in_selected_fda_label; spl_set_id=7b48ddec-e815-45f4-9ca0-5c0daaf56f30; effective_time=20251205; title=Acthar / REPOSITORY CORTICOTROPIN; api_url=https://api.fda.gov/drug/label.json?search=openfda.spl_set_id%3A%227b48ddec-e815-45f4-9ca0-5c0daaf56f30%22&limit=5
info,fda_boxed_warning_review,rufinamide,fda_black_box_warning,FDA boxed-warning field uses primary FDA/accessdata/openFDA evidence,,,FDA/openFDA drug label API; status=no_boxed_warning_in_selected_fda_label; spl_set_id=0a3fa925-1abd-458a-bd57-4ae780a1ef2d; effective_time=20221215; title=Banzel / RUFINAMIDE; api_url=https://api.fda.gov/drug/label.json?search=openfda.spl_set_id%3A%220a3fa925-1abd-458a-bd57-4ae780a1ef2d%22&limit=5
info,fda_boxed_warning_review,stiripentol,fda_black_box_warning,FDA boxed-warning field uses primary FDA/accessdata/openFDA evidence,,,FDA/openFDA drug label API; status=no_boxed_warning_in_selected_fda_label; spl_set_id=58304ba8-9779-4658-811e-94ffe08c3f16; effective_time=20260427; title=Diacomit / STIRIPENTOL; api_url=https://api.fda.gov/drug/label.json?search=openfda.spl_set_id%3A%2258304ba8-9779-4658-811e-94ffe08c3f16%22&limit=5
info,fda_boxed_warning_review,sultiame,fda_black_box_warning,FDA boxed-warning field uses primary FDA/accessdata/openFDA evidence,,,FDA/openFDA label API search on 07-12-2026: no current FDA label found for terms [sultiame; sulthiame; Ospolot].
info,fda_boxed_warning_review,tiagabine,fda_black_box_warning,FDA boxed-warning field uses primary FDA/accessdata/openFDA evidence,,,FDA/openFDA drug label API; status=no_boxed_warning_in_selected_fda_label; spl_set_id=953ef3cc-e3cb-480f-b9ea-256520fd62b8; effective_time=20210930; title=Tiagabine Hydrochloride / TIAGABINE HYDROCHLORIDE; api_url=https://api.fda.gov/drug/label.json?search=openfda.generic_name%3A%22tiagabine%22+OR+openfda.brand_name%3A%22tiagabine%22+OR+openfda.substance_name%3A%22tiagabine%22&limit=10
info,fda_boxed_warning_review,topiramate,fda_black_box_warning,FDA boxed-warning field uses primary FDA/accessdata/openFDA evidence,,,FDA/openFDA drug label API; status=no_boxed_warning_in_selected_fda_label; spl_set_id=e2a4df59-fead-4a01-9021-9eda02c48010; effective_time=20251113; title=Eprontia / TOPIRAMATE; api_url=https://api.fda.gov/drug/label.json?search=openfda.spl_set_id%3A%22e2a4df59-fead-4a01-9021-9eda02c48010%22&limit=5
info,fda_boxed_warning_review,trimethadione,fda_black_box_warning,FDA boxed-warning field uses primary FDA/accessdata/openFDA evidence,,,FDA/openFDA label API search on 07-12-2026: no current FDA label found for terms [trimethadione; Tridione].
info,fda_boxed_warning_review,valproic acid,fda_black_box_warning,FDA boxed-warning field uses primary FDA/accessdata/openFDA evidence,,,FDA/openFDA drug label API; status=boxed_warning_found; spl_set_id=0dc024ce-efc8-4690-7cb5-639c728fccac; effective_time=20260331; title=Depakote ER / DIVALPROEX SODIUM; api_url=https://api.fda.gov/drug/label.json?search=openfda.spl_set_id%3A%220dc024ce-efc8-4690-7cb5-639c728fccac%22&limit=5
info,fda_boxed_warning_review,vigabatrin,fda_black_box_warning,FDA boxed-warning field uses primary FDA/accessdata/openFDA evidence,,,FDA/openFDA drug label API; status=boxed_warning_found; spl_set_id=a88ac1b4-e2c9-45c0-b321-4785902172e3; effective_time=20211020; title=SABRIL / VIGABATRIN; api_url=https://api.fda.gov/drug/label.json?search=openfda.spl_set_id%3A%22a88ac1b4-e2c9-45c0-b321-4785902172e3%22&limit=5
info,fda_boxed_warning_review,zonisamide,fda_black_box_warning,FDA boxed-warning field uses primary FDA/accessdata/openFDA evidence,,,FDA/openFDA drug label API; status=no_boxed_warning_in_selected_fda_label; spl_set_id=d12de43e-3ac3-4335-bc85-70d7366a91eb; effective_time=20250912; title=Zonegran / ZONISAMIDE; api_url=https://api.fda.gov/drug/label.json?search=openfda.spl_set_id%3A%22d12de43e-3ac3-4335-bc85-70d7366a91eb%22&limit=5
