generic_name,kind,severity,field,status,requires_user_approval,summary,sources,current_value,proposed_value
acetazolamide,fact_check,high,trade_names,incorrect,False,"Current value omits DIAMOX SEQUELS, the FDA-labeled extended-release capsule brand. Existing generic product names are not contradicted, so retain and append the missing brand.",https://www.accessdata.fda.gov/drugsatfda_docs/label/2024/012945s048lbl.pdf; https://www.accessdata.fda.gov/drugsatfda_docs/label/2025/008943s054lbl.pdf,Acetazolamide; Acetazolamide Sodium; Diamox,Acetazolamide; Acetazolamide Sodium; Diamox; Diamox Sequels
acetazolamide,fact_check,high,pubmed_search_aliases,incorrect,False,Add Diamox Sequels so the branded extended-release capsule alias is searchable.,https://www.accessdata.fda.gov/drugsatfda_docs/label/2024/012945s048lbl.pdf,Diamox; acetazolamide sodium,Diamox; Diamox Sequels; acetazolamide sodium
acetazolamide,fact_check,critical,filter_formulation,incorrect,True,FDA labeling says the injection is for intravenous use and intramuscular administration is not recommended.,https://www.accessdata.fda.gov/drugsatfda_docs/label/2024/008943s053%2C009388s039lbl.pdf,Capsule; IV/IM injection; Long acting; Tablet,Capsule; IV injection; Long acting; Tablet
acetazolamide,fact_check,high,mechanism_source,incorrect,False,Mechanism can be supported by FDA label PDFs; remove DailyMed from the named source.,https://www.accessdata.fda.gov/drugsatfda_docs/label/2024/008943s053%2C009388s039lbl.pdf,FDA/DailyMed labeling,FDA Drugs@FDA/accessdata labeling
acetazolamide,fact_check,high,half_life_range,incorrect,False,"The field should not remain N/A when trusted NCBI sources provide half-life values. The current statement is only true for the selected FDA label, not for the fact field overall.",https://www.ncbi.nlm.nih.gov/books/NBK532282/; https://www.ncbi.nlm.nih.gov/books/NBK2597/,N/A - selected FDA/DailyMed label does not provide a half-life value.,"6-14 hours; reported values vary by trusted NCBI sources, with StatPearls listing plasma half-life 6-9 hours and an NCBI Bookshelf epilepsy text listing elimination half-life 12-14 hours."
acetazolamide,fact_check,high,major_organ_for_metabolism,incorrect,False,NCBI sources state acetazolamide does not undergo metabolic alteration and is renally excreted.,https://www.ncbi.nlm.nih.gov/books/NBK532282/; https://www.ncbi.nlm.nih.gov/books/NBK2597/,N/A - selected FDA/DailyMed label does not identify a major metabolic organ; renal bicarbonate handling and urinary effects are clinically central.,No major metabolism; renal excretion is the primary route of elimination.
acetazolamide,fact_check,medium,qt_interval_effect,insufficient_evidence,False,"FDA labels reviewed do not describe QT effects, but label silence is not strong evidence for 'no known meaningful QT effect'.",https://www.accessdata.fda.gov/drugsatfda_docs/label/2025/008943s054lbl.pdf; https://www.accessdata.fda.gov/drugsatfda_docs/label/2024/008943s053%2C009388s039lbl.pdf,No QT interval effect described in selected FDA label.,No QT-related warning or effect identified in selected FDA labeling; absence of label language does not establish a proven no-effect finding.
acetazolamide,fact_check,medium,filter_qt_effect,insufficient_evidence,False,The stronger 'no known meaningful QT effect' claim is not directly established by the cited FDA label; a label-limited statement is supportable.,https://www.accessdata.fda.gov/drugsatfda_docs/label/2025/008943s054lbl.pdf; https://www.accessdata.fda.gov/drugsatfda_docs/label/2024/008943s053%2C009388s039lbl.pdf,No known meaningful QT effect,No QT-related warning/effect identified in selected FDA labeling
acetazolamide,fact_check,high,evidence_sources,incorrect,False,"DailyMed should be removed from the named row sources, and NCBI/PubMed should be added for half-life/metabolism and RCT-gap support.",https://www.fda.gov/drugs/drug-approvals-and-databases/orange-book-data-files; https://www.accessdata.fda.gov/drugsatfda_docs/label/2025/008943s054lbl.pdf; https://www.ncbi.nlm.nih.gov/books/NBK532282/; https://pubmed.ncbi.nlm.nih.gov/6797857/,FDA Orange Book products file; FDA/DailyMed labeling,FDA Orange Book data files; FDA Drugs@FDA/accessdata labeling; NCBI Bookshelf; PubMed
acetazolamide,fact_check,high,fda_black_box_warning,incorrect,False,"Conclusion is supported by FDA label PDFs, but the current wording relies on DailyMed, which is not permissible for this field.",https://www.accessdata.fda.gov/drugsatfda_docs/label/2025/008943s054lbl.pdf; https://www.accessdata.fda.gov/drugsatfda_docs/label/2024/008943s053%2C009388s039lbl.pdf; https://www.accessdata.fda.gov/drugsatfda_docs/label/2024/012945s048lbl.pdf,No FDA boxed warning identified in selected current DailyMed label.,No FDA boxed warning identified in selected current FDA labeling.
acetazolamide,fact_check,high,fda_black_box_warning_source,incorrect,False,Replace the impermissible DailyMed SPL source with FDA label sources.,https://www.accessdata.fda.gov/drugsatfda_docs/label/2025/008943s054lbl.pdf; https://www.accessdata.fda.gov/drugsatfda_docs/label/2024/008943s053%2C009388s039lbl.pdf; https://www.accessdata.fda.gov/drugsatfda_docs/label/2024/012945s048lbl.pdf,"FDA/DailyMed SPL; status=no_boxed_warning_in_selected_label; setid=58093032-8480-4d0f-82be-92e643bdbea4; published=Jan 16, 2026; title=ACETAZOLAMIDE (ACETAZOLAMIDE SODIUM) INJECTION, POWDER, FOR SOLUTION [SAGENT PHARMACEUTICALS]; url=https://dailymed.nlm.nih.gov/dailymed/drugInfo.cfm?setid=58093032-8480-4d0f-82be-92e643bdbea4","FDA Drugs@FDA/accessdata labels; status=no_boxed_warning_identified_in_selected_fda_labels; checked labels: DIAMOX tablets NDA 008943/S-054 (2025), DIAMOX tablets/injection NDA 008943/S-053 and NDA 009388/S-039 (2024), DIAMOX SEQUELS NDA 012945/S-048 (2024); urls=https://www.accessdata.fda.gov/drugsatfda_docs/label/2025/008943s054lbl.pdf | https://www.accessdata.fda.gov/drugsatfda_docs/label/2024/008943s053%2C009388s039lbl.pdf | https://www.accessdata.fda.gov/drugsatfda_docs/label/2024/012945s048lbl.pdf"
acetazolamide,outcome_check,info,plot_diff_50_responder_maximum_effective_dose,not_applicable,False,Plot value appropriately remains blank because the corresponding outcome is N/A.,,,
acetazolamide,outcome_check,info,plot_diff_median_pct_change_maximum_effective_dose,not_applicable,False,Plot value appropriately remains blank because the corresponding outcome is N/A.,,,
acetazolamide,outcome_check,info,plot_diff_seizure_freedom_maximum_effective_dose,not_applicable,False,Plot value appropriately remains blank because the corresponding outcome is N/A.,,,
acetazolamide,black_box_warning,high,fda_black_box_warning,incorrect,False,The no-boxed-warning conclusion is supportable from FDA label PDFs that show ordinary WARNINGS sections but no BOXED WARNING section. The current value/source is not compliant because it cites DailyMed for the FDA boxed-warning field.,https://www.accessdata.fda.gov/drugsatfda_docs/label/2025/008943s054lbl.pdf; https://www.accessdata.fda.gov/drugsatfda_docs/label/2024/008943s053%2C009388s039lbl.pdf; https://www.accessdata.fda.gov/drugsatfda_docs/label/2024/012945s048lbl.pdf,No FDA boxed warning identified in selected current DailyMed label.,No FDA boxed warning identified in selected current FDA labeling.
acetazolamide,proposed_row_update,medium,evidence_sources,proposed,False,"DailyMed should not be used as a named source in this audit bundle, and the row needs NCBI/PubMed sources for non-label facts and RCT-gap verification.",https://www.fda.gov/drugs/drug-approvals-and-databases/orange-book-data-files; https://www.accessdata.fda.gov/drugsatfda_docs/label/2025/008943s054lbl.pdf; https://www.ncbi.nlm.nih.gov/books/NBK532282/; https://pubmed.ncbi.nlm.nih.gov/6797857/,FDA Orange Book products file; FDA/DailyMed labeling,FDA Orange Book data files; FDA Drugs@FDA/accessdata labeling; NCBI Bookshelf; PubMed
acetazolamide,proposed_row_update,medium,mechanism_source,proposed,False,Mechanism text is supported by FDA label PDFs.,https://www.accessdata.fda.gov/drugsatfda_docs/label/2024/008943s053%2C009388s039lbl.pdf,FDA/DailyMed labeling,FDA Drugs@FDA/accessdata labeling
acetazolamide,proposed_row_update,medium,fda_black_box_warning_source,proposed,False,"Black-box source must be FDA/openFDA/Drugs@FDA, not DailyMed.",https://www.accessdata.fda.gov/drugsatfda_docs/label/2025/008943s054lbl.pdf; https://www.accessdata.fda.gov/drugsatfda_docs/label/2024/008943s053%2C009388s039lbl.pdf; https://www.accessdata.fda.gov/drugsatfda_docs/label/2024/012945s048lbl.pdf,"FDA/DailyMed SPL; status=no_boxed_warning_in_selected_label; setid=58093032-8480-4d0f-82be-92e643bdbea4; published=Jan 16, 2026; title=ACETAZOLAMIDE (ACETAZOLAMIDE SODIUM) INJECTION, POWDER, FOR SOLUTION [SAGENT PHARMACEUTICALS]; url=https://dailymed.nlm.nih.gov/dailymed/drugInfo.cfm?setid=58093032-8480-4d0f-82be-92e643bdbea4","FDA Drugs@FDA/accessdata labels; status=no_boxed_warning_identified_in_selected_fda_labels; checked labels: DIAMOX tablets NDA 008943/S-054 (2025), DIAMOX tablets/injection NDA 008943/S-053 and NDA 009388/S-039 (2024), DIAMOX SEQUELS NDA 012945/S-048 (2024); urls=https://www.accessdata.fda.gov/drugsatfda_docs/label/2025/008943s054lbl.pdf | https://www.accessdata.fda.gov/drugsatfda_docs/label/2024/008943s053%2C009388s039lbl.pdf | https://www.accessdata.fda.gov/drugsatfda_docs/label/2024/012945s048lbl.pdf"
acetazolamide,proposed_row_update,medium,evidence_sources,proposed,False,Remove DailyMed from row source naming and add trusted sources used for half-life/metabolism and RCT-gap verification.,https://www.fda.gov/drugs/drug-approvals-and-databases/orange-book-data-files; https://www.accessdata.fda.gov/drugsatfda_docs/label/2025/008943s054lbl.pdf; https://www.ncbi.nlm.nih.gov/books/NBK532282/; https://pubmed.ncbi.nlm.nih.gov/6797857/,FDA Orange Book products file; FDA/DailyMed labeling,FDA Orange Book data files; FDA Drugs@FDA/accessdata labeling; NCBI Bookshelf; PubMed
acetazolamide,proposed_row_update,medium,fda_black_box_warning,proposed,False,"Black-box verification must use FDA sources, not DailyMed.",https://www.accessdata.fda.gov/drugsatfda_docs/label/2025/008943s054lbl.pdf; https://www.accessdata.fda.gov/drugsatfda_docs/label/2024/008943s053%2C009388s039lbl.pdf; https://www.accessdata.fda.gov/drugsatfda_docs/label/2024/012945s048lbl.pdf,No FDA boxed warning identified in selected current DailyMed label.,No FDA boxed warning identified in selected current FDA labeling.
acetazolamide,proposed_row_update,medium,fda_black_box_warning_source,proposed,False,Replace impermissible DailyMed source with FDA label sources.,https://www.accessdata.fda.gov/drugsatfda_docs/label/2025/008943s054lbl.pdf; https://www.accessdata.fda.gov/drugsatfda_docs/label/2024/008943s053%2C009388s039lbl.pdf; https://www.accessdata.fda.gov/drugsatfda_docs/label/2024/012945s048lbl.pdf,"FDA/DailyMed SPL; status=no_boxed_warning_in_selected_label; setid=58093032-8480-4d0f-82be-92e643bdbea4; published=Jan 16, 2026; title=ACETAZOLAMIDE (ACETAZOLAMIDE SODIUM) INJECTION, POWDER, FOR SOLUTION [SAGENT PHARMACEUTICALS]; url=https://dailymed.nlm.nih.gov/dailymed/drugInfo.cfm?setid=58093032-8480-4d0f-82be-92e643bdbea4","FDA Drugs@FDA/accessdata labels; status=no_boxed_warning_identified_in_selected_fda_labels; checked labels: DIAMOX tablets NDA 008943/S-054 (2025), DIAMOX tablets/injection NDA 008943/S-053 and NDA 009388/S-039 (2024), DIAMOX SEQUELS NDA 012945/S-048 (2024); urls=https://www.accessdata.fda.gov/drugsatfda_docs/label/2025/008943s054lbl.pdf | https://www.accessdata.fda.gov/drugsatfda_docs/label/2024/008943s053%2C009388s039lbl.pdf | https://www.accessdata.fda.gov/drugsatfda_docs/label/2024/012945s048lbl.pdf"
acetazolamide,proposed_row_update,medium,mechanism_source,proposed,False,Mechanism is supportable from FDA labeling; DailyMed is unnecessary and outside the trusted source list supplied for this audit.,https://www.accessdata.fda.gov/drugsatfda_docs/label/2024/008943s053%2C009388s039lbl.pdf,FDA/DailyMed labeling,FDA Drugs@FDA/accessdata labeling
acetazolamide,proposed_row_update,medium,half_life_range,proposed,False,Trusted NCBI sources provide half-life values; the row should not leave the pharmacokinetic field as N/A solely because the selected label omits it.,https://www.ncbi.nlm.nih.gov/books/NBK532282/; https://www.ncbi.nlm.nih.gov/books/NBK2597/,N/A - selected FDA/DailyMed label does not provide a half-life value.,"6-14 hours; reported values vary by trusted NCBI sources, with StatPearls listing plasma half-life 6-9 hours and an NCBI Bookshelf epilepsy text listing elimination half-life 12-14 hours."
acetazolamide,proposed_row_update,medium,major_organ_for_metabolism,proposed,False,NCBI sources state acetazolamide does not undergo metabolic alteration and is primarily renally eliminated.,https://www.ncbi.nlm.nih.gov/books/NBK532282/; https://www.ncbi.nlm.nih.gov/books/NBK2597/,N/A - selected FDA/DailyMed label does not identify a major metabolic organ; renal bicarbonate handling and urinary effects are clinically central.,No major metabolism; renal excretion is the primary route of elimination.
acetazolamide,proposed_row_update,medium,trade_names,proposed,False,Add the missing FDA-labeled Diamox Sequels brand alias without deleting existing names.,https://www.accessdata.fda.gov/drugsatfda_docs/label/2024/012945s048lbl.pdf,Acetazolamide; Acetazolamide Sodium; Diamox,Acetazolamide; Acetazolamide Sodium; Diamox; Diamox Sequels
acetazolamide,proposed_row_update,medium,pubmed_search_aliases,proposed,False,Add the missing extended-release capsule brand alias for search coverage.,https://www.accessdata.fda.gov/drugsatfda_docs/label/2024/012945s048lbl.pdf,Diamox; acetazolamide sodium,Diamox; Diamox Sequels; acetazolamide sodium
acetazolamide,proposed_row_update,critical,filter_formulation,proposed,True,FDA labeling identifies the injection for intravenous use and says intramuscular administration is not recommended.,https://www.accessdata.fda.gov/drugsatfda_docs/label/2024/008943s053%2C009388s039lbl.pdf,Capsule; IV/IM injection; Long acting; Tablet,Capsule; IV injection; Long acting; Tablet
acetazolamide,proposed_row_update,medium,qt_interval_effect,proposed,False,"Clarify that the evidence is label silence, not affirmative QT safety evidence.",https://www.accessdata.fda.gov/drugsatfda_docs/label/2025/008943s054lbl.pdf; https://www.accessdata.fda.gov/drugsatfda_docs/label/2024/008943s053%2C009388s039lbl.pdf,No QT interval effect described in selected FDA label.,No QT-related warning or effect identified in selected FDA labeling; absence of label language does not establish a proven no-effect finding.
acetazolamide,proposed_row_update,medium,rct_pubmed_verification_notes,proposed,False,Refresh audit date and retain the N/A conclusion.,https://pubmed.ncbi.nlm.nih.gov/6797857/; https://www.ncbi.nlm.nih.gov/books/NBK581157/,No qualifying phase II/III placebo-controlled randomized epilepsy RCT was retained in the PubMed RCT audit/gap review as of 05-19-2026; RCT section set to N/A per current scope.,No qualifying phase II/III placebo-controlled randomized epilepsy RCT was found/retained in the PubMed RCT audit/gap review as of 05-20-2026; RCT section remains N/A.
barbexaclone,fact_check,high,minimum_effective_dose,incorrect,False,"A starting titration dose is not the same as an evidence-based minimum effective dose, so the cell should be worded more cautiously.",https://ch.oddb.org/de/gcc/fachinfo/reg/31862,Swiss Fachinformation: adult titration begins at 100 mg/day; children may titrate slowly using 25 mg tablets.,No explicit minimum effective dose stated; Swiss Fachinformation dosing starts adults at 100 mg/day and titrates every 2 days to 1 week; children may be titrated slowly using 25 mg dragees/tablets.
barbexaclone,fact_check,high,mechanism_source_tier,incorrect,False,"The cited mechanism source is a Swiss Fachinformation page via ODDB, not an EMA EPAR, EMA SmPC, or UK eMC/SmPC.",https://ch.oddb.org/de/gcc/fachinfo/reg/31862,EMA/UK SmPC,Swiss Fachinformation / non-U.S. product information (not EMA/UK SmPC)
barbexaclone,fact_check,high,adverse_symptoms_percentages,incorrect,False,"The Swiss source supports the frequency categories and listed events, but the row's phrase '0% exact percentage unavailable' is inaccurate because unestimable frequency is not 0%. The proposed text also captures additional listed events and avoids overstating exact percentages.",https://ch.oddb.org/de/gcc/fachinfo/reg/31862,"Swiss Fachinformation frequency categories: frequent 1-10% not itemized for all symptoms; occasional 0.1-1% calcium metabolism disorder and weight loss; rare 0.01-0.1% aplastic/megaloblastic anemia, pancytopenia, thrombocytopenia, leukopenia, agranulocytosis, allergic/respiratory hypersensitivity, hallucinations, hemorrhage, constipation, vomiting, gingival hyperplasia, SJS/TEN, exfoliative dermatitis, rash; frequency not reliably estimable 0% exact percentage unavailable for somnolence, ataxia, nystagmus, dizziness, respiratory depression, fatigue.","Swiss Fachinformation frequency categories: frequent >1/100 to <=1/10, occasional >1/1000 to <=1/100, rare >1/10000 to <=1/1000. Occasional: calcium metabolism disorders, weight loss. Rare: aplastic anemia, megaloblastic anemia, pancytopenia, thrombocytopenia, leukopenia, agranulocytosis, allergic reactions/skin and respiratory hypersensitivity, systemic lupus erythematosus, optical hallucinations, hemorrhage, constipation, vomiting, gingival hyperplasia, erythema multiforme, Stevens-Johnson syndrome, Lyell syndrome/TEN, exfoliative dermatitis, nonspecific drug rash, photosensitization, urticaria. Frequency not reliably estimable: restlessness, drowsiness, ataxia, nystagmus, dizziness, respiratory depression, hepatitis, jaundice, increased GGT, irritability, fatigue, high fever."
barbexaclone,fact_check,medium,qt_interval_effect,insufficient_evidence,False,The Swiss source supports the cardiac contraindications/cautions. Absence of QT wording in the source should not be treated as evidence of no QT effect.,https://ch.oddb.org/de/gcc/fachinfo/reg/31862,"No QT interval effect described in Swiss Fachinformation; contraindications/cautions include tachyarrhythmias, severe angina, severe myocardial damage.","QT effect not characterized in located product information; Swiss Fachinformation does not describe a QT-interval effect but lists contraindications/cautions including tachyarrhythmias, severe angina pectoris, and severe myocardial damage."
barbexaclone,fact_check,medium,pubmed_search_aliases,missing_source,False,PubChem lists additional aliases and MeSH entry terms that are useful for avoiding duplicate rows and improving literature searches.,https://pubchem.ncbi.nlm.nih.gov/compound/Barbexaclone,barbesaclone; barbexaclonum; Maliasin,barbesaclone; barbexaclonum; barbexaclon; barbexaclona; Maliasin; CHP phenobarbital; phenobarbital propylhexedrine salt
barbexaclone,fact_check,high,evidence_sources,incorrect,False,"DailyMed should not be used for the boxed-warning field. The row also needs named sources for aliases and RCT-gap claims. Note that ch.oddb.org/AIFA are outside the provided trusted-domain list, although they do support the row's non-U.S. source claims.",https://ch.oddb.org/de/gcc/fachinfo/reg/31862; https://www.swissmedic.ch/dam/swissmedic/en/dokumente/stab/journal/swissmedic_journal072006.pdf.download.pdf/swissmedic_journal072006.pdf; https://www.aifa.gov.it/-/comunicazione-sul-medicinale-a-denominazione-generica-barbesaclone-25-mg-e-100-mg-compresse-rivestite-22-05-2014-; https://www.aifa.gov.it/en/ricerca-aifa?adtCategories=811507&searchKeywords=; https://pubchem.ncbi.nlm.nih.gov/compound/Barbexaclone; https://pubmed.ncbi.nlm.nih.gov/14606/; https://pubmed.ncbi.nlm.nih.gov/3709618/; https://pubmed.ncbi.nlm.nih.gov/23981808/; https://www.ilae.org/files/ilaeGuideline/Guidelines.pdf; https://www.fda.gov/drugs/drug-approvals-and-databases/about-drugsfda; https://open.fda.gov/apis/drug/label/example-api-queries/,Swiss Maliasin Fachinformation Swissmedic no. 31862 (https://ch.oddb.org/de/gcc/fachinfo/reg/31862); Swissmedic Journal 07/2006 Maliasin authorization entry (https://www.swissmedic.ch/dam/swissmedic/en/dokumente/stab/journal/swissmedic_journal072006.pdf.download.pdf/swissmedic_journal072006.pdf); AIFA Barbesaclone distribution communication (https://www.aifa.gov.it/en/-/comunicazione-sul-medicinale-a-denominazione-generica-barbesaclone-25-mg-e-100-mg-compresse-rivestite-22-05-2014-); FDA/DailyMed labeling,"Swiss Maliasin Fachinformation Swissmedic no. 31862 (https://ch.oddb.org/de/gcc/fachinfo/reg/31862); Swissmedic Journal 07/2006 Maliasin authorization entry (https://www.swissmedic.ch/dam/swissmedic/en/dokumente/stab/journal/swissmedic_journal072006.pdf.download.pdf/swissmedic_journal072006.pdf); AIFA Barbesaclone distribution/access communications, including 22-05-2014 and current AIFA search results (https://www.aifa.gov.it/-/comunicazione-sul-medicinale-a-denominazione-generica-barbesaclone-25-mg-e-100-mg-compresse-rivestite-22-05-2014-; https://www.aifa.gov.it/en/ricerca-aifa?adtCategories=811507&searchKeywords=); PubChem Barbexaclone identity/aliases (https://pubchem.ncbi.nlm.nih.gov/compound/Barbexaclone); PubMed records PMID 14606, 3709618, 23981808; ILAE evidence review (https://www.ilae.org/files/ilaeGuideline/Guidelines.pdf); FDA/openFDA/Drugs@FDA searches for FDA label/application status (https://www.fda.gov/drugs/drug-approvals-and-databases/about-drugsfda; https://open.fda.gov/apis/drug/label/example-api-queries/)"
barbexaclone,fact_check,high,fda_black_box_warning,incorrect,False,DailyMed is not permissible for the black-box field. The replacement keeps the no-FDA-label conclusion but ties it to FDA/openFDA/Drugs@FDA only.,https://www.fda.gov/drugs/drug-approvals-and-databases/about-drugsfda; https://open.fda.gov/apis/drug/label/example-api-queries/; https://open.fda.gov/apis/drug/drugsfda/how-to-use-the-endpoint/,No current FDA/DailyMed label identified.,N/A - no FDA-approved labeling or FDA boxed warning identified for barbexaclone/barbesaclone/barbexaclonum/Maliasin.
barbexaclone,fact_check,high,fda_black_box_warning_source,incorrect,False,DailyMed is impermissible for this field under the audit instructions.,https://www.fda.gov/drugs/drug-approvals-and-databases/about-drugsfda; https://open.fda.gov/apis/drug/label/example-api-queries/; https://open.fda.gov/apis/drug/drugsfda/how-to-use-the-endpoint/,FDA/DailyMed search on 05-20-2026: no current label found for terms [barbexaclone; barbesaclone; barbexaclonum; Maliasin].,FDA/openFDA/Drugs@FDA searches on 05-20-2026 for terms [barbexaclone; barbesaclone; barbexaclonum; Maliasin]: no FDA-approved label/application or boxed warning identified. DailyMed was not used for boxed-warning verification.
barbexaclone,fact_check,high,status_or_notes,incorrect,False,"The Swiss statements are supported. AIFA search results show later 2025-2026 Barbesaclone notices, so characterizing the Italian documentation only as historical is incomplete.",https://www.swissmedic.ch/dam/swissmedic/en/dokumente/stab/journal/swissmedic_journal072006.pdf.download.pdf/swissmedic_journal072006.pdf; https://ch.oddb.org/de/gcc/fachinfo/reg/31862; https://www.aifa.gov.it/-/comunicazione-sul-medicinale-a-denominazione-generica-barbesaclone-25-mg-e-100-mg-compresse-rivestite-22-05-2014-; https://www.aifa.gov.it/en/ricerca-aifa?adtCategories=811507&searchKeywords=,"Historical European/Swiss/Italian ASM product; Swissmedic Journal lists Maliasin 25 mg/100 mg (barbexaclonum) as an antiepileptic under authorization no. 31862, Swiss Maliasin Fachinformation lists multiple epilepsy indications, and AIFA communications document Barbesaclone 25 mg/100 mg coated-tablet distribution access.","Non-U.S. ASM product: historical Swiss Maliasin authorization no. 31862 for 25 mg/100 mg dragees (barbexaclonum) as an antiepileptic; Swiss Fachinformation lists multiple epilepsy indications; AIFA documents Barbesaclone 25 mg/100 mg coated-tablet access/distribution, with later AIFA search results showing ongoing 2025-2026 Barbesaclone distribution/expiry-extension notices."
barbexaclone,black_box_warning,high,fda_black_box_warning,incorrect,False,"The conclusion is plausible, but the row's wording cites DailyMed for a boxed-warning field; the audit policy permits FDA/openFDA/Drugs@FDA sources only for this field.",https://www.fda.gov/drugs/drug-approvals-and-databases/about-drugsfda; https://open.fda.gov/apis/drug/label/example-api-queries/; https://open.fda.gov/apis/drug/drugsfda/how-to-use-the-endpoint/; https://api.fda.gov/drug/label.json?search=%22barbexaclone%22&limit=1; https://api.fda.gov/drug/label.json?search=%22barbesaclone%22&limit=1; https://api.fda.gov/drug/label.json?search=%22barbexaclonum%22&limit=1; https://api.fda.gov/drug/label.json?search=%22Maliasin%22&limit=1,No current FDA/DailyMed label identified.,N/A - no FDA-approved labeling or FDA boxed warning identified for barbexaclone/barbesaclone/barbexaclonum/Maliasin.
barbexaclone,proposed_row_update,medium,evidence_sources,proposed,False,"Remove DailyMed for black-box verification and add named sources for alias, RCT-gap, FDA-status, and current AIFA context.",https://pubchem.ncbi.nlm.nih.gov/compound/Barbexaclone; https://pubmed.ncbi.nlm.nih.gov/14606/; https://pubmed.ncbi.nlm.nih.gov/3709618/; https://pubmed.ncbi.nlm.nih.gov/23981808/; https://www.ilae.org/files/ilaeGuideline/Guidelines.pdf; https://www.fda.gov/drugs/drug-approvals-and-databases/about-drugsfda; https://open.fda.gov/apis/drug/label/example-api-queries/,Swiss Maliasin Fachinformation Swissmedic no. 31862 (https://ch.oddb.org/de/gcc/fachinfo/reg/31862); Swissmedic Journal 07/2006 Maliasin authorization entry (https://www.swissmedic.ch/dam/swissmedic/en/dokumente/stab/journal/swissmedic_journal072006.pdf.download.pdf/swissmedic_journal072006.pdf); AIFA Barbesaclone distribution communication (https://www.aifa.gov.it/en/-/comunicazione-sul-medicinale-a-denominazione-generica-barbesaclone-25-mg-e-100-mg-compresse-rivestite-22-05-2014-); FDA/DailyMed labeling,"Swiss Maliasin Fachinformation Swissmedic no. 31862 (https://ch.oddb.org/de/gcc/fachinfo/reg/31862); Swissmedic Journal 07/2006 Maliasin authorization entry (https://www.swissmedic.ch/dam/swissmedic/en/dokumente/stab/journal/swissmedic_journal072006.pdf.download.pdf/swissmedic_journal072006.pdf); AIFA Barbesaclone distribution/access communications, including 22-05-2014 and current AIFA search results (https://www.aifa.gov.it/-/comunicazione-sul-medicinale-a-denominazione-generica-barbesaclone-25-mg-e-100-mg-compresse-rivestite-22-05-2014-; https://www.aifa.gov.it/en/ricerca-aifa?adtCategories=811507&searchKeywords=); PubChem Barbexaclone identity/aliases (https://pubchem.ncbi.nlm.nih.gov/compound/Barbexaclone); PubMed records PMID 14606, 3709618, 23981808; ILAE evidence review (https://www.ilae.org/files/ilaeGuideline/Guidelines.pdf); FDA/openFDA/Drugs@FDA searches for FDA label/application status (https://www.fda.gov/drugs/drug-approvals-and-databases/about-drugsfda; https://open.fda.gov/apis/drug/label/example-api-queries/)"
barbexaclone,proposed_row_update,medium,fda_black_box_warning_source,proposed,False,DailyMed is not permitted for this field.,https://www.fda.gov/drugs/drug-approvals-and-databases/about-drugsfda; https://open.fda.gov/apis/drug/label/example-api-queries/; https://open.fda.gov/apis/drug/drugsfda/how-to-use-the-endpoint/,FDA/DailyMed search on 05-20-2026: no current label found for terms [barbexaclone; barbesaclone; barbexaclonum; Maliasin].,FDA/openFDA/Drugs@FDA searches on 05-20-2026 for terms [barbexaclone; barbesaclone; barbexaclonum; Maliasin]: no FDA-approved label/application or boxed warning identified. DailyMed was not used for boxed-warning verification.
barbexaclone,proposed_row_update,medium,mechanism_source_tier,proposed,False,The cited source is not EMA or UK eMC/SmPC.,https://ch.oddb.org/de/gcc/fachinfo/reg/31862,EMA/UK SmPC,Swiss Fachinformation / non-U.S. product information (not EMA/UK SmPC)
barbexaclone,proposed_row_update,medium,adverse_symptoms_percentages,proposed,False,Remove misleading '0%' wording and align event list more closely to Swiss product information.,https://ch.oddb.org/de/gcc/fachinfo/reg/31862,"Swiss Fachinformation frequency categories: frequent 1-10% not itemized for all symptoms; occasional 0.1-1% calcium metabolism disorder and weight loss; rare 0.01-0.1% aplastic/megaloblastic anemia, pancytopenia, thrombocytopenia, leukopenia, agranulocytosis, allergic/respiratory hypersensitivity, hallucinations, hemorrhage, constipation, vomiting, gingival hyperplasia, SJS/TEN, exfoliative dermatitis, rash; frequency not reliably estimable 0% exact percentage unavailable for somnolence, ataxia, nystagmus, dizziness, respiratory depression, fatigue.","Swiss Fachinformation frequency categories: frequent >1/100 to <=1/10, occasional >1/1000 to <=1/100, rare >1/10000 to <=1/1000. Occasional: calcium metabolism disorders, weight loss. Rare: aplastic anemia, megaloblastic anemia, pancytopenia, thrombocytopenia, leukopenia, agranulocytosis, allergic reactions/skin and respiratory hypersensitivity, systemic lupus erythematosus, optical hallucinations, hemorrhage, constipation, vomiting, gingival hyperplasia, erythema multiforme, Stevens-Johnson syndrome, Lyell syndrome/TEN, exfoliative dermatitis, nonspecific drug rash, photosensitization, urticaria. Frequency not reliably estimable: restlessness, drowsiness, ataxia, nystagmus, dizziness, respiratory depression, hepatitis, jaundice, increased GGT, irritability, fatigue, high fever."
barbexaclone,proposed_row_update,medium,alternate_generic_names,proposed,False,Add additional PubChem-listed aliases to prevent duplicate-row treatment of language variants.,https://pubchem.ncbi.nlm.nih.gov/compound/Barbexaclone; https://www.aifa.gov.it/-/comunicazione-sul-medicinale-a-denominazione-generica-barbesaclone-25-mg-e-100-mg-compresse-rivestite-22-05-2014-,barbesaclone; barbexaclonum,barbesaclone; barbexaclonum; barbexaclon; barbexaclona
barbexaclone,proposed_row_update,medium,available_in_us,proposed,False,Use FDA approval terminology and avoid implying the non-U.S. Italian context is only historical.,https://www.fda.gov/drugs/drug-approvals-and-databases/about-drugsfda; https://open.fda.gov/apis/drug/label/example-api-queries/; https://www.aifa.gov.it/en/ricerca-aifa?adtCategories=811507&searchKeywords=,No - not available in U.S. for seizure control; historical Swiss/Italian European documentation identified.,No - no FDA-approved U.S. label/application identified; non-U.S. Swiss and Italian product/access documentation identified.
barbexaclone,proposed_row_update,medium,fda_black_box_warning,proposed,False,DailyMed is impermissible for boxed-warning verification; use FDA/openFDA/Drugs@FDA only.,https://www.fda.gov/drugs/drug-approvals-and-databases/about-drugsfda; https://open.fda.gov/apis/drug/label/example-api-queries/; https://open.fda.gov/apis/drug/drugsfda/how-to-use-the-endpoint/,No current FDA/DailyMed label identified.,N/A - no FDA-approved labeling or FDA boxed warning identified for barbexaclone/barbesaclone/barbexaclonum/Maliasin.
barbexaclone,proposed_row_update,medium,fda_black_box_warning_source,proposed,False,Complies with FDA-only black-box source policy.,https://www.fda.gov/drugs/drug-approvals-and-databases/about-drugsfda; https://open.fda.gov/apis/drug/label/example-api-queries/; https://open.fda.gov/apis/drug/drugsfda/how-to-use-the-endpoint/,FDA/DailyMed search on 05-20-2026: no current label found for terms [barbexaclone; barbesaclone; barbexaclonum; Maliasin].,FDA/openFDA/Drugs@FDA searches on 05-20-2026 for terms [barbexaclone; barbesaclone; barbexaclonum; Maliasin]: no FDA-approved label/application or boxed warning identified. DailyMed was not used for boxed-warning verification.
barbexaclone,proposed_row_update,medium,mechanism_source_tier,proposed,False,"The cited mechanism source is Swiss product information via ODDB, not EMA or UK eMC.",https://ch.oddb.org/de/gcc/fachinfo/reg/31862,EMA/UK SmPC,Swiss Fachinformation / non-U.S. product information (not EMA/UK SmPC)
barbexaclone,proposed_row_update,medium,minimum_effective_dose,proposed,False,Starting titration dose is not necessarily the minimum effective dose.,https://ch.oddb.org/de/gcc/fachinfo/reg/31862,Swiss Fachinformation: adult titration begins at 100 mg/day; children may titrate slowly using 25 mg tablets.,No explicit minimum effective dose stated; Swiss Fachinformation dosing starts adults at 100 mg/day and titrates every 2 days to 1 week; children may be titrated slowly using 25 mg dragees/tablets.
barbexaclone,proposed_row_update,medium,qt_interval_effect,proposed,False,Absence of QT language in the product information is not proof of no QT effect.,https://ch.oddb.org/de/gcc/fachinfo/reg/31862,"No QT interval effect described in Swiss Fachinformation; contraindications/cautions include tachyarrhythmias, severe angina, severe myocardial damage.","QT effect not characterized in located product information; Swiss Fachinformation does not describe a QT-interval effect but lists contraindications/cautions including tachyarrhythmias, severe angina pectoris, and severe myocardial damage."
barbexaclone,proposed_row_update,medium,pubmed_search_aliases,proposed,False,Add PubChem/MeSH aliases useful for PubMed and duplicate-row avoidance.,https://pubchem.ncbi.nlm.nih.gov/compound/Barbexaclone,barbesaclone; barbexaclonum; Maliasin,barbesaclone; barbexaclonum; barbexaclon; barbexaclona; Maliasin; CHP phenobarbital; phenobarbital propylhexedrine salt
barbexaclone,proposed_row_update,medium,status_or_notes,proposed,False,"AIFA has later notices, including 2025-2026 search results, so the Italian access documentation is not merely historical.",https://www.swissmedic.ch/dam/swissmedic/en/dokumente/stab/journal/swissmedic_journal072006.pdf.download.pdf/swissmedic_journal072006.pdf; https://ch.oddb.org/de/gcc/fachinfo/reg/31862; https://www.aifa.gov.it/-/comunicazione-sul-medicinale-a-denominazione-generica-barbesaclone-25-mg-e-100-mg-compresse-rivestite-22-05-2014-; https://www.aifa.gov.it/en/ricerca-aifa?adtCategories=811507&searchKeywords=,"Historical European/Swiss/Italian ASM product; Swissmedic Journal lists Maliasin 25 mg/100 mg (barbexaclonum) as an antiepileptic under authorization no. 31862, Swiss Maliasin Fachinformation lists multiple epilepsy indications, and AIFA communications document Barbesaclone 25 mg/100 mg coated-tablet distribution access.","Non-U.S. ASM product: historical Swiss Maliasin authorization no. 31862 for 25 mg/100 mg dragees (barbexaclonum) as an antiepileptic; Swiss Fachinformation lists multiple epilepsy indications; AIFA documents Barbesaclone 25 mg/100 mg coated-tablet access/distribution, with later AIFA search results showing ongoing 2025-2026 Barbesaclone distribution/expiry-extension notices."
barbexaclone,proposed_row_update,medium,year_fda_cleared,proposed,False,Use FDA approval terminology and keep non-U.S. authorization/access context separate.,https://www.fda.gov/drugs/drug-approvals-and-databases/about-drugsfda; https://www.swissmedic.ch/dam/swissmedic/en/dokumente/stab/journal/swissmedic_journal072006.pdf.download.pdf/swissmedic_journal072006.pdf; https://www.aifa.gov.it/-/comunicazione-sul-medicinale-a-denominazione-generica-barbesaclone-25-mg-e-100-mg-compresse-rivestite-22-05-2014-,"Not FDA-cleared; Swissmedic Journal documents Maliasin authorization no. 31862 as an antiepileptic, and AIFA Barbesaclone 25 mg/100 mg distribution communications are documented.","Not FDA-cleared/approved; no FDA label/application identified. Swissmedic Journal documents Maliasin authorization no. 31862 as an antiepileptic, and AIFA documents Barbesaclone coated-tablet access/distribution communications."
brivaracetam,fact_check,high,pubmed_search_aliases,incorrect,False,UCB 34714/UCB-34714 is an investigational-code alias for brivaracetam; adding the hyphenated form improves alias coverage without making it a separate drug row.,https://pubmed.ncbi.nlm.nih.gov/18321235/; https://pmc.ncbi.nlm.nih.gov/articles/PMC7479692/,UCB 34714,UCB 34714; UCB-34714
brivaracetam,fact_check,high,mechanism_source,incorrect,False,The mechanism is supported by FDA labeling; DailyMed should not be the named source for this FDA-tier source field.,https://www.accessdata.fda.gov/drugsatfda_docs/label/2025/205836s017%2C205837s014%2C205838s015lbl.pdf,FDA/DailyMed labeling,FDA/Drugs@FDA labeling
brivaracetam,fact_check,high,enzyme_inducing_or_inhibiting,incorrect,False,"FDA label supports weak CYP2C19 inhibition, epoxide hydrolase inhibition, and little/no CYP induction; current text omits epoxide hydrolase inhibition.",https://www.accessdata.fda.gov/drugsatfda_docs/label/2025/205836s017%2C205837s014%2C205838s015lbl.pdf,Weak CYP2C19 inhibitor; not a broad enzyme inducer,Weak CYP2C19 inhibitor; reversible epoxide hydrolase inhibitor; unlikely to induce CYP enzymes in vivo
brivaracetam,fact_check,critical,filter_enzyme_effect,incorrect,True,FDA label states brivaracetam is unlikely to induce CYP enzymes in vivo; retaining Inducer is directly contradicted.,https://www.accessdata.fda.gov/drugsatfda_docs/label/2025/205836s017%2C205837s014%2C205838s015lbl.pdf,Inducer; Inhibitor,Inhibitor
brivaracetam,fact_check,critical,filter_metabolism,incorrect,True,FDA label says brivaracetam is primarily eliminated by metabolism and less than 10% is excreted unchanged in urine; the current 'Renal/no major metabolism' wording is misleading/contradicted.,https://www.accessdata.fda.gov/drugsatfda_docs/label/2025/205836s017%2C205837s014%2C205838s015lbl.pdf,Liver/hepatic; Plasma/extrahepatic; Renal/no major metabolism,Liver/hepatic; Plasma/extrahepatic; Renal excretion of metabolites
brivaracetam,fact_check,high,fda_black_box_warning_source,incorrect,False,DailyMed is not permissible for black-box verification. Use FDA/openFDA metadata instead.,https://api.fda.gov/drug/label.json?search=openfda.spl_set_id%3A%223cf2f439-0e97-443e-8e33-25ecef616f6c%22&limit=5; https://www.accessdata.fda.gov/drugsatfda_docs/label/2025/205836s017%2C205837s014%2C205838s015lbl.pdf,"FDA/DailyMed SPL; status=no_boxed_warning_in_selected_label; setid=3cf2f439-0e97-443e-8e33-25ecef616f6c; published=May 14, 2026; title=BRIVIACT (BRIVARACETAM) TABLET, FILM COATED BRIVIACT (BRIVARACETAM) SOLUTION BRIVIACT (BRIVARACETAM) INJECTION, SUSPENSION [UCB, INC.]; url=https://dailymed.nlm.nih.gov/dailymed/drugInfo.cfm?setid=3cf2f439-0e97-443e-8e33-25ecef616f6c",FDA/openFDA drug label API; status=no_boxed_warning_in_selected_fda_label; spl_set_id=3cf2f439-0e97-443e-8e33-25ecef616f6c; effective_time=20260513; title=Briviact / BRIVARACETAM; api_url=https://api.fda.gov/drug/label.json?search=openfda.spl_set_id%3A%223cf2f439-0e97-443e-8e33-25ecef616f6c%22&limit=5
brivaracetam,fact_check,critical,evidence_sources,incorrect,True,"The row uses non-trusted/non-cited sources and DailyMed wording. The retained facts are supportable from trusted FDA, PubMed/NCBI, and ClinicalTrials.gov sources.",https://www.accessdata.fda.gov/drugsatfda_docs/label/2025/205836s017%2C205837s014%2C205838s015lbl.pdf; https://api.fda.gov/drug/label.json?search=openfda.spl_set_id%3A%223cf2f439-0e97-443e-8e33-25ecef616f6c%22&limit=5; https://www.ncbi.nlm.nih.gov/books/NBK548532/; https://www.ncbi.nlm.nih.gov/books/NBK447897/; https://clinicaltrials.gov/study/NCT04666610,NCBI LiverTox anticonvulsants table; Epilepsy Society ASM list; Epilepsy Foundation Australia ASM list; FDA/DailyMed labeling,NCBI LiverTox anticonvulsants table; FDA/Drugs@FDA labeling; FDA/openFDA labeling; PubMed/NCBI Bookshelf; ClinicalTrials.gov
brivaracetam,outcome_check,high,diff_median_pct_change_maximum_effective_dose,incorrect,False,"Current values are supported, but the Klein2015 200 mg/day median percent reduction differential is extractable from NCBI Bookshelf/CADTH data (35.6% active vs 17.6% placebo; table also reports 18.1% median difference). Adding it does not change the range.",https://pubmed.ncbi.nlm.nih.gov/38576178/; https://pubmed.ncbi.nlm.nih.gov/26471380/; https://pubmed.ncbi.nlm.nih.gov/24446953/; https://pubmed.ncbi.nlm.nih.gov/24256083/; https://pubmed.ncbi.nlm.nih.gov/24116853/; https://pubmed.ncbi.nlm.nih.gov/22813235/; https://pubmed.ncbi.nlm.nih.gov/20592253/; https://www.ncbi.nlm.nih.gov/books/NBK447897/,8-31.4 % (drug minus placebo MPC differential at maximum effective dose/regimen: Inoue2024 BRV 200 mg/day 25.4%; Biton2013 BRV 50 mg/day 12.7%; Ryvlin2013 BRV 100 mg/day 15.5%; Kwan2013 BRV flexible dose up to 150 mg/day 8%; VanPaesschen2012 BRV 150 mg/day 11.1%; French2010 BRV 50 mg/day 31.4%),8-31.4 % (drug minus placebo MPC differential at maximum effective dose/regimen: Inoue2024 BRV 200 mg/day 25.4%; Klein2015 BRV 200 mg/day 18.0%; Biton2013 BRV 50 mg/day 12.7%; Ryvlin2013 BRV 100 mg/day 15.5%; Kwan2013 BRV flexible dose up to 150 mg/day 8%; VanPaesschen2012 BRV 150 mg/day 11.1%; French2010 BRV 50 mg/day 31.4%)
brivaracetam,outcome_check,high,diff_seizure_freedom_maximum_effective_dose,incorrect,False,"Current listed seizure-freedom entries are supported, but NCBI Bookshelf/CADTH outcome data support additional seizure-freedom differentials for Klein2015, Biton2013, and Kwan2013; including Kwan changes the range minimum to 1.5%.",https://pubmed.ncbi.nlm.nih.gov/42092987/; https://pubmed.ncbi.nlm.nih.gov/38576178/; https://pubmed.ncbi.nlm.nih.gov/26471380/; https://pubmed.ncbi.nlm.nih.gov/24446953/; https://pubmed.ncbi.nlm.nih.gov/24256083/; https://pubmed.ncbi.nlm.nih.gov/24116853/; https://pubmed.ncbi.nlm.nih.gov/22813235/; https://pubmed.ncbi.nlm.nih.gov/20592253/; https://www.ncbi.nlm.nih.gov/books/NBK447897/,3.9-8.84 % (drug minus placebo seizure-freedom differential at maximum effective dose/regimen: Yu2026 BRV 200 mg/day 8.84%; Inoue2024 BRV 200 mg/day 6.8%; Ryvlin2013 BRV 100 mg/day 4%; VanPaesschen2012 BRV 150 mg/day 3.9%; French2010 BRV 50 mg/day 5.8%),1.5-8.84 % (drug minus placebo seizure-freedom differential at maximum effective dose/regimen: Yu2026 BRV 200 mg/day 8.84%; Inoue2024 BRV 200 mg/day 6.8%; Klein2015 BRV 200 mg/day 3.2%; Biton2013 BRV 50 mg/day 4.0%; Ryvlin2013 BRV 100 mg/day 4.0%; Kwan2013 BRV flexible dose up to 150 mg/day 1.5%; VanPaesschen2012 BRV 150 mg/day 3.9%; French2010 BRV 50 mg/day 5.8%)
brivaracetam,outcome_check,high,plot_diff_median_pct_change_maximum_effective_dose,incorrect,False,Add extractable Klein2015 MPC differential from NCBI Bookshelf/CADTH data.,https://pubmed.ncbi.nlm.nih.gov/26471380/; https://www.ncbi.nlm.nih.gov/books/NBK447897/,Inoue2024|25.4|https://pubmed.ncbi.nlm.nih.gov/38576178/|448; Ryvlin2013|15.5|https://pubmed.ncbi.nlm.nih.gov/24256083/|398; Kwan2013|8|https://pubmed.ncbi.nlm.nih.gov/24116853/|431; Biton2013|12.7|https://pubmed.ncbi.nlm.nih.gov/24446953/|396; VanPaesschen2012|11.1|https://pubmed.ncbi.nlm.nih.gov/22813235/|157; French2010|31.4|https://pubmed.ncbi.nlm.nih.gov/20592253/|208,Inoue2024|25.4|https://pubmed.ncbi.nlm.nih.gov/38576178/|448; Klein2015|18.0|https://pubmed.ncbi.nlm.nih.gov/26471380/|760; Ryvlin2013|15.5|https://pubmed.ncbi.nlm.nih.gov/24256083/|398; Kwan2013|8|https://pubmed.ncbi.nlm.nih.gov/24116853/|431; Biton2013|12.7|https://pubmed.ncbi.nlm.nih.gov/24446953/|396; VanPaesschen2012|11.1|https://pubmed.ncbi.nlm.nih.gov/22813235/|157; French2010|31.4|https://pubmed.ncbi.nlm.nih.gov/20592253/|208
brivaracetam,outcome_check,high,plot_diff_seizure_freedom_maximum_effective_dose,incorrect,False,"Add supported seizure-freedom differentials for Klein2015, Biton2013, and Kwan2013 from NCBI Bookshelf/CADTH outcome data.",https://pubmed.ncbi.nlm.nih.gov/26471380/; https://pubmed.ncbi.nlm.nih.gov/24446953/; https://pubmed.ncbi.nlm.nih.gov/24116853/; https://www.ncbi.nlm.nih.gov/books/NBK447897/,Yu2026|8.84|https://pubmed.ncbi.nlm.nih.gov/42092987/|178; Inoue2024|6.8|https://pubmed.ncbi.nlm.nih.gov/38576178/|448; Ryvlin2013|4|https://pubmed.ncbi.nlm.nih.gov/24256083/|398; VanPaesschen2012|3.9|https://pubmed.ncbi.nlm.nih.gov/22813235/|157; French2010|5.8|https://pubmed.ncbi.nlm.nih.gov/20592253/|208,Yu2026|8.84|https://pubmed.ncbi.nlm.nih.gov/42092987/|178; Inoue2024|6.8|https://pubmed.ncbi.nlm.nih.gov/38576178/|448; Klein2015|3.2|https://pubmed.ncbi.nlm.nih.gov/26471380/|760; Biton2013|4.0|https://pubmed.ncbi.nlm.nih.gov/24446953/|396; Ryvlin2013|4.0|https://pubmed.ncbi.nlm.nih.gov/24256083/|398; Kwan2013|1.5|https://pubmed.ncbi.nlm.nih.gov/24116853/|431; VanPaesschen2012|3.9|https://pubmed.ncbi.nlm.nih.gov/22813235/|157; French2010|5.8|https://pubmed.ncbi.nlm.nih.gov/20592253/|208
brivaracetam,black_box_warning,high,fda_black_box_warning,incorrect,False,"The no-boxed-warning conclusion is supported by FDA/openFDA/FDA label sources, but the row's current wording and source rely on DailyMed, which is not permissible for this field.",https://api.fda.gov/drug/label.json?search=openfda.spl_set_id%3A%223cf2f439-0e97-443e-8e33-25ecef616f6c%22&limit=5; https://www.accessdata.fda.gov/drugsatfda_docs/label/2025/205836s017%2C205837s014%2C205838s015lbl.pdf,No FDA boxed warning identified in selected current DailyMed label.,No FDA boxed warning identified in selected current FDA/openFDA label.
brivaracetam,proposed_row_update,medium,fda_black_box_warning_source,proposed,False,"Black-box warning verification must use FDA/openFDA/Drugs@FDA, not DailyMed.",https://api.fda.gov/drug/label.json?search=openfda.spl_set_id%3A%223cf2f439-0e97-443e-8e33-25ecef616f6c%22&limit=5,"FDA/DailyMed SPL; status=no_boxed_warning_in_selected_label; setid=3cf2f439-0e97-443e-8e33-25ecef616f6c; published=May 14, 2026; title=BRIVIACT (BRIVARACETAM) TABLET, FILM COATED BRIVIACT (BRIVARACETAM) SOLUTION BRIVIACT (BRIVARACETAM) INJECTION, SUSPENSION [UCB, INC.]; url=https://dailymed.nlm.nih.gov/dailymed/drugInfo.cfm?setid=3cf2f439-0e97-443e-8e33-25ecef616f6c",FDA/openFDA drug label API; status=no_boxed_warning_in_selected_fda_label; spl_set_id=3cf2f439-0e97-443e-8e33-25ecef616f6c; effective_time=20260513; title=Briviact / BRIVARACETAM; api_url=https://api.fda.gov/drug/label.json?search=openfda.spl_set_id%3A%223cf2f439-0e97-443e-8e33-25ecef616f6c%22&limit=5
brivaracetam,proposed_row_update,medium,mechanism_source,proposed,False,Mechanism cell is supported by FDA label language.,https://www.accessdata.fda.gov/drugsatfda_docs/label/2025/205836s017%2C205837s014%2C205838s015lbl.pdf,FDA/DailyMed labeling,FDA/Drugs@FDA labeling
brivaracetam,proposed_row_update,critical,evidence_sources,proposed,True,Replace/augment unsupported source names with trusted sources that support row facts.,https://www.ncbi.nlm.nih.gov/books/NBK548532/; https://www.accessdata.fda.gov/drugsatfda_docs/label/2025/205836s017%2C205837s014%2C205838s015lbl.pdf; https://www.ncbi.nlm.nih.gov/books/NBK447897/; https://clinicaltrials.gov/study/NCT04666610,NCBI LiverTox anticonvulsants table; Epilepsy Society ASM list; Epilepsy Foundation Australia ASM list; FDA/DailyMed labeling,NCBI LiverTox anticonvulsants table; FDA/Drugs@FDA labeling; FDA/openFDA labeling; PubMed/NCBI Bookshelf; ClinicalTrials.gov
brivaracetam,proposed_row_update,medium,pubmed_search_aliases,proposed,False,Add hyphenated investigational-code alias variant.,https://pubmed.ncbi.nlm.nih.gov/18321235/; https://pmc.ncbi.nlm.nih.gov/articles/PMC7479692/,UCB 34714,UCB 34714; UCB-34714
brivaracetam,proposed_row_update,medium,fda_black_box_warning,proposed,False,DailyMed is not permissible for black-box verification; FDA/openFDA/FDA label support no boxed warning.,https://api.fda.gov/drug/label.json?search=openfda.spl_set_id%3A%223cf2f439-0e97-443e-8e33-25ecef616f6c%22&limit=5; https://www.accessdata.fda.gov/drugsatfda_docs/label/2025/205836s017%2C205837s014%2C205838s015lbl.pdf,No FDA boxed warning identified in selected current DailyMed label.,No FDA boxed warning identified in selected current FDA/openFDA label.
brivaracetam,proposed_row_update,medium,fda_black_box_warning_source,proposed,False,Replace impermissible DailyMed black-box source with FDA/openFDA source metadata.,https://api.fda.gov/drug/label.json?search=openfda.spl_set_id%3A%223cf2f439-0e97-443e-8e33-25ecef616f6c%22&limit=5,"FDA/DailyMed SPL; status=no_boxed_warning_in_selected_label; setid=3cf2f439-0e97-443e-8e33-25ecef616f6c; published=May 14, 2026; title=BRIVIACT (BRIVARACETAM) TABLET, FILM COATED BRIVIACT (BRIVARACETAM) SOLUTION BRIVIACT (BRIVARACETAM) INJECTION, SUSPENSION [UCB, INC.]; url=https://dailymed.nlm.nih.gov/dailymed/drugInfo.cfm?setid=3cf2f439-0e97-443e-8e33-25ecef616f6c",FDA/openFDA drug label API; status=no_boxed_warning_in_selected_fda_label; spl_set_id=3cf2f439-0e97-443e-8e33-25ecef616f6c; effective_time=20260513; title=Briviact / BRIVARACETAM; api_url=https://api.fda.gov/drug/label.json?search=openfda.spl_set_id%3A%223cf2f439-0e97-443e-8e33-25ecef616f6c%22&limit=5
brivaracetam,proposed_row_update,medium,mechanism_source,proposed,False,Mechanism is supported by FDA labeling; DailyMed is not needed as source text.,https://www.accessdata.fda.gov/drugsatfda_docs/label/2025/205836s017%2C205837s014%2C205838s015lbl.pdf,FDA/DailyMed labeling,FDA/Drugs@FDA labeling
brivaracetam,proposed_row_update,critical,evidence_sources,proposed,True,"Use trusted, row-supporting sources and avoid reliance on non-trusted/DailyMed source names.",https://www.ncbi.nlm.nih.gov/books/NBK548532/; https://www.accessdata.fda.gov/drugsatfda_docs/label/2025/205836s017%2C205837s014%2C205838s015lbl.pdf; https://www.ncbi.nlm.nih.gov/books/NBK447897/; https://clinicaltrials.gov/study/NCT04666610,NCBI LiverTox anticonvulsants table; Epilepsy Society ASM list; Epilepsy Foundation Australia ASM list; FDA/DailyMed labeling,NCBI LiverTox anticonvulsants table; FDA/Drugs@FDA labeling; FDA/openFDA labeling; PubMed/NCBI Bookshelf; ClinicalTrials.gov
brivaracetam,proposed_row_update,medium,enzyme_inducing_or_inhibiting,proposed,False,"FDA label supports weak CYP2C19 inhibition, epoxide hydrolase inhibition, and lack of meaningful induction.",https://www.accessdata.fda.gov/drugsatfda_docs/label/2025/205836s017%2C205837s014%2C205838s015lbl.pdf,Weak CYP2C19 inhibitor; not a broad enzyme inducer,Weak CYP2C19 inhibitor; reversible epoxide hydrolase inhibitor; unlikely to induce CYP enzymes in vivo
brivaracetam,proposed_row_update,critical,filter_enzyme_effect,proposed,True,FDA label directly contradicts inducer classification.,https://www.accessdata.fda.gov/drugsatfda_docs/label/2025/205836s017%2C205837s014%2C205838s015lbl.pdf,Inducer; Inhibitor,Inhibitor
brivaracetam,proposed_row_update,critical,filter_metabolism,proposed,True,"FDA label says brivaracetam is primarily metabolized, with urinary excretion mainly as metabolites; unchanged renal excretion is less than 10%.",https://www.accessdata.fda.gov/drugsatfda_docs/label/2025/205836s017%2C205837s014%2C205838s015lbl.pdf,Liver/hepatic; Plasma/extrahepatic; Renal/no major metabolism,Liver/hepatic; Plasma/extrahepatic; Renal excretion of metabolites
brivaracetam,proposed_row_update,medium,diff_median_pct_change_maximum_effective_dose,proposed,False,Add extractable Klein2015 median percent change differential.,https://pubmed.ncbi.nlm.nih.gov/26471380/; https://www.ncbi.nlm.nih.gov/books/NBK447897/,8-31.4 % (drug minus placebo MPC differential at maximum effective dose/regimen: Inoue2024 BRV 200 mg/day 25.4%; Biton2013 BRV 50 mg/day 12.7%; Ryvlin2013 BRV 100 mg/day 15.5%; Kwan2013 BRV flexible dose up to 150 mg/day 8%; VanPaesschen2012 BRV 150 mg/day 11.1%; French2010 BRV 50 mg/day 31.4%),8-31.4 % (drug minus placebo MPC differential at maximum effective dose/regimen: Inoue2024 BRV 200 mg/day 25.4%; Klein2015 BRV 200 mg/day 18.0%; Biton2013 BRV 50 mg/day 12.7%; Ryvlin2013 BRV 100 mg/day 15.5%; Kwan2013 BRV flexible dose up to 150 mg/day 8%; VanPaesschen2012 BRV 150 mg/day 11.1%; French2010 BRV 50 mg/day 31.4%)
brivaracetam,proposed_row_update,medium,plot_diff_median_pct_change_maximum_effective_dose,proposed,False,Add Klein2015 plot value.,https://pubmed.ncbi.nlm.nih.gov/26471380/; https://www.ncbi.nlm.nih.gov/books/NBK447897/,Inoue2024|25.4|https://pubmed.ncbi.nlm.nih.gov/38576178/|448; Ryvlin2013|15.5|https://pubmed.ncbi.nlm.nih.gov/24256083/|398; Kwan2013|8|https://pubmed.ncbi.nlm.nih.gov/24116853/|431; Biton2013|12.7|https://pubmed.ncbi.nlm.nih.gov/24446953/|396; VanPaesschen2012|11.1|https://pubmed.ncbi.nlm.nih.gov/22813235/|157; French2010|31.4|https://pubmed.ncbi.nlm.nih.gov/20592253/|208,Inoue2024|25.4|https://pubmed.ncbi.nlm.nih.gov/38576178/|448; Klein2015|18.0|https://pubmed.ncbi.nlm.nih.gov/26471380/|760; Ryvlin2013|15.5|https://pubmed.ncbi.nlm.nih.gov/24256083/|398; Kwan2013|8|https://pubmed.ncbi.nlm.nih.gov/24116853/|431; Biton2013|12.7|https://pubmed.ncbi.nlm.nih.gov/24446953/|396; VanPaesschen2012|11.1|https://pubmed.ncbi.nlm.nih.gov/22813235/|157; French2010|31.4|https://pubmed.ncbi.nlm.nih.gov/20592253/|208
brivaracetam,proposed_row_update,medium,diff_seizure_freedom_maximum_effective_dose,proposed,False,"Add extractable seizure-freedom differentials for Klein2015, Biton2013, and Kwan2013; update range.",https://pubmed.ncbi.nlm.nih.gov/26471380/; https://pubmed.ncbi.nlm.nih.gov/24446953/; https://pubmed.ncbi.nlm.nih.gov/24116853/; https://www.ncbi.nlm.nih.gov/books/NBK447897/,3.9-8.84 % (drug minus placebo seizure-freedom differential at maximum effective dose/regimen: Yu2026 BRV 200 mg/day 8.84%; Inoue2024 BRV 200 mg/day 6.8%; Ryvlin2013 BRV 100 mg/day 4%; VanPaesschen2012 BRV 150 mg/day 3.9%; French2010 BRV 50 mg/day 5.8%),1.5-8.84 % (drug minus placebo seizure-freedom differential at maximum effective dose/regimen: Yu2026 BRV 200 mg/day 8.84%; Inoue2024 BRV 200 mg/day 6.8%; Klein2015 BRV 200 mg/day 3.2%; Biton2013 BRV 50 mg/day 4.0%; Ryvlin2013 BRV 100 mg/day 4.0%; Kwan2013 BRV flexible dose up to 150 mg/day 1.5%; VanPaesschen2012 BRV 150 mg/day 3.9%; French2010 BRV 50 mg/day 5.8%)
brivaracetam,proposed_row_update,medium,plot_diff_seizure_freedom_maximum_effective_dose,proposed,False,Add supported seizure-freedom plot values.,https://pubmed.ncbi.nlm.nih.gov/26471380/; https://pubmed.ncbi.nlm.nih.gov/24446953/; https://pubmed.ncbi.nlm.nih.gov/24116853/; https://www.ncbi.nlm.nih.gov/books/NBK447897/,Yu2026|8.84|https://pubmed.ncbi.nlm.nih.gov/42092987/|178; Inoue2024|6.8|https://pubmed.ncbi.nlm.nih.gov/38576178/|448; Ryvlin2013|4|https://pubmed.ncbi.nlm.nih.gov/24256083/|398; VanPaesschen2012|3.9|https://pubmed.ncbi.nlm.nih.gov/22813235/|157; French2010|5.8|https://pubmed.ncbi.nlm.nih.gov/20592253/|208,Yu2026|8.84|https://pubmed.ncbi.nlm.nih.gov/42092987/|178; Inoue2024|6.8|https://pubmed.ncbi.nlm.nih.gov/38576178/|448; Klein2015|3.2|https://pubmed.ncbi.nlm.nih.gov/26471380/|760; Biton2013|4.0|https://pubmed.ncbi.nlm.nih.gov/24446953/|396; Ryvlin2013|4.0|https://pubmed.ncbi.nlm.nih.gov/24256083/|398; Kwan2013|1.5|https://pubmed.ncbi.nlm.nih.gov/24116853/|431; VanPaesschen2012|3.9|https://pubmed.ncbi.nlm.nih.gov/22813235/|157; French2010|5.8|https://pubmed.ncbi.nlm.nih.gov/20592253/|208
brivaracetam,proposed_row_update,medium,rct_pubmed_verification_notes,proposed,False,Clarify which retained RCT links are outcome-bearing and prevent erroneous addition of secondary/background-drug publications.,https://pubmed.ncbi.nlm.nih.gov/35844134/; https://pubmed.ncbi.nlm.nih.gov/26666500/; https://pubmed.ncbi.nlm.nih.gov/41175011/; https://pubmed.ncbi.nlm.nih.gov/35582748/; https://pubmed.ncbi.nlm.nih.gov/27988967/; https://pubmed.ncbi.nlm.nih.gov/27608437/,PubMed loop 5/65 on 2026-05-15: 10 qualifying placebo-controlled randomized clinical trial report(s) retained from 40 PubMed candidate(s). Links were rebuilt from fetched PubMed PMID metadata and named FirstAuthorYear. Differential effectiveness columns summarize extractable maximum effective dose/regimen values within qualifying RCT reports.,Verified 2026-05-20: 10 listed links are brivaracetam phase II/III randomized placebo-controlled studies or design reports. Bast2022 is a phase 2/3 adaptive design publication without extractable efficacy-arm results; Kalviainen2015 reports EPM1 action-myoclonus outcomes rather than RR50/MPC/seizure-freedom outcomes. Secondary pooled/post hoc publications and the JNJ-40411813 trial with brivaracetam as background therapy should not be added as separate primary brivaracetam RCT rows.
cannabidiol,fact_check,high,pubmed_search_aliases,missing,False,CBD is verified. GWP42003-P is a recurring trial/intervention name in ClinicalTrials.gov records for cannabidiol and should be searchable to prevent missed RCTs.,https://clinicaltrials.gov/study/NCT02091375; https://clinicaltrials.gov/study/NCT02224560; https://clinicaltrials.gov/study/NCT02224690; https://clinicaltrials.gov/study/NCT02544763,CBD,CBD; GWP42003-P
cannabidiol,fact_check,medium,half_life_range,missing_source,True,FDA labeling supports terminal plasma half-life of 56-61 h. I did not find a trusted row-cited source supporting the effective half-life value of ~17 h.,https://www.accessdata.fda.gov/drugsatfda_docs/label/2024/210365s021lbl.pdf,Effective ~17 h; terminal ~56-61 h,Terminal plasma half-life 56-61 h after twice-daily dosing for 7 days
cannabidiol,fact_check,critical,adverse_symptoms_percentages,incorrect,True,FDA adverse-reaction tables for LGS/Dravet and TSC support the proposed ranges. The current row misses the TSC diarrhea and transaminase maxima and includes a somnolence maximum not supported by the selected FDA label tables.,https://www.accessdata.fda.gov/drugsatfda_docs/label/2024/210365s021lbl.pdf,"CNS: somnolence 23-32%, GI: decreased appetite 16-22%, GI: diarrhea 9-20%, hepatic: transaminase elevation 8-13%, constitutional: fatigue/malaise 11%","CNS: somnolence 13-25%, GI: decreased appetite 16-22%, GI: diarrhea 9-31%, hepatic: transaminases elevated 8-25%, constitutional: fatigue/malaise/asthenia 5-12%"
cannabidiol,fact_check,medium,mechanism_of_action,missing_source,True,"FDA labeling supports the unknown mechanism and lack of apparent cannabinoid-receptor mediation. A trusted row-cited source was not found for the GPR55, TRPV1, and adenosine-mediated signaling claims.",https://www.accessdata.fda.gov/drugsatfda_docs/label/2024/210365s021lbl.pdf,"Precise human anticonvulsant mechanisms are unknown; effects do not appear to be mediated by CB1/CB2 cannabinoid receptors, with GPR55, TRPV1, and adenosine-mediated signaling proposed.",Precise human anticonvulsant mechanisms are unknown; cannabidiol does not appear to exert its anticonvulsant effects through interaction with cannabinoid receptors.
cannabidiol,fact_check,critical,qt_interval_effect,incorrect,True,FDA labeling is more nuanced than the current text: it reports concentration-dependent QTc prolongation but no >10 ms QTc prolongation at recommended monotherapy exposures with a high-fat meal.,https://www.accessdata.fda.gov/drugsatfda_docs/label/2024/210365s021lbl.pdf,No clinically meaningful QT prolongation established,"Concentration-dependent QTc prolongation observed; at recommended monotherapy exposures with a high-fat meal, EPIDIOLEX did not prolong QTc by more than 10 ms; QTc effect at increased exposures from food, concomitant medications, or alcohol is unknown"
cannabidiol,fact_check,high,evidence_sources,incorrect,False,"The current source list includes DailyMed and sources outside the trusted-domain list. FDA/openFDA/FDA label, NCBI, EMA, PubMed, and ClinicalTrials.gov sources support the retained row facts more directly.",https://www.accessdata.fda.gov/drugsatfda_docs/label/2024/210365s021lbl.pdf; https://api.fda.gov/drug/label.json?search=openfda.spl_set_id%3A%228bf27097-4870-43fb-94f0-f3d0871d1eec%22&limit=5; https://www.ncbi.nlm.nih.gov/books/NBK548890/; https://www.ema.europa.eu/en/medicines/human/EPAR/epidyolex,NCBI LiverTox anticonvulsants table; Epilepsy Society ASM list; FDA/DailyMed labeling; American Epilepsy Society 2024 U.S. ASM summary,FDA/openFDA or FDA-approved labeling for Epidiolex; NCBI LiverTox cannabidiol monograph; EMA Epidyolex EPAR; PubMed/ClinicalTrials.gov RCT records listed in pubmed_phase_ii_iii_rct_links
cannabidiol,fact_check,high,mechanism_source,incorrect,False,The current source string includes DailyMed and AES; the FDA label directly supports only the narrower mechanism statement.,https://www.accessdata.fda.gov/drugsatfda_docs/label/2024/210365s021lbl.pdf,FDA/DailyMed labeling; American Epilepsy Society 2024 U.S. ASM summary,"FDA-approved labeling for Epidiolex, section 12.1 Clinical Pharmacology / Mechanism of Action"
cannabidiol,fact_check,high,mechanism_source_tier,incorrect,False,The retained mechanism should be sourced to FDA labeling only unless a trusted peer-reviewed source is added for the extra mechanistic hypotheses.,https://www.accessdata.fda.gov/drugsatfda_docs/label/2024/210365s021lbl.pdf,FDA/AES summary,FDA labeling
cannabidiol,rct_link_check,medium,pubmed_phase_ii_iii_rct_links,insufficient_evidence,True,"Correct drug and placebo-controlled randomized transdermal cannabidiol focal-epilepsy trial, but PubMed did not clearly verify phase II/III classification, and no significant double-blind efficacy difference was reported.",https://pubmed.ncbi.nlm.nih.gov/35802375/,https://pubmed.ncbi.nlm.nih.gov/35802375/,Retain pending row-policy review; do not use for RR50/MPC/seizure-freedom rollups.
cannabidiol,missing_rct,high,pubmed_phase_ii_iii_rct_links,missing,False,"PubMed metadata and the abstract describe a post hoc analysis of two randomized, placebo-controlled phase 3 cannabidiol trials in LGS. It is not an independent new trial and should be appended only if the CSV intentionally includes secondary/post hoc RCT reports.",https://pubmed.ncbi.nlm.nih.gov/33797076/,,Privitera2021|https://pubmed.ncbi.nlm.nih.gov/33797076/
cannabidiol,black_box_warning,high,fda_black_box_warning,incorrect,False,"The no-boxed-warning conclusion is supportable, but the row cites DailyMed for the boxed-warning field. The audit policy requires FDA/openFDA, FDA labels, or Drugs@FDA only for this field.",https://api.fda.gov/drug/label.json?search=openfda.spl_set_id%3A%228bf27097-4870-43fb-94f0-f3d0871d1eec%22&limit=5; https://www.accessdata.fda.gov/drugsatfda_docs/label/2024/210365s021lbl.pdf,No FDA boxed warning identified in selected current DailyMed label.,No FDA boxed warning identified in selected current FDA/openFDA label.
cannabidiol,proposed_row_update,medium,fda_black_box_warning_source,proposed,False,"Black-box warning verification must use FDA/openFDA, FDA labels, or Drugs@FDA, not DailyMed.",https://api.fda.gov/drug/label.json?search=openfda.spl_set_id%3A%228bf27097-4870-43fb-94f0-f3d0871d1eec%22&limit=5,"FDA/DailyMed SPL; status=no_boxed_warning_in_selected_label; setid=8bf27097-4870-43fb-94f0-f3d0871d1eec; published=Nov 17, 2025; title=EPIDIOLEX (CANNABIDIOL) SOLUTION [JAZZ PHARMACEUTICALS, INC.]; url=https://dailymed.nlm.nih.gov/dailymed/drugInfo.cfm?setid=8bf27097-4870-43fb-94f0-f3d0871d1eec",FDA/openFDA drug label API; status=no_boxed_warning_in_selected_fda_label; spl_set_id=8bf27097-4870-43fb-94f0-f3d0871d1eec; effective_time=20250731; title=Epidiolex / CANNABIDIOL; api_url=https://api.fda.gov/drug/label.json?search=openfda.spl_set_id%3A%228bf27097-4870-43fb-94f0-f3d0871d1eec%22&limit=5
cannabidiol,proposed_row_update,medium,mechanism_source,proposed,False,Current source does not support all mechanism text and includes non-preferred/non-trusted source naming.,https://www.accessdata.fda.gov/drugsatfda_docs/label/2024/210365s021lbl.pdf,FDA/DailyMed labeling; American Epilepsy Society 2024 U.S. ASM summary,"FDA-approved labeling for Epidiolex, section 12.1 Clinical Pharmacology / Mechanism of Action"
cannabidiol,proposed_row_update,medium,evidence_sources,proposed,False,Use trusted domains and sources that directly support row facts.,https://www.accessdata.fda.gov/drugsatfda_docs/label/2024/210365s021lbl.pdf; https://www.ncbi.nlm.nih.gov/books/NBK548890/; https://www.ema.europa.eu/en/medicines/human/EPAR/epidyolex; https://clinicaltrials.gov/,NCBI LiverTox anticonvulsants table; Epilepsy Society ASM list; FDA/DailyMed labeling; American Epilepsy Society 2024 U.S. ASM summary,FDA/openFDA or FDA-approved labeling for Epidiolex; NCBI LiverTox cannabidiol monograph; EMA Epidyolex EPAR; PubMed/ClinicalTrials.gov RCT records listed in pubmed_phase_ii_iii_rct_links
cannabidiol,proposed_row_update,critical,adverse_symptoms_percentages,proposed,True,Align adverse-event ranges with FDA label Tables 3 and 4 across LGS/Dravet and TSC.,https://www.accessdata.fda.gov/drugsatfda_docs/label/2024/210365s021lbl.pdf,"CNS: somnolence 23-32%, GI: decreased appetite 16-22%, GI: diarrhea 9-20%, hepatic: transaminase elevation 8-13%, constitutional: fatigue/malaise 11%","CNS: somnolence 13-25%, GI: decreased appetite 16-22%, GI: diarrhea 9-31%, hepatic: transaminases elevated 8-25%, constitutional: fatigue/malaise/asthenia 5-12%"
cannabidiol,proposed_row_update,medium,fda_black_box_warning_source,proposed,False,DailyMed is not permitted for FDA boxed-warning verification; use FDA/openFDA metadata.,https://api.fda.gov/drug/label.json?search=openfda.spl_set_id%3A%228bf27097-4870-43fb-94f0-f3d0871d1eec%22&limit=5; https://www.accessdata.fda.gov/drugsatfda_docs/label/2024/210365s021lbl.pdf,"FDA/DailyMed SPL; status=no_boxed_warning_in_selected_label; setid=8bf27097-4870-43fb-94f0-f3d0871d1eec; published=Nov 17, 2025; title=EPIDIOLEX (CANNABIDIOL) SOLUTION [JAZZ PHARMACEUTICALS, INC.]; url=https://dailymed.nlm.nih.gov/dailymed/drugInfo.cfm?setid=8bf27097-4870-43fb-94f0-f3d0871d1eec",FDA/openFDA drug label API; status=no_boxed_warning_in_selected_fda_label; spl_set_id=8bf27097-4870-43fb-94f0-f3d0871d1eec; effective_time=20250731; title=Epidiolex / CANNABIDIOL; api_url=https://api.fda.gov/drug/label.json?search=openfda.spl_set_id%3A%228bf27097-4870-43fb-94f0-f3d0871d1eec%22&limit=5
cannabidiol,proposed_row_update,medium,fda_black_box_warning,proposed,False,"Same conclusion, corrected source language.",https://api.fda.gov/drug/label.json?search=openfda.spl_set_id%3A%228bf27097-4870-43fb-94f0-f3d0871d1eec%22&limit=5,No FDA boxed warning identified in selected current DailyMed label.,No FDA boxed warning identified in selected current FDA/openFDA label.
cannabidiol,proposed_row_update,critical,half_life_range,proposed,True,FDA label supports terminal half-life only; no trusted source was found for the effective half-life value.,https://www.accessdata.fda.gov/drugsatfda_docs/label/2024/210365s021lbl.pdf,Effective ~17 h; terminal ~56-61 h,Terminal plasma half-life 56-61 h after twice-daily dosing for 7 days
cannabidiol,proposed_row_update,critical,mechanism_of_action,proposed,True,FDA labeling supports the narrower statement; the additional mechanistic hypotheses lack a trusted row-cited source.,https://www.accessdata.fda.gov/drugsatfda_docs/label/2024/210365s021lbl.pdf,"Precise human anticonvulsant mechanisms are unknown; effects do not appear to be mediated by CB1/CB2 cannabinoid receptors, with GPR55, TRPV1, and adenosine-mediated signaling proposed.",Precise human anticonvulsant mechanisms are unknown; cannabidiol does not appear to exert its anticonvulsant effects through interaction with cannabinoid receptors.
cannabidiol,proposed_row_update,medium,mechanism_source,proposed,False,Mechanism statement should cite a trusted source that directly supports it.,https://www.accessdata.fda.gov/drugsatfda_docs/label/2024/210365s021lbl.pdf,FDA/DailyMed labeling; American Epilepsy Society 2024 U.S. ASM summary,"FDA-approved labeling for Epidiolex, section 12.1 Clinical Pharmacology / Mechanism of Action"
cannabidiol,proposed_row_update,medium,mechanism_source_tier,proposed,False,AES summary was not verified from the trusted-domain list and is not needed for the FDA-supported mechanism statement.,https://www.accessdata.fda.gov/drugsatfda_docs/label/2024/210365s021lbl.pdf,FDA/AES summary,FDA labeling
cannabidiol,proposed_row_update,critical,qt_interval_effect,proposed,True,FDA label supports a more nuanced QT statement.,https://www.accessdata.fda.gov/drugsatfda_docs/label/2024/210365s021lbl.pdf,No clinically meaningful QT prolongation established,"Concentration-dependent QTc prolongation observed; at recommended monotherapy exposures with a high-fat meal, EPIDIOLEX did not prolong QTc by more than 10 ms; QTc effect at increased exposures from food, concomitant medications, or alcohol is unknown"
cannabidiol,proposed_row_update,medium,enzyme_inducing_or_inhibiting,proposed,False,More closely matches FDA drug-interaction and pharmacokinetic wording.,https://www.accessdata.fda.gov/drugsatfda_docs/label/2024/210365s021lbl.pdf,Inhibits CYP2C19 and can inhibit CYP2C9/UGT pathways; affected by CYP3A4/CYP2C19 modulators,"Substrate of CYP3A4/CYP2C19; inhibits CYP2C19 and may inhibit CYP2C9, UGT1A9, and UGT2B7; strong CYP3A4/CYP2C19 inducers reduce exposure"
cannabidiol,proposed_row_update,medium,pubmed_search_aliases,proposed,False,GWP42003-P is an important trial code/intervention name for cannabidiol in ClinicalTrials.gov records.,https://clinicaltrials.gov/study/NCT02091375; https://clinicaltrials.gov/study/NCT02224560; https://clinicaltrials.gov/study/NCT02224690; https://clinicaltrials.gov/study/NCT02544763,CBD,CBD; GWP42003-P
cannabidiol,proposed_row_update,medium,evidence_sources,proposed,False,Replace non-trusted or non-specific row sources with trusted sources that directly support the populated facts.,https://www.accessdata.fda.gov/drugsatfda_docs/label/2024/210365s021lbl.pdf; https://www.ncbi.nlm.nih.gov/books/NBK548890/; https://www.ema.europa.eu/en/medicines/human/EPAR/epidyolex,NCBI LiverTox anticonvulsants table; Epilepsy Society ASM list; FDA/DailyMed labeling; American Epilepsy Society 2024 U.S. ASM summary,FDA/openFDA or FDA-approved labeling for Epidiolex; NCBI LiverTox cannabidiol monograph; EMA Epidyolex EPAR; PubMed/ClinicalTrials.gov RCT records listed in pubmed_phase_ii_iii_rct_links
cannabidiol,proposed_row_update,critical,pubmed_phase_ii_iii_rct_links,proposed,True,Privitera2021 is a post hoc analysis of two randomized placebo-controlled phase 3 LGS cannabidiol trials; append only if secondary RCT analyses are within CSV scope.,https://pubmed.ncbi.nlm.nih.gov/33797076/,OBrien2022|https://pubmed.ncbi.nlm.nih.gov/35802375/; Thiele2021|https://pubmed.ncbi.nlm.nih.gov/33346789/; Miller2020|https://pubmed.ncbi.nlm.nih.gov/32119035/; Thiele2018|https://pubmed.ncbi.nlm.nih.gov/29395273/; Devinsky2018b|https://pubmed.ncbi.nlm.nih.gov/29768152/; Devinsky2018|https://pubmed.ncbi.nlm.nih.gov/29540584/; Devinsky2017|https://pubmed.ncbi.nlm.nih.gov/28538134/,OBrien2022|https://pubmed.ncbi.nlm.nih.gov/35802375/; Thiele2021|https://pubmed.ncbi.nlm.nih.gov/33346789/; Miller2020|https://pubmed.ncbi.nlm.nih.gov/32119035/; Thiele2018|https://pubmed.ncbi.nlm.nih.gov/29395273/; Devinsky2018b|https://pubmed.ncbi.nlm.nih.gov/29768152/; Devinsky2018|https://pubmed.ncbi.nlm.nih.gov/29540584/; Devinsky2017|https://pubmed.ncbi.nlm.nih.gov/28538134/; Privitera2021|https://pubmed.ncbi.nlm.nih.gov/33797076/
carbamazepine,fact_check,medium,trade_names,insufficient_evidence,False,"Carbatrol, Equetro, Tegretol/Tegretol XR, and Epitol are supported by FDA/NCBI sources. Curatil and Tegretol Prolonged Release were not verified from the available trusted-source evidence in this audit; no direct contradiction found, so no deletion is proposed.",https://www.fda.gov/drugs/postmarket-drug-safety-information-patients-and-providers/information-carbamazepine-marketed-carbatrol-equetro-tegretol-and-generics; https://www.ncbi.nlm.nih.gov/books/NBK548097/,Carbatrol; Curatil; Epitol; Equetro; Tegretol; Tegretol Prolonged Release; Tegretol-XR,Carbatrol; Curatil; Epitol; Equetro; Tegretol; Tegretol Prolonged Release; Tegretol-XR
carbamazepine,fact_check,high,pubmed_search_aliases,missing,False,The empty alias field may miss common abbreviation/brand-title records. FDA/NCBI sources support the listed brand names; CBZ is a standard abbreviation used in PubMed-indexed carbamazepine literature.,https://www.ncbi.nlm.nih.gov/books/NBK548097/; https://pubmed.ncbi.nlm.nih.gov/15156070/,,CBZ; Carbatrol; Tegretol; Tegretol-XR; Tegretol XR; Equetro; Epitol
carbamazepine,fact_check,high,enzyme_inducing_or_inhibiting; filter_enzyme_effect,incorrect,False,"FDA labeling supports potent/strong CYP3A4 induction and induction of CYP1A2, 2B6, and 2C9/19. UGT induction and autoinduction are supported by peer-reviewed PubMed/PMC evidence; wording should avoid implying every listed pathway is classified as strong.",https://www.accessdata.fda.gov/drugsatfda_docs/label/2022/021710s018lbl.pdf; https://pubmed.ncbi.nlm.nih.gov/31650711/; https://pubmed.ncbi.nlm.nih.gov/14709631/; https://pmc.ncbi.nlm.nih.gov/articles/PMC4865535/,"Strong enzyme inducer: CYP3A4, CYP1A2, CYP2B6, CYP2C9, CYP2C19, UGT; autoinducer","Strong enzyme inducer: CYP3A4; inducer of CYP1A2, CYP2B6, CYP2C9/19 and UGT pathways; autoinducer"
carbamazepine,fact_check,high,adverse_symptoms_percentages; filter_symptom_category,incorrect,False,"The percentages match FDA Equetro pooled placebo-controlled bipolar-disorder trials. FDA term is somnolence, not drowsiness; the data are not epilepsy-trial-specific.",https://www.accessdata.fda.gov/drugsatfda_docs/label/2022/021710s018lbl.pdf,"CNS: dizziness 44%, CNS: drowsiness 32%, GI: nausea 29%, GI: vomiting 18%, neurologic: ataxia 15%, dermatologic: rash 7%","CNS: dizziness 44%, CNS: somnolence/drowsiness 32%, neurologic: ataxia 15%, GI: nausea 29%, GI: vomiting 18%, dermatologic: rash 7%"
carbamazepine,fact_check,high,mechanism_source,incorrect,False,DailyMed should be replaced with FDA/accessdata for a trusted FDA label citation; the Sills/Rogawski PubMed record supports the sodium-channel mechanism.,https://www.accessdata.fda.gov/drugsatfda_docs/label/2023/020712s038lbl.pdf; https://pubmed.ncbi.nlm.nih.gov/32120063/,FDA/DailyMed labeling; Sills and Rogawski 2020 ASM mechanism review,FDA/accessdata labeling; Sills and Rogawski 2020 ASM mechanism review (PMID 32120063)
carbamazepine,fact_check,high,mechanism_source_tier,incorrect,False,The FDA label supports mechanism uncertainty but not the full sodium-channel wording; the mechanistic classification relies on peer-reviewed review evidence.,https://www.accessdata.fda.gov/drugsatfda_docs/label/2023/020712s038lbl.pdf; https://pubmed.ncbi.nlm.nih.gov/32120063/,FDA label,FDA label + peer-reviewed review
carbamazepine,fact_check,medium,qt_interval_effect,missing_source,True,FDA labeling supports AV heart block and overdose conduction disorders. The current QRS-specific wording and broad 'no typical QT prolongation' statement were not directly supported by the cited row sources.,https://www.accessdata.fda.gov/drugsatfda_docs/label/2022/021710s018lbl.pdf; https://www.accessdata.fda.gov/drugsatfda_docs/label/2023/020712s038lbl.pdf,No typical QT prolongation; can cause conduction abnormalities/AV block and QRS effects in toxicity,No FDA-label evidence of typical QT prolongation; conduction/arrhythmia caution including reported AV heart block and overdose conduction disorders.
carbamazepine,fact_check,critical,filter_qt_effect,incorrect,True,"The row's narrative QT field says no typical QT prolongation, and FDA labeling supports conduction/AV-block caution rather than a QT-prolongation classification.",https://www.accessdata.fda.gov/drugsatfda_docs/label/2022/021710s018lbl.pdf,Conduction/arrhythmia caution; QT prolongation,Conduction/arrhythmia caution
carbamazepine,fact_check,high,evidence_sources,incorrect,False,"The named Epilepsy Society and Epilepsy Foundation Australia sources are outside the requested trusted domains, and DailyMed is not acceptable for black-box verification. The proposed sources are trusted and map to the checked facts.",https://api.fda.gov/drug/label.json?search=openfda.spl_set_id:%22bc03e499-5bac-4293-bff4-6864153a624d%22&limit=1; https://www.accessdata.fda.gov/drugsatfda_docs/label/2023/020712s038lbl.pdf; https://www.accessdata.fda.gov/drugsatfda_docs/label/2022/021710s018lbl.pdf; https://www.ncbi.nlm.nih.gov/books/NBK548097/; https://pubmed.ncbi.nlm.nih.gov/32120063/; https://pubmed.ncbi.nlm.nih.gov/15156070/; https://www.ncbi.nlm.nih.gov/books/n/niceng217er26/,NCBI LiverTox anticonvulsants table; Epilepsy Society ASM list; Epilepsy Foundation Australia ASM list; FDA/DailyMed labeling; Sills and Rogawski 2020 ASM mechanism review,FDA/openFDA labeling; FDA Drugs@FDA/accessdata labeling; NCBI LiverTox; Sills and Rogawski 2020 ASM mechanism review (PMID 32120063); PubMed RCT metadata (PMID 15156070); NCBI Bookshelf NICE epilepsy evidence review
carbamazepine,rct_link_check,high,pubmed_phase_ii_iii_rct_links,not_phase_ii_iii,True,"This is a randomized double-blind withdrawal/neuropsychological study in well-controlled epilepsy; the abstract states medication choice was not randomized to placebo, and it is not a phase II/III placebo-controlled carbamazepine seizure-efficacy RCT for RR50/MPC/seizure-freedom extraction.",https://pubmed.ncbi.nlm.nih.gov/20955400/,https://pubmed.ncbi.nlm.nih.gov/20955400/,do_not_add
carbamazepine,black_box_warning,high,fda_black_box_warning,incorrect,False,"The boxed-warning content is concordant with FDA labeling, but the row's black-box source cites DailyMed, which is not permissible for this field under the audit rules.",https://api.fda.gov/drug/label.json?search=openfda.spl_set_id:%22bc03e499-5bac-4293-bff4-6864153a624d%22&limit=1; https://www.accessdata.fda.gov/drugsatfda_docs/label/2023/020712s038lbl.pdf,Boxed warning text present for serious dermatologic reactions/HLA-B*1502 plus aplastic anemia/agranulocytosis; current source is DailyMed-based.,Keep current boxed-warning text; replace source metadata with: FDA/openFDA drug label API; status=boxed_warning_found; spl_set_id=bc03e499-5bac-4293-bff4-6864153a624d; effective_time=20250627; title=Carbatrol / CARBAMAZEPINE; api_url=https://api.fda.gov/drug/label.json?search=openfda.spl_set_id:%22bc03e499-5bac-4293-bff4-6864153a624d%22&limit=1
carbamazepine,proposed_row_update,medium,fda_black_box_warning_source,proposed,False,"Black-box field must use FDA/openFDA/accessdata, not DailyMed.",https://api.fda.gov/drug/label.json?search=openfda.spl_set_id:%22bc03e499-5bac-4293-bff4-6864153a624d%22&limit=1,"FDA/DailyMed SPL; status=boxed_warning_found; setid=bc03e499-5bac-4293-bff4-6864153a624d; published=Jul 03, 2025; title=CARBATROL (CARBAMAZEPINE) CAPSULE, EXTENDED RELEASE [TAKEDA PHARMACEUTICALS AMERICA, INC.]; url=https://dailymed.nlm.nih.gov/dailymed/drugInfo.cfm?setid=bc03e499-5bac-4293-bff4-6864153a624d",FDA/openFDA drug label API; status=boxed_warning_found; spl_set_id=bc03e499-5bac-4293-bff4-6864153a624d; effective_time=20250627; title=Carbatrol / CARBAMAZEPINE; api_url=https://api.fda.gov/drug/label.json?search=openfda.spl_set_id:%22bc03e499-5bac-4293-bff4-6864153a624d%22&limit=1
carbamazepine,proposed_row_update,medium,mechanism_source,proposed,False,Clarifies trusted source and PubMed identifier.,https://www.accessdata.fda.gov/drugsatfda_docs/label/2023/020712s038lbl.pdf; https://pubmed.ncbi.nlm.nih.gov/32120063/,FDA/DailyMed labeling; Sills and Rogawski 2020 ASM mechanism review,FDA/accessdata labeling; Sills and Rogawski 2020 ASM mechanism review (PMID 32120063)
carbamazepine,proposed_row_update,medium,evidence_sources,proposed,False,Replaces non-trusted/overbroad named sources with trusted sources that support the row facts.,https://api.fda.gov/drug/label.json?search=openfda.spl_set_id:%22bc03e499-5bac-4293-bff4-6864153a624d%22&limit=1; https://www.accessdata.fda.gov/drugsatfda_docs/label/2023/020712s038lbl.pdf; https://www.accessdata.fda.gov/drugsatfda_docs/label/2022/021710s018lbl.pdf; https://www.ncbi.nlm.nih.gov/books/NBK548097/; https://pubmed.ncbi.nlm.nih.gov/32120063/; https://pubmed.ncbi.nlm.nih.gov/15156070/; https://www.ncbi.nlm.nih.gov/books/n/niceng217er26/,NCBI LiverTox anticonvulsants table; Epilepsy Society ASM list; Epilepsy Foundation Australia ASM list; FDA/DailyMed labeling; Sills and Rogawski 2020 ASM mechanism review,FDA/openFDA labeling; FDA Drugs@FDA/accessdata labeling; NCBI LiverTox; Sills and Rogawski 2020 ASM mechanism review (PMID 32120063); PubMed RCT metadata (PMID 15156070); NCBI Bookshelf NICE epilepsy evidence review
carbamazepine,proposed_row_update,medium,fda_black_box_warning_source,proposed,False,DailyMed is not permissible for black-box warning verification; FDA/openFDA is permissible.,https://api.fda.gov/drug/label.json?search=openfda.spl_set_id:%22bc03e499-5bac-4293-bff4-6864153a624d%22&limit=1,"FDA/DailyMed SPL; status=boxed_warning_found; setid=bc03e499-5bac-4293-bff4-6864153a624d; published=Jul 03, 2025; title=CARBATROL (CARBAMAZEPINE) CAPSULE, EXTENDED RELEASE [TAKEDA PHARMACEUTICALS AMERICA, INC.]; url=https://dailymed.nlm.nih.gov/dailymed/drugInfo.cfm?setid=bc03e499-5bac-4293-bff4-6864153a624d",FDA/openFDA drug label API; status=boxed_warning_found; spl_set_id=bc03e499-5bac-4293-bff4-6864153a624d; effective_time=20250627; title=Carbatrol / CARBAMAZEPINE; api_url=https://api.fda.gov/drug/label.json?search=openfda.spl_set_id:%22bc03e499-5bac-4293-bff4-6864153a624d%22&limit=1
carbamazepine,proposed_row_update,medium,enzyme_inducing_or_inhibiting,proposed,False,"FDA label specifically calls CYP3A4 strong/potent and lists CYP1A2, 2B6, 2C9/19 induction; UGT support comes from PubMed evidence.",https://www.accessdata.fda.gov/drugsatfda_docs/label/2022/021710s018lbl.pdf; https://pubmed.ncbi.nlm.nih.gov/31650711/; https://pubmed.ncbi.nlm.nih.gov/14709631/,"Strong enzyme inducer: CYP3A4, CYP1A2, CYP2B6, CYP2C9, CYP2C19, UGT; autoinducer","Strong enzyme inducer: CYP3A4; inducer of CYP1A2, CYP2B6, CYP2C9/19 and UGT pathways; autoinducer"
carbamazepine,proposed_row_update,medium,adverse_symptoms_percentages,proposed,False,Uses the FDA label term somnolence and keeps the same verified percentages.,https://www.accessdata.fda.gov/drugsatfda_docs/label/2022/021710s018lbl.pdf,"CNS: dizziness 44%, CNS: drowsiness 32%, GI: nausea 29%, GI: vomiting 18%, neurologic: ataxia 15%, dermatologic: rash 7%","CNS: dizziness 44%, CNS: somnolence/drowsiness 32%, neurologic: ataxia 15%, GI: nausea 29%, GI: vomiting 18%, dermatologic: rash 7%"
carbamazepine,proposed_row_update,medium,mechanism_source,proposed,False,Replaces DailyMed wording with FDA/accessdata and adds PMID for the peer-reviewed mechanism source.,https://www.accessdata.fda.gov/drugsatfda_docs/label/2023/020712s038lbl.pdf; https://pubmed.ncbi.nlm.nih.gov/32120063/,FDA/DailyMed labeling; Sills and Rogawski 2020 ASM mechanism review,FDA/accessdata labeling; Sills and Rogawski 2020 ASM mechanism review (PMID 32120063)
carbamazepine,proposed_row_update,medium,mechanism_source_tier,proposed,False,The sodium-channel mechanism is supported by peer-reviewed review evidence; FDA label mainly supports uncertainty.,https://www.accessdata.fda.gov/drugsatfda_docs/label/2023/020712s038lbl.pdf; https://pubmed.ncbi.nlm.nih.gov/32120063/,FDA label,FDA label + peer-reviewed review
carbamazepine,proposed_row_update,critical,qt_interval_effect,proposed,True,Aligns the field with FDA label-supported conduction warnings and avoids unsupported QRS-specific wording.,https://www.accessdata.fda.gov/drugsatfda_docs/label/2022/021710s018lbl.pdf; https://www.accessdata.fda.gov/drugsatfda_docs/label/2023/020712s038lbl.pdf,No typical QT prolongation; can cause conduction abnormalities/AV block and QRS effects in toxicity,No FDA-label evidence of typical QT prolongation; conduction/arrhythmia caution including reported AV heart block and overdose conduction disorders.
carbamazepine,proposed_row_update,critical,filter_qt_effect,proposed,True,The QT-prolongation filter conflicts with the row narrative and was not supported by the FDA label evidence used in this audit.,https://www.accessdata.fda.gov/drugsatfda_docs/label/2022/021710s018lbl.pdf,Conduction/arrhythmia caution; QT prolongation,Conduction/arrhythmia caution
carbamazepine,proposed_row_update,medium,pubmed_search_aliases,proposed,False,Adds supported aliases/brand names likely to improve PubMed retrieval without creating duplicate drug rows.,https://www.ncbi.nlm.nih.gov/books/NBK548097/; https://pubmed.ncbi.nlm.nih.gov/15156070/,,CBZ; Carbatrol; Tegretol; Tegretol-XR; Tegretol XR; Equetro; Epitol
carbamazepine,proposed_row_update,medium,evidence_sources,proposed,False,Uses trusted domains and sources that actually support the populated cells audited here.,https://api.fda.gov/drug/label.json?search=openfda.spl_set_id:%22bc03e499-5bac-4293-bff4-6864153a624d%22&limit=1; https://www.accessdata.fda.gov/drugsatfda_docs/label/2023/020712s038lbl.pdf; https://www.accessdata.fda.gov/drugsatfda_docs/label/2022/021710s018lbl.pdf; https://www.ncbi.nlm.nih.gov/books/NBK548097/; https://pubmed.ncbi.nlm.nih.gov/32120063/; https://pubmed.ncbi.nlm.nih.gov/15156070/; https://www.ncbi.nlm.nih.gov/books/n/niceng217er26/,NCBI LiverTox anticonvulsants table; Epilepsy Society ASM list; Epilepsy Foundation Australia ASM list; FDA/DailyMed labeling; Sills and Rogawski 2020 ASM mechanism review,FDA/openFDA labeling; FDA Drugs@FDA/accessdata labeling; NCBI LiverTox; Sills and Rogawski 2020 ASM mechanism review (PMID 32120063); PubMed RCT metadata (PMID 15156070); NCBI Bookshelf NICE epilepsy evidence review
cenobamate,fact_check,critical,enzyme_inducing_or_inhibiting,incorrect,True,"FDA clinical interaction data support increased CYP2C19 substrate exposure and decreased CYP3A/CYP2B6 substrate exposure. Current FDA label also lists in vitro CYP2B6/CYP2C8/CYP3A4 induction and CYP2B6/CYP2C19/CYP3A inhibition, but I did not find FDA-label support for UGT induction.",https://www.accessdata.fda.gov/drugsatfda_docs/label/2025/212839s013lbl.pdf,"Inhibits CYP2C19; induces CYP3A4, CYP2B6, and UGT pathways",Inhibits CYP2C19; induces CYP3A4 and CYP2B6
cenobamate,fact_check,high,filter_enzyme_effect,incorrect,False,"The row's own enzyme text and FDA label both indicate clinically relevant induction and inhibition effects, so a filter containing only Inhibitor is incomplete.",https://www.accessdata.fda.gov/drugsatfda_docs/label/2025/212839s013lbl.pdf,Inhibitor,Inducer; Inhibitor
cenobamate,fact_check,info,mechanism_confidence,not_applicable,False,"This is a curator confidence classification, not a directly source-verifiable drug fact. It is consistent with the FDA label statement that the precise therapeutic mechanism is unknown.",https://www.accessdata.fda.gov/drugsatfda_docs/label/2025/212839s013lbl.pdf,Moderate,Moderate
cenobamate,fact_check,high,mechanism_source,incorrect,False,The mechanism is supported by FDA labeling; removing DailyMed from the source text makes the row align with the trusted-domain source policy.,https://www.accessdata.fda.gov/drugsatfda_docs/label/2025/212839s013lbl.pdf,FDA/DailyMed labeling,FDA label (Xcopri Prescribing Information)
cenobamate,fact_check,high,adverse_symptoms_percentages,incorrect,False,"FDA label Table 4 lists active-dose rates of somnolence 19/22/37%, dizziness 18/22/33%, fatigue 12/14/24%, and diplopia 6/7/15%; FDA QT warning lists QT shortening >20 ms in 31% at 200 mg and 66% at 500 mg.",https://www.accessdata.fda.gov/drugsatfda_docs/label/2025/212839s013lbl.pdf,"CNS: somnolence 19-37%, CNS: dizziness 18-33%, constitutional: fatigue 11-24%, ophthalmologic: diplopia 4-15%, cardiac: QT shortening >20 ms 31-66%","CNS: somnolence 19-37%, CNS: dizziness 18-33%, constitutional: fatigue 12-24%, ophthalmologic: diplopia 6-15%, cardiac: QT shortening >20 ms 31-66%"
cenobamate,fact_check,high,evidence_sources,incorrect,False,"The current source list includes DailyMed and Epilepsy Society, which are not in the allowed trusted-source list for this audit, and it omits the PubMed/ClinicalTrials/EMA/eMC sources needed for RCTs and non-US brand/indication facts.",https://www.accessdata.fda.gov/drugsatfda_docs/label/2025/212839s013lbl.pdf; https://www.accessdata.fda.gov/drugsatfda_docs/appletter/2019/212839Orig1s000ltr.pdf; https://pubmed.ncbi.nlm.nih.gov/41144696/; https://clinicaltrials.gov/study/NCT04557085; https://www.ema.europa.eu/en/medicines/human/EPAR/ontozry; https://www.medicines.org.uk/emc/product/13008/smpc,NCBI LiverTox anticonvulsants table; Epilepsy Society ASM list; FDA/DailyMed labeling,"FDA label (Xcopri Prescribing Information, accessdata.fda.gov); Drugs@FDA approval letter; FDA/openFDA label API for boxed-warning status; PubMed and ClinicalTrials.gov RCT records; EMA EPAR and eMC SmPC for Ontozry"
cenobamate,fact_check,info,data_most_recently_refreshed,not_applicable,False,Refresh date is row metadata rather than a drug fact; it matches the supplied audit date.,,05-20-2026,05-20-2026
cenobamate,fact_check,info,fda_black_box_warning_verified,not_applicable,False,"Verification date is row metadata; the FDA source text should be updated, but the date itself matches the audit date.",https://api.fda.gov/drug/label.json?search=openfda.spl_set_id%3A%22565c2126-57ae-4e29-b443-723bbe7e2072%22&limit=5; https://www.accessdata.fda.gov/drugsatfda_docs/label/2025/212839s013lbl.pdf,05-20-2026,05-20-2026
cenobamate,rct_link_check,high,pubmed_phase_ii_iii_rct_links,not_placebo_rct,True,"PMID 32313503 is a Comment/editorial article discussing the Krauss trial, not the original randomized placebo-controlled trial report. It should not be counted as a phase II/III placebo-controlled RCT link.",https://pubmed.ncbi.nlm.nih.gov/32313503/,https://pubmed.ncbi.nlm.nih.gov/32313503/,Remove from pubmed_phase_ii_iii_rct_links or move to non-RCT commentary notes; requires user approval because it removes an existing entry.
cenobamate,missing_rct,high,pubmed_phase_ii_iii_rct_links,missing,False,"PubMed-listed randomized controlled trial report from NCT04557085 with placebo comparison during early titration. It is a secondary/prospective analysis of an already listed trial, not a new unique trial; include only if the CSV field captures secondary RCT reports.",https://pubmed.ncbi.nlm.nih.gov/41230998/,,Kawai2025|https://pubmed.ncbi.nlm.nih.gov/41230998/
cenobamate,missing_rct,high,pubmed_phase_ii_iii_rct_links,missing,False,RCT-labeled seizure-subtype analysis of NCT04557085 with placebo comparison. It is not a separate trial from Lee2025; include only if secondary RCT reports are in scope.,https://pubmed.ncbi.nlm.nih.gov/41101116/,,Wu2025|https://pubmed.ncbi.nlm.nih.gov/41101116/
cenobamate,missing_rct,high,pubmed_phase_ii_iii_rct_links,missing,False,"Post hoc Chinese subgroup analysis from randomized, double-blind, placebo-controlled NCT04557085. It provides RR50/MPC/seizure-freedom values for a subgroup but should not be treated as a separate unique RCT.",https://pubmed.ncbi.nlm.nih.gov/41428177/,,Yu2025|https://pubmed.ncbi.nlm.nih.gov/41428177/
cenobamate,outcome_check,high,diff_50_responder_maximum_effective_dose,incorrect,False,"Chung2020 and Krauss2019 differentials are correct. Lee2025/NCT04557085 reports an overall maintenance-phase >=50% responder rate for 400 mg/day of 81.6% versus 28.2% placebo, a 53.4 percentage-point differential, so the current maximum RR50 differential is too low if Lee2025 outcomes are included.",https://pubmed.ncbi.nlm.nih.gov/41144696/; https://www.ncbi.nlm.nih.gov/pmc/articles/PMC12927683/; https://pubmed.ncbi.nlm.nih.gov/32409485/; https://pubmed.ncbi.nlm.nih.gov/31734103/,28.2-39 % (drug minus placebo RR50 differential at maximum effective dose/regimen: Chung2020 cenobamate 200 mg/day 28.2%; Krauss2019 cenobamate 400 mg/day 39%),28.2-53.4 % (drug minus placebo RR50 differential at maximum effective dose/regimen: Lee2025 cenobamate 400 mg/day 53.4%; Chung2020 cenobamate 200 mg/day 28.2%; Krauss2019 cenobamate 400 mg/day 39%)
cenobamate,outcome_check,high,plot_diff_50_responder_maximum_effective_dose,incorrect,False,Plot values should include Lee2025 RR50 differential if the row includes Lee2025 as outcome evidence.,https://pubmed.ncbi.nlm.nih.gov/41144696/; https://www.ncbi.nlm.nih.gov/pmc/articles/PMC12927683/; https://pubmed.ncbi.nlm.nih.gov/32409485/; https://pubmed.ncbi.nlm.nih.gov/31734103/,Chung2020|28.2|https://pubmed.ncbi.nlm.nih.gov/32409485/|222; Krauss2019|39|https://pubmed.ncbi.nlm.nih.gov/31734103/|437,Lee2025|53.4|https://pubmed.ncbi.nlm.nih.gov/41144696/|519; Chung2020|28.2|https://pubmed.ncbi.nlm.nih.gov/32409485/|222; Krauss2019|39|https://pubmed.ncbi.nlm.nih.gov/31734103/|437
cenobamate,outcome_check,high,diff_seizure_freedom_maximum_effective_dose,incorrect,False,"Lee2025 and Chung2020 values are correct. FDA label also reports Study 2 seizure-free maintenance counts for 400 mg/day and placebo, yielding about a 20.1 percentage-point differential; adding Krauss2019 improves completeness but does not change the displayed range.",https://pubmed.ncbi.nlm.nih.gov/41144696/; https://pubmed.ncbi.nlm.nih.gov/32409485/; https://pubmed.ncbi.nlm.nih.gov/31734103/; https://www.accessdata.fda.gov/drugsatfda_docs/label/2025/212839s013lbl.pdf,19.5-49.8 % (drug minus placebo seizure-freedom differential at maximum effective dose/regimen: Lee2025 cenobamate 400 mg/day 49.8%; Chung2020 cenobamate 200 mg/day 19.5%),19.5-49.8 % (drug minus placebo seizure-freedom differential at maximum effective dose/regimen: Lee2025 cenobamate 400 mg/day 49.8%; Chung2020 cenobamate 200 mg/day 19.5%; Krauss2019 cenobamate 400 mg/day 20.1%)
cenobamate,outcome_check,high,plot_diff_seizure_freedom_maximum_effective_dose,incorrect,False,Current plotted Lee2025 and Chung2020 values are supported; Krauss2019 seizure-freedom differential is extractable from FDA Study 2 maintenance-phase seizure-free counts.,https://pubmed.ncbi.nlm.nih.gov/41144696/; https://pubmed.ncbi.nlm.nih.gov/32409485/; https://pubmed.ncbi.nlm.nih.gov/31734103/; https://www.accessdata.fda.gov/drugsatfda_docs/label/2025/212839s013lbl.pdf,Lee2025|49.8|https://pubmed.ncbi.nlm.nih.gov/41144696/|519; Chung2020|19.5|https://pubmed.ncbi.nlm.nih.gov/32409485/|222,Lee2025|49.8|https://pubmed.ncbi.nlm.nih.gov/41144696/|519; Chung2020|19.5|https://pubmed.ncbi.nlm.nih.gov/32409485/|222; Krauss2019|20.1|https://pubmed.ncbi.nlm.nih.gov/31734103/|437
cenobamate,black_box_warning,high,fda_black_box_warning,incorrect,False,"The no-boxed-warning conclusion is supported by FDA/openFDA/FDA label sources, but the current cell explicitly relies on DailyMed, which is not permissible for this field under the audit instructions.",https://api.fda.gov/drug/label.json?search=openfda.spl_set_id%3A%22565c2126-57ae-4e29-b443-723bbe7e2072%22&limit=5; https://www.accessdata.fda.gov/drugsatfda_docs/label/2025/212839s013lbl.pdf,No FDA boxed warning identified in selected current DailyMed label.,No FDA boxed warning identified in selected current FDA/openFDA label.
cenobamate,proposed_row_update,medium,evidence_sources,proposed,False,Current sources do not meet the trusted-source policy for all row facts and omit RCT/non-US brand sources.,https://www.accessdata.fda.gov/drugsatfda_docs/label/2025/212839s013lbl.pdf; https://www.accessdata.fda.gov/drugsatfda_docs/appletter/2019/212839Orig1s000ltr.pdf; https://api.fda.gov/drug/label.json?search=openfda.spl_set_id%3A%22565c2126-57ae-4e29-b443-723bbe7e2072%22&limit=5; https://www.ema.europa.eu/en/medicines/human/EPAR/ontozry; https://www.medicines.org.uk/emc/product/13008/smpc,NCBI LiverTox anticonvulsants table; Epilepsy Society ASM list; FDA/DailyMed labeling,"FDA label (Xcopri Prescribing Information, accessdata.fda.gov); Drugs@FDA approval letter; FDA/openFDA label API for boxed-warning status; PubMed and ClinicalTrials.gov RCT records; EMA EPAR and eMC SmPC for Ontozry"
cenobamate,proposed_row_update,medium,mechanism_source,proposed,False,Use the FDA label URL directly for mechanism support.,https://www.accessdata.fda.gov/drugsatfda_docs/label/2025/212839s013lbl.pdf,FDA/DailyMed labeling,FDA label (Xcopri Prescribing Information)
cenobamate,proposed_row_update,medium,fda_black_box_warning_source,proposed,False,FDA boxed-warning field must be verified from FDA/openFDA/FDA label/Drugs@FDA only.,https://api.fda.gov/drug/label.json?search=openfda.spl_set_id%3A%22565c2126-57ae-4e29-b443-723bbe7e2072%22&limit=5; https://www.accessdata.fda.gov/drugsatfda_docs/label/2025/212839s013lbl.pdf,"FDA/DailyMed SPL; status=no_boxed_warning_in_selected_label; setid=565c2126-57ae-4e29-b443-723bbe7e2072; published=Feb 02, 2026; title=XCOPRI TITRATION PACK (CENOBAMATE) KIT XCOPRI (CENOBAMATE) TABLET, FILM COATED XCOPRI MAINTENANCE PACK (CENOBAMATE) KIT XCOPRI (CENOBAMATE) TABLET [SK LIFE SCIENCE, INC.]; url=https://dailymed.nlm.nih.gov/dailymed/drugInfo.cfm?setid=565c2126-57ae-4e29-b443-723bbe7e2072",FDA/openFDA drug label API and FDA Xcopri Prescribing Information; status=no_boxed_warning_in_selected_fda_label; spl_set_id=565c2126-57ae-4e29-b443-723bbe7e2072; effective_time=20250925; title=Xcopri; Xcopri Maintenance Pack; Xcopri Titration Pack / CENOBAMATE; api_url=https://api.fda.gov/drug/label.json?search=openfda.spl_set_id%3A%22565c2126-57ae-4e29-b443-723bbe7e2072%22&limit=5; fda_label_url=https://www.accessdata.fda.gov/drugsatfda_docs/label/2025/212839s013lbl.pdf
cenobamate,proposed_row_update,medium,adverse_symptoms_percentages,proposed,False,Correct FDA-label fatigue and diplopia percentages.,https://www.accessdata.fda.gov/drugsatfda_docs/label/2025/212839s013lbl.pdf,"CNS: somnolence 19-37%, CNS: dizziness 18-33%, constitutional: fatigue 11-24%, ophthalmologic: diplopia 4-15%, cardiac: QT shortening >20 ms 31-66%","CNS: somnolence 19-37%, CNS: dizziness 18-33%, constitutional: fatigue 12-24%, ophthalmologic: diplopia 6-15%, cardiac: QT shortening >20 ms 31-66%"
cenobamate,proposed_row_update,critical,enzyme_inducing_or_inhibiting,proposed,True,FDA label supports CYP2C19 inhibition and CYP3A4/CYP2B6 induction; UGT induction was not supported by the checked FDA label.,https://www.accessdata.fda.gov/drugsatfda_docs/label/2025/212839s013lbl.pdf,"Inhibits CYP2C19; induces CYP3A4, CYP2B6, and UGT pathways",Inhibits CYP2C19; induces CYP3A4 and CYP2B6
cenobamate,proposed_row_update,medium,filter_enzyme_effect,proposed,False,Cenobamate has both inducing and inhibiting interaction effects.,https://www.accessdata.fda.gov/drugsatfda_docs/label/2025/212839s013lbl.pdf,Inhibitor,Inducer; Inhibitor
cenobamate,proposed_row_update,medium,evidence_sources,proposed,False,"Use only trusted/allowed sources and include sources that support brand, indication, RCT, outcome, and FDA warning facts.",https://www.accessdata.fda.gov/drugsatfda_docs/label/2025/212839s013lbl.pdf; https://www.accessdata.fda.gov/drugsatfda_docs/appletter/2019/212839Orig1s000ltr.pdf; https://api.fda.gov/drug/label.json?search=openfda.spl_set_id%3A%22565c2126-57ae-4e29-b443-723bbe7e2072%22&limit=5; https://pubmed.ncbi.nlm.nih.gov/41144696/; https://clinicaltrials.gov/study/NCT04557085; https://www.ema.europa.eu/en/medicines/human/EPAR/ontozry; https://www.medicines.org.uk/emc/product/13008/smpc,NCBI LiverTox anticonvulsants table; Epilepsy Society ASM list; FDA/DailyMed labeling,"FDA label (Xcopri Prescribing Information, accessdata.fda.gov); Drugs@FDA approval letter; FDA/openFDA label API for boxed-warning status; PubMed and ClinicalTrials.gov RCT records; EMA EPAR and eMC SmPC for Ontozry"
cenobamate,proposed_row_update,medium,mechanism_source,proposed,False,Mechanism wording is supported by FDA labeling; DailyMed is unnecessary and outside the trusted-domain list supplied for this audit.,https://www.accessdata.fda.gov/drugsatfda_docs/label/2025/212839s013lbl.pdf,FDA/DailyMed labeling,FDA label (Xcopri Prescribing Information)
cenobamate,proposed_row_update,medium,fda_black_box_warning,proposed,False,"Black-box verification must use FDA/openFDA/FDA label/Drugs@FDA, not DailyMed.",https://api.fda.gov/drug/label.json?search=openfda.spl_set_id%3A%22565c2126-57ae-4e29-b443-723bbe7e2072%22&limit=5; https://www.accessdata.fda.gov/drugsatfda_docs/label/2025/212839s013lbl.pdf,No FDA boxed warning identified in selected current DailyMed label.,No FDA boxed warning identified in selected current FDA/openFDA label.
cenobamate,proposed_row_update,medium,fda_black_box_warning_source,proposed,False,Replace impermissible DailyMed boxed-warning source with FDA/openFDA/FDA label sources.,https://api.fda.gov/drug/label.json?search=openfda.spl_set_id%3A%22565c2126-57ae-4e29-b443-723bbe7e2072%22&limit=5; https://www.accessdata.fda.gov/drugsatfda_docs/label/2025/212839s013lbl.pdf,"FDA/DailyMed SPL; status=no_boxed_warning_in_selected_label; setid=565c2126-57ae-4e29-b443-723bbe7e2072; published=Feb 02, 2026; title=XCOPRI TITRATION PACK (CENOBAMATE) KIT XCOPRI (CENOBAMATE) TABLET, FILM COATED XCOPRI MAINTENANCE PACK (CENOBAMATE) KIT XCOPRI (CENOBAMATE) TABLET [SK LIFE SCIENCE, INC.]; url=https://dailymed.nlm.nih.gov/dailymed/drugInfo.cfm?setid=565c2126-57ae-4e29-b443-723bbe7e2072",FDA/openFDA drug label API and FDA Xcopri Prescribing Information; status=no_boxed_warning_in_selected_fda_label; spl_set_id=565c2126-57ae-4e29-b443-723bbe7e2072; effective_time=20250925; title=Xcopri; Xcopri Maintenance Pack; Xcopri Titration Pack / CENOBAMATE; api_url=https://api.fda.gov/drug/label.json?search=openfda.spl_set_id%3A%22565c2126-57ae-4e29-b443-723bbe7e2072%22&limit=5; fda_label_url=https://www.accessdata.fda.gov/drugsatfda_docs/label/2025/212839s013lbl.pdf
cenobamate,proposed_row_update,medium,diff_50_responder_maximum_effective_dose,proposed,False,Add Lee2025 RR50 maximum-dose differential.,https://pubmed.ncbi.nlm.nih.gov/41144696/; https://www.ncbi.nlm.nih.gov/pmc/articles/PMC12927683/,28.2-39 % (drug minus placebo RR50 differential at maximum effective dose/regimen: Chung2020 cenobamate 200 mg/day 28.2%; Krauss2019 cenobamate 400 mg/day 39%),28.2-53.4 % (drug minus placebo RR50 differential at maximum effective dose/regimen: Lee2025 cenobamate 400 mg/day 53.4%; Chung2020 cenobamate 200 mg/day 28.2%; Krauss2019 cenobamate 400 mg/day 39%)
cenobamate,proposed_row_update,medium,plot_diff_50_responder_maximum_effective_dose,proposed,False,Add Lee2025 RR50 plot point.,https://pubmed.ncbi.nlm.nih.gov/41144696/; https://www.ncbi.nlm.nih.gov/pmc/articles/PMC12927683/,Chung2020|28.2|https://pubmed.ncbi.nlm.nih.gov/32409485/|222; Krauss2019|39|https://pubmed.ncbi.nlm.nih.gov/31734103/|437,Lee2025|53.4|https://pubmed.ncbi.nlm.nih.gov/41144696/|519; Chung2020|28.2|https://pubmed.ncbi.nlm.nih.gov/32409485/|222; Krauss2019|39|https://pubmed.ncbi.nlm.nih.gov/31734103/|437
cenobamate,proposed_row_update,medium,diff_seizure_freedom_maximum_effective_dose,proposed,False,Add Krauss2019 seizure-freedom differential from Study 2 maintenance-phase seizure-free counts; range is unchanged.,https://pubmed.ncbi.nlm.nih.gov/31734103/; https://www.accessdata.fda.gov/drugsatfda_docs/label/2025/212839s013lbl.pdf,19.5-49.8 % (drug minus placebo seizure-freedom differential at maximum effective dose/regimen: Lee2025 cenobamate 400 mg/day 49.8%; Chung2020 cenobamate 200 mg/day 19.5%),19.5-49.8 % (drug minus placebo seizure-freedom differential at maximum effective dose/regimen: Lee2025 cenobamate 400 mg/day 49.8%; Chung2020 cenobamate 200 mg/day 19.5%; Krauss2019 cenobamate 400 mg/day 20.1%)
cenobamate,proposed_row_update,medium,plot_diff_seizure_freedom_maximum_effective_dose,proposed,False,Add Krauss2019 seizure-freedom plot point.,https://pubmed.ncbi.nlm.nih.gov/31734103/; https://www.accessdata.fda.gov/drugsatfda_docs/label/2025/212839s013lbl.pdf,Lee2025|49.8|https://pubmed.ncbi.nlm.nih.gov/41144696/|519; Chung2020|19.5|https://pubmed.ncbi.nlm.nih.gov/32409485/|222,Lee2025|49.8|https://pubmed.ncbi.nlm.nih.gov/41144696/|519; Chung2020|19.5|https://pubmed.ncbi.nlm.nih.gov/32409485/|222; Krauss2019|20.1|https://pubmed.ncbi.nlm.nih.gov/31734103/|437
cenobamate,proposed_row_update,critical,pubmed_phase_ii_iii_rct_links,proposed,True,"Vossler2020 is a Comment/editorial about a trial, not a placebo-controlled RCT report. Removal of an existing entry requires user approval.",https://pubmed.ncbi.nlm.nih.gov/32313503/; https://pubmed.ncbi.nlm.nih.gov/31734103/,Lee2025|https://pubmed.ncbi.nlm.nih.gov/41144696/; Vossler2020|https://pubmed.ncbi.nlm.nih.gov/32313503/; Chung2020|https://pubmed.ncbi.nlm.nih.gov/32409485/; Krauss2019|https://pubmed.ncbi.nlm.nih.gov/31734103/; KasteleijnNolstTrenite2019|https://pubmed.ncbi.nlm.nih.gov/31292226/,Lee2025|https://pubmed.ncbi.nlm.nih.gov/41144696/; Chung2020|https://pubmed.ncbi.nlm.nih.gov/32409485/; Krauss2019|https://pubmed.ncbi.nlm.nih.gov/31734103/; KasteleijnNolstTrenite2019|https://pubmed.ncbi.nlm.nih.gov/31292226/
cenobamate,proposed_row_update,critical,rct_pubmed_verification_notes,proposed,True,Update verification notes to reflect RCT concordance and secondary-report status.,https://pubmed.ncbi.nlm.nih.gov/41144696/; https://pubmed.ncbi.nlm.nih.gov/32313503/; https://pubmed.ncbi.nlm.nih.gov/32409485/; https://pubmed.ncbi.nlm.nih.gov/31734103/; https://pubmed.ncbi.nlm.nih.gov/31292226/; https://pubmed.ncbi.nlm.nih.gov/41230998/; https://pubmed.ncbi.nlm.nih.gov/41101116/; https://pubmed.ncbi.nlm.nih.gov/41428177/,PubMed loop 8/65 on 2026-05-15: 5 qualifying placebo-controlled randomized clinical trial report(s) retained from 22 PubMed candidate(s). Links were rebuilt from fetched PubMed PMID metadata and named FirstAuthorYear. Differential effectiveness columns summarize extractable maximum effective dose/regimen values within qualifying RCT reports.,"Audit 05-20-2026: PubMed links verified for cenobamate/YKP3089. Lee2025, Chung2020, Krauss2019, and KasteleijnNolstTrenite2019 are qualifying placebo-controlled phase II/III randomized trial reports or proof-of-principle reports; Vossler2020 PMID 32313503 is a Comment/editorial and should not be counted as an RCT report. KasteleijnNolstTrenite2019 is a phase 2 photosensitivity/PPR proof-of-principle study and should not be used for focal-seizure RR50/MPC/seizure-freedom outcomes. Secondary reports from NCT04557085 include Kawai2025 PMID 41230998, Wu2025 PMID 41101116, and Yu2025 PMID 41428177; include only if secondary RCT reports are in scope."
clobazam,fact_check,high,trade_names,missing,False,"All listed trade names were supported by FDA/eMC/NCBI sources. NCBI LiverTox also lists Urbanol as a clobazam trade name. The deterministic suggestion to add 'Clobazam' as a trade name should not be applied because clobazam is the generic name, not a trade name.",https://www.accessdata.fda.gov/drugsatfda_docs/label/2024/202067s008%2C203993s010lbl.pdf; https://www.accessdata.fda.gov/drugsatfda_docs/label/2024/210833s006lbl.pdf; https://www.medicines.org.uk/emc/product/100006/smpc; https://www.medicines.org.uk/emc/product/6913/smpc; https://www.medicines.org.uk/emc/product/8950/smpc; https://www.medicines.org.uk/emc/product/14934/smpc; https://www.ncbi.nlm.nih.gov/books/NBK548865/,Frisium; Onfi; Perizam; Sympazan; Tapclob; Zacco,Frisium; Onfi; Perizam; Sympazan; Tapclob; Urbanol; Zacco
clobazam,fact_check,high,typical_doses_per_day,incorrect,False,"FDA labeling says a 5 mg/day dose can be given once daily, while daily doses greater than 5 mg should be divided twice daily.",https://www.accessdata.fda.gov/drugsatfda_docs/label/2024/202067s008%2C203993s010lbl.pdf,LGS: 5-40 mg/day divided BID depending on weight,LGS: 5-40 mg/day by weight; doses above 5 mg/day administered BID
clobazam,fact_check,high,enzyme_inducing_or_inhibiting,incorrect,False,"FDA labeling supports CYP3A4/CYP2C19 metabolism and CYP2D6 inhibition, but the current text omits FDA-labeled weak CYP3A4 induction and CYP2B6 contribution.",https://www.accessdata.fda.gov/drugsatfda_docs/label/2024/202067s008%2C203993s010lbl.pdf,Not a major inducer; substrate of CYP3A4/CYP2C19; weak CYP2D6 inhibition reported,Weak CYP3A4 inducer; CYP2D6 inhibitor; clobazam is metabolized primarily by CYP3A4 and to a lesser extent by CYP2C19/CYP2B6; N-desmethylclobazam is mainly metabolized by CYP2C19
clobazam,fact_check,high,mechanism_source,incorrect,False,The mechanism is supported by FDA labeling; DailyMed should be removed from the named source because the audit trusted-source list does not include DailyMed.,https://www.accessdata.fda.gov/drugsatfda_docs/label/2024/202067s008%2C203993s010lbl.pdf,FDA/DailyMed labeling,FDA accessdata labeling
clobazam,fact_check,critical,adverse_symptoms_percentages,incorrect,True,"The FDA adverse-reaction table supports somnolence/sedation 26% overall/32% high dose, constipation 5% overall/10% high dose, pyrexia 13% overall/12% high dose, upper respiratory tract infection 12% overall/14% high dose, drooling 9% overall/14% high dose, aggression 8% overall/14% high dose, and cough 5% overall/7% high dose. The current row mixes dose-specific and all-ONFI rates and misclassifies pyrexia as infectious.",https://www.accessdata.fda.gov/drugsatfda_docs/label/2024/202067s008%2C203993s010lbl.pdf,"CNS: somnolence/sedation 26-32%, infectious: pyrexia 10%, GI: constipation 10%, psychiatric: aggression 8%, respiratory: cough 7%, neurologic: drooling 7%",CNS: somnolence/sedation 26% overall (32% high dose); GI: constipation 5% overall (10% high dose); general: pyrexia 13% overall (12% high dose); infectious: upper respiratory tract infection 12% overall (14% high dose); neurologic: drooling 9% overall (14% high dose); psychiatric: aggression 8% overall (14% high dose); respiratory: cough 5% overall (7% high dose)
clobazam,fact_check,high,filter_symptom_category,missing,False,"After correcting the adverse-symptom text, pyrexia belongs under a general/systemic category while upper respiratory tract infection supports retaining Infectious.",https://www.accessdata.fda.gov/drugsatfda_docs/label/2024/202067s008%2C203993s010lbl.pdf,CNS; GI; Infectious; Neurologic; Psychiatric; Respiratory,CNS; GI; General; Infectious; Neurologic; Psychiatric; Respiratory
clobazam,fact_check,high,fda_black_box_warning_source,incorrect,False,DailyMed is not permissible for FDA black-box-warning verification. FDA accessdata labeling verifies the boxed warning.,https://www.accessdata.fda.gov/drugsatfda_docs/label/2024/202067s008%2C203993s010lbl.pdf; https://api.fda.gov/drug/label.json?search=openfda.spl_set_id%3A%22de03bd69-2dca-459c-93b4-541fd3e9571c%22&limit=5,"FDA/DailyMed SPL; status=boxed_warning_found; setid=de03bd69-2dca-459c-93b4-541fd3e9571c; published=Dec 17, 2025; title=ONFI (CLOBAZAM) TABLET ONFI (CLOBAZAM) SUSPENSION [LUNDBECK PHARMACEUTICALS LLC]; url=https://dailymed.nlm.nih.gov/dailymed/drugInfo.cfm?setid=de03bd69-2dca-459c-93b4-541fd3e9571c",FDA accessdata drug label; status=boxed_warning_found; product=ONFI (clobazam) tablets and oral suspension; NDA=202067/203993; revised=03/2024; reference_id=5344696; url=https://www.accessdata.fda.gov/drugsatfda_docs/label/2024/202067s008%2C203993s010lbl.pdf
clobazam,fact_check,high,evidence_sources,incorrect,False,"Epilepsy Society and Epilepsy Foundation Australia are not in the trusted-source domain list, and DailyMed should be replaced by FDA accessdata/openFDA sources. The proposed sources support the row facts more specifically.",https://www.accessdata.fda.gov/drugsatfda_docs/label/2024/202067s008%2C203993s010lbl.pdf; https://www.accessdata.fda.gov/drugsatfda_docs/label/2024/210833s006lbl.pdf; https://www.ncbi.nlm.nih.gov/books/NBK548865/; https://www.ncbi.nlm.nih.gov/books/NBK552057/; https://clinicaltrials.gov/study/NCT00518713; https://www.medicines.org.uk/emc/product/100006/smpc; https://www.medicines.org.uk/emc/product/6913/smpc; https://www.medicines.org.uk/emc/product/8950/smpc; https://www.medicines.org.uk/emc/product/14934/smpc; https://www.epilepsy.com/what-is-epilepsy/syndromes/lennox-gastaut-syndrome,NCBI LiverTox anticonvulsants table; Epilepsy Society ASM list; Epilepsy Foundation Australia ASM list; FDA/DailyMed labeling,"FDA accessdata labeling (ONFI; SYMPAZAN); NCBI Bookshelf/LiverTox; NCBI Bookshelf NICE evidence update for Ng2011 outcomes; ClinicalTrials.gov NCT00518713; eMC SmPCs (Frisium, Perizam, Tapclob, Zacco); Epilepsy Foundation LGS/clobazam pages"
clobazam,outcome_check,high,diff_median_pct_change_maximum_effective_dose,incorrect,False,"The 56.2-point differential is correct: 68.3% high-dose clobazam minus 12.1% placebo. However, the trusted evidence describes mean reduction from baseline in average weekly drop-seizure rate, not a patient-level median percent change.",https://www.ncbi.nlm.nih.gov/books/NBK552057/; https://www.accessdata.fda.gov/drugsatfda_docs/label/2024/202067s008%2C203993s010lbl.pdf; https://pubmed.ncbi.nlm.nih.gov/21956725/,56.2 % (drug minus placebo MPC differential at maximum effective dose/regimen: Ng2011 clobazam 1.0 mg/kg/day 56.2%),56.2 % (drug minus placebo mean percent drop-seizure-rate reduction differential at maximum effective dose/regimen: Ng2011 clobazam 1.0 mg/kg/day 56.2%)
clobazam,proposed_row_update,medium,fda_black_box_warning_source,proposed,False,"Black-box-warning verification must use FDA/openFDA/Drugs@FDA sources, not DailyMed.",https://www.accessdata.fda.gov/drugsatfda_docs/label/2024/202067s008%2C203993s010lbl.pdf; https://api.fda.gov/drug/label.json?search=openfda.spl_set_id%3A%22de03bd69-2dca-459c-93b4-541fd3e9571c%22&limit=5,"FDA/DailyMed SPL; status=boxed_warning_found; setid=de03bd69-2dca-459c-93b4-541fd3e9571c; published=Dec 17, 2025; title=ONFI (CLOBAZAM) TABLET ONFI (CLOBAZAM) SUSPENSION [LUNDBECK PHARMACEUTICALS LLC]; url=https://dailymed.nlm.nih.gov/dailymed/drugInfo.cfm?setid=de03bd69-2dca-459c-93b4-541fd3e9571c",FDA accessdata drug label; status=boxed_warning_found; product=ONFI (clobazam) tablets and oral suspension; NDA=202067/203993; revised=03/2024; reference_id=5344696; url=https://www.accessdata.fda.gov/drugsatfda_docs/label/2024/202067s008%2C203993s010lbl.pdf
clobazam,proposed_row_update,medium,evidence_sources,proposed,False,Replace untrusted/non-permitted source names with trusted sources that directly support the populated facts.,https://www.accessdata.fda.gov/drugsatfda_docs/label/2024/202067s008%2C203993s010lbl.pdf; https://www.accessdata.fda.gov/drugsatfda_docs/label/2024/210833s006lbl.pdf; https://www.ncbi.nlm.nih.gov/books/NBK548865/; https://www.ncbi.nlm.nih.gov/books/NBK552057/; https://clinicaltrials.gov/study/NCT00518713; https://www.medicines.org.uk/emc/product/100006/smpc; https://www.medicines.org.uk/emc/product/6913/smpc; https://www.medicines.org.uk/emc/product/8950/smpc; https://www.medicines.org.uk/emc/product/14934/smpc; https://www.epilepsy.com/what-is-epilepsy/syndromes/lennox-gastaut-syndrome,NCBI LiverTox anticonvulsants table; Epilepsy Society ASM list; Epilepsy Foundation Australia ASM list; FDA/DailyMed labeling,"FDA accessdata labeling (ONFI; SYMPAZAN); NCBI Bookshelf/LiverTox; NCBI Bookshelf NICE evidence update for Ng2011 outcomes; ClinicalTrials.gov NCT00518713; eMC SmPCs (Frisium, Perizam, Tapclob, Zacco); Epilepsy Foundation LGS/clobazam pages"
clobazam,proposed_row_update,medium,mechanism_source,proposed,False,FDA label supports the mechanism; DailyMed is not in the trusted-source list for this audit.,https://www.accessdata.fda.gov/drugsatfda_docs/label/2024/202067s008%2C203993s010lbl.pdf,FDA/DailyMed labeling,FDA accessdata labeling
clobazam,proposed_row_update,medium,trade_names,proposed,False,"Add Urbanol, supported by NCBI LiverTox; do not add generic 'Clobazam' as a trade name.",https://www.ncbi.nlm.nih.gov/books/NBK548865/,Frisium; Onfi; Perizam; Sympazan; Tapclob; Zacco,Frisium; Onfi; Perizam; Sympazan; Tapclob; Urbanol; Zacco
clobazam,proposed_row_update,critical,adverse_symptoms_percentages,proposed,True,Align adverse-event percentages and categories with the FDA ONFI adverse-reaction table.,https://www.accessdata.fda.gov/drugsatfda_docs/label/2024/202067s008%2C203993s010lbl.pdf,"CNS: somnolence/sedation 26-32%, infectious: pyrexia 10%, GI: constipation 10%, psychiatric: aggression 8%, respiratory: cough 7%, neurologic: drooling 7%",CNS: somnolence/sedation 26% overall (32% high dose); GI: constipation 5% overall (10% high dose); general: pyrexia 13% overall (12% high dose); infectious: upper respiratory tract infection 12% overall (14% high dose); neurologic: drooling 9% overall (14% high dose); psychiatric: aggression 8% overall (14% high dose); respiratory: cough 5% overall (7% high dose)
clobazam,proposed_row_update,medium,enzyme_inducing_or_inhibiting,proposed,False,FDA label supports the added CYP3A4 induction and CYP2B6 details.,https://www.accessdata.fda.gov/drugsatfda_docs/label/2024/202067s008%2C203993s010lbl.pdf,Not a major inducer; substrate of CYP3A4/CYP2C19; weak CYP2D6 inhibition reported,Weak CYP3A4 inducer; CYP2D6 inhibitor; clobazam is metabolized primarily by CYP3A4 and to a lesser extent by CYP2C19/CYP2B6; N-desmethylclobazam is mainly metabolized by CYP2C19
clobazam,proposed_row_update,medium,typical_doses_per_day,proposed,False,FDA label permits 5 mg/day as a single daily dose and requires BID division only above 5 mg/day.,https://www.accessdata.fda.gov/drugsatfda_docs/label/2024/202067s008%2C203993s010lbl.pdf,LGS: 5-40 mg/day divided BID depending on weight,LGS: 5-40 mg/day by weight; doses above 5 mg/day administered BID
clobazam,proposed_row_update,medium,filter_symptom_category,proposed,False,Corrected adverse text includes pyrexia as general/systemic and upper respiratory tract infection as infectious.,https://www.accessdata.fda.gov/drugsatfda_docs/label/2024/202067s008%2C203993s010lbl.pdf,CNS; GI; Infectious; Neurologic; Psychiatric; Respiratory,CNS; GI; General; Infectious; Neurologic; Psychiatric; Respiratory
clobazam,proposed_row_update,medium,diff_median_pct_change_maximum_effective_dose,proposed,False,"The numeric value is correct, but the cited evidence reports mean reduction in average weekly drop-seizure rate, not median percent change.",https://www.ncbi.nlm.nih.gov/books/NBK552057/; https://pubmed.ncbi.nlm.nih.gov/21956725/,56.2 % (drug minus placebo MPC differential at maximum effective dose/regimen: Ng2011 clobazam 1.0 mg/kg/day 56.2%),56.2 % (drug minus placebo mean percent drop-seizure-rate reduction differential at maximum effective dose/regimen: Ng2011 clobazam 1.0 mg/kg/day 56.2%)
clonazepam,fact_check,high,epilepsy_type; filter_epilepsy_type,incorrect,False,"FDA labeling supports Lennox-Gastaut/petit mal variant, akinetic, myoclonic, and refractory absence seizures. 'Adjunctive nonspecific epilepsy' is overbroad; the label says useful alone or as adjunct only for the specified seizure disorders.",https://www.accessdata.fda.gov/drugsatfda_docs/label/2023/017533s062lbl.pdf,Absence; Myoclonic; Akinetic/atonic; Adjunctive nonspecific epilepsy,Lennox-Gastaut syndrome (petit mal variant); Akinetic; Myoclonic; Absence seizures after failure to respond to succinimides
clonazepam,fact_check,medium,mechanism_source,missing_source,False,"The current mechanism statement is supportable, but the retained source list should use trusted/cited domains. AES is not in the provided trusted domain list; FDA, PubMed, and NCBI sources are sufficient.",https://www.accessdata.fda.gov/drugsatfda_docs/label/2023/017533s062lbl.pdf; https://pubmed.ncbi.nlm.nih.gov/32120063/; https://www.ncbi.nlm.nih.gov/books/NBK556010/,American Epilepsy Society 2024 U.S. ASM summary; Sills and Rogawski 2020 ASM mechanism review,FDA Klonopin label; Sills and Rogawski 2020 ASM mechanism review; NCBI Bookshelf StatPearls clonazepam
clonazepam,fact_check,high,mechanism_source_tier,incorrect,False,The current tier names FDA but the mechanism_source field does not cite FDA; use a tier matching the actual trusted sources.,https://www.accessdata.fda.gov/drugsatfda_docs/label/2023/017533s062lbl.pdf; https://pubmed.ncbi.nlm.nih.gov/32120063/,AES/FDA summary,FDA label/PubMed/NCBI
clonazepam,fact_check,high,enzyme_inducing_or_inhibiting; filter_enzyme_effect,incorrect,False,"FDA labeling supports no evidence that clonazepam induces its own metabolism or that of other drugs, but it does not establish a blanket 'not an inhibitor' statement and notes CYP3A involvement.",https://www.accessdata.fda.gov/drugsatfda_docs/label/2023/017533s062lbl.pdf,Not a CYP inducer/inhibitor,No major enzyme induction established; CYP3A may play an important role in clonazepam metabolism; effect on metabolism of other drugs has not been fully investigated
clonazepam,fact_check,high,minimum_effective_dose; maximum_approved_daily_dose; typical_doses_per_day,incorrect,False,"FDA labeling supports the initial dose, titration increments, individualized maintenance, and 20 mg/day maximum. It does not support 'maintenance often 1.5-20 mg/day' as written.",https://www.accessdata.fda.gov/drugsatfda_docs/label/2023/017533s062lbl.pdf,Adults seizure disorders: 1.5 mg/day initial; titrate to effect; maximum 20 mg/day; maintenance often 1.5-20 mg/day divided TID,Adults seizure disorders: initial dose should not exceed 1.5 mg/day divided TID; increase by 0.5 to 1 mg every 3 days until controlled or limited by adverse effects; maintenance individualized; maximum recommended daily dose 20 mg/day
clonazepam,fact_check,critical,adverse_symptoms_percentages; filter_symptom_category,incorrect,True,"FDA labeling supports drowsiness about 50%, ataxia about 30%, and behavior problems about 25% in seizure-disorder experience. The FDA label supports hypersalivation/increased salivation and upper-respiratory hypersecretion but not a 7% frequency.",https://www.accessdata.fda.gov/drugsatfda_docs/label/2023/017533s062lbl.pdf,"CNS: drowsiness 50%, neurologic: ataxia 30%, behavioral: behavior problems 25%, respiratory: increased salivation 7%","CNS: drowsiness approximately 50%; neurologic: ataxia approximately 30%; behavioral: behavior problems approximately 25%; respiratory: hypersecretion in upper respiratory passages and hypersalivation/increased salivation warning, frequency not stated in FDA label"
clonazepam,fact_check,medium,qt_interval_effect; filter_qt_effect,missing_source,False,"No QT warning was identified in the FDA label reviewed, but the current row lacks a direct trusted source proving absence of a clinically meaningful QT effect.",https://www.accessdata.fda.gov/drugsatfda_docs/label/2023/017533s062lbl.pdf,No clinically meaningful QT effect established; No known meaningful QT effect,No QT warning identified in FDA labeling; clinically meaningful QT effect not established from reviewed trusted sources
clonazepam,fact_check,high,status_or_notes,incorrect,False,FDA labeling supports specified seizure disorders and panic disorder. 'Panic/anxiety disorders' is broader than the FDA-labeled psychiatric indication.,https://www.accessdata.fda.gov/drugsatfda_docs/label/2023/017533s062lbl.pdf,Current benzodiazepine used for seizure types including absence/myoclonic seizures; also used for panic/anxiety disorders.,"Current benzodiazepine used for specified seizure disorders including Lennox-Gastaut/petit mal variant, akinetic, myoclonic, and refractory absence seizures; also FDA-approved for panic disorder."
clonazepam,fact_check,high,evidence_sources,incorrect,False,"Wikipedia and Epilepsy Foundation Australia are outside the supplied trusted domains; DailyMed cannot be used for black-box verification. Use FDA, PubMed, NCBI, and ClinicalTrials.gov sources that support the specific cells.",https://www.accessdata.fda.gov/drugsatfda_docs/label/2023/017533s062lbl.pdf; https://api.fda.gov/drug/label.json?search=openfda.spl_set_id%3A%22cfa0d79a-843c-4b88-95a1-e9511d649ca1%22&limit=5; https://www.fda.gov/drugs/drug-safety-and-availability/fda-requiring-boxed-warning-updated-improve-safe-use-benzodiazepine-drug-class; https://www.ncbi.nlm.nih.gov/books/NBK556010/; https://pubmed.ncbi.nlm.nih.gov/32120063/; https://clinicaltrials.gov/study/NCT01150331,NCBI LiverTox anticonvulsants table; Epilepsy Foundation Australia ASM list; Wikipedia anticonvulsant drug-class list; American Epilepsy Society 2024 U.S. ASM summary; Sills and Rogawski 2020 ASM mechanism review; FDA/DailyMed labeling,FDA/openFDA labeling; FDA Drugs@FDA; FDA benzodiazepine Drug Safety Communication; FDA/accessdata Klonopin label; NCBI Bookshelf StatPearls clonazepam; PubMed Sills and Rogawski 2020 mechanism review; PubMed/ClinicalTrials.gov records for cited RCTs; FDA warning letter noting non-U.S. Rivotril clonazepam product naming
clonazepam,rct_link_check,high,pubmed_phase_ii_iii_rct_links,wrong_drug,True,"ClinicalTrials.gov and secondary PubMed/NCBI records identify this as a randomized, double-blind phase 3 placebo-controlled trial of levetiracetam added to clonazepam versus placebo added to clonazepam. Clonazepam was given in both arms, so no clonazepam-placebo effect is tested.",https://pubmed.ncbi.nlm.nih.gov/26627366/,https://pubmed.ncbi.nlm.nih.gov/26627366/,Do not count as a qualifying clonazepam placebo-controlled efficacy RCT; remove from pubmed_phase_ii_iii_rct_links or move to notes with user approval.
clonazepam,rct_link_check,high,pubmed_phase_ii_iii_rct_links,not_phase_ii_iii,True,"The record is a randomized double-blind low-dose clonazepam study in children with epilepsy, but evidence reviews describe it as a crossover/EEG epileptiform-activity study rather than a phase II/III seizure-frequency RCT with RR50, MPC, or seizure-freedom outcomes.",https://pubmed.ncbi.nlm.nih.gov/10714402/,https://pubmed.ncbi.nlm.nih.gov/10714402/,Do not count as a qualifying phase II/III placebo-controlled clonazepam seizure-frequency efficacy RCT; remove from the qualifying RCT field or move to notes with user approval.
clonazepam,proposed_row_update,medium,fda_black_box_warning_source,proposed,False,"Black-box warnings must be verified from FDA/openFDA, FDA labels, or Drugs@FDA, not DailyMed.",https://api.fda.gov/drug/label.json?search=openfda.spl_set_id%3A%22cfa0d79a-843c-4b88-95a1-e9511d649ca1%22&limit=5; https://www.accessdata.fda.gov/drugsatfda_docs/label/2023/017533s062lbl.pdf,"FDA/DailyMed SPL; status=boxed_warning_found; setid=cfa0d79a-843c-4b88-95a1-e9511d649ca1; published=Dec 02, 2025; title=KLONOPIN (CLONAZEPAM) TABLET [H2-PHARMA, LLC]; url=https://dailymed.nlm.nih.gov/dailymed/drugInfo.cfm?setid=cfa0d79a-843c-4b88-95a1-e9511d649ca1",FDA/openFDA drug label API; status=boxed_warning_found; spl_set_id=cfa0d79a-843c-4b88-95a1-e9511d649ca1; effective_time=20251201; title=Klonopin / CLONAZEPAM; api_url=https://api.fda.gov/drug/label.json?search=openfda.spl_set_id%3A%22cfa0d79a-843c-4b88-95a1-e9511d649ca1%22&limit=5
clonazepam,proposed_row_update,medium,evidence_sources,proposed,False,Several current sources are not in the trusted domain list or do not support specific cells. DailyMed is not acceptable for black-box verification.,https://www.accessdata.fda.gov/drugsatfda_docs/label/2023/017533s062lbl.pdf; https://www.fda.gov/drugs/drug-approvals-and-databases/drugsfda-data-files; https://www.fda.gov/drugs/drug-safety-and-availability/fda-requiring-boxed-warning-updated-improve-safe-use-benzodiazepine-drug-class; https://www.ncbi.nlm.nih.gov/books/NBK556010/; https://pubmed.ncbi.nlm.nih.gov/32120063/; https://clinicaltrials.gov/study/NCT01150331,NCBI LiverTox anticonvulsants table; Epilepsy Foundation Australia ASM list; Wikipedia anticonvulsant drug-class list; American Epilepsy Society 2024 U.S. ASM summary; Sills and Rogawski 2020 ASM mechanism review; FDA/DailyMed labeling,FDA/openFDA labeling; FDA Drugs@FDA; FDA benzodiazepine Drug Safety Communication; FDA/accessdata Klonopin label; NCBI Bookshelf StatPearls clonazepam; PubMed Sills and Rogawski 2020 mechanism review; PubMed/ClinicalTrials.gov records for cited RCTs; FDA warning letter noting non-U.S. Rivotril clonazepam product naming
clonazepam,proposed_row_update,medium,fda_black_box_warning_source,proposed,False,DailyMed is not permissible for black-box warning verification; FDA/openFDA or Drugs@FDA/accessdata is required.,https://api.fda.gov/drug/label.json?search=openfda.spl_set_id%3A%22cfa0d79a-843c-4b88-95a1-e9511d649ca1%22&limit=5; https://www.accessdata.fda.gov/drugsatfda_docs/label/2023/017533s062lbl.pdf,"FDA/DailyMed SPL; status=boxed_warning_found; setid=cfa0d79a-843c-4b88-95a1-e9511d649ca1; published=Dec 02, 2025; title=KLONOPIN (CLONAZEPAM) TABLET [H2-PHARMA, LLC]; url=https://dailymed.nlm.nih.gov/dailymed/drugInfo.cfm?setid=cfa0d79a-843c-4b88-95a1-e9511d649ca1",FDA/openFDA drug label API; status=boxed_warning_found; spl_set_id=cfa0d79a-843c-4b88-95a1-e9511d649ca1; effective_time=20251201; title=Klonopin / CLONAZEPAM; api_url=https://api.fda.gov/drug/label.json?search=openfda.spl_set_id%3A%22cfa0d79a-843c-4b88-95a1-e9511d649ca1%22&limit=5; FDA label fallback=https://www.accessdata.fda.gov/drugsatfda_docs/label/2023/017533s062lbl.pdf
clonazepam,proposed_row_update,medium,epilepsy_type,proposed,False,FDA indication is specific and does not support broad 'adjunctive nonspecific epilepsy'.,https://www.accessdata.fda.gov/drugsatfda_docs/label/2023/017533s062lbl.pdf,Absence; Myoclonic; Akinetic/atonic; Adjunctive nonspecific epilepsy,Lennox-Gastaut syndrome (petit mal variant); Akinetic; Myoclonic; Absence seizures after failure to respond to succinimides
clonazepam,proposed_row_update,medium,enzyme_inducing_or_inhibiting,proposed,False,Current wording overstates the FDA label evidence regarding inhibition.,https://www.accessdata.fda.gov/drugsatfda_docs/label/2023/017533s062lbl.pdf,Not a CYP inducer/inhibitor,No major enzyme induction established; CYP3A may play an important role in clonazepam metabolism; effect on metabolism of other drugs has not been fully investigated
clonazepam,proposed_row_update,critical,adverse_symptoms_percentages,proposed,True,The 7% salivation value was not verified in the FDA label; the other percentages were verified.,https://www.accessdata.fda.gov/drugsatfda_docs/label/2023/017533s062lbl.pdf,"CNS: drowsiness 50%, neurologic: ataxia 30%, behavioral: behavior problems 25%, respiratory: increased salivation 7%","CNS: drowsiness approximately 50%; neurologic: ataxia approximately 30%; behavioral: behavior problems approximately 25%; respiratory: hypersecretion in upper respiratory passages and hypersalivation/increased salivation warning, frequency not stated in FDA label"
clonazepam,proposed_row_update,medium,typical_doses_per_day,proposed,False,"FDA label supports individualized maintenance and maximum 20 mg/day, not 'maintenance often 1.5-20 mg/day'.",https://www.accessdata.fda.gov/drugsatfda_docs/label/2023/017533s062lbl.pdf,Adults seizure disorders: maintenance often 1.5-20 mg/day divided TID,Adults seizure disorders: initial dose should not exceed 1.5 mg/day divided TID; increase by 0.5 to 1 mg every 3 days until controlled or limited by adverse effects; maintenance individualized; maximum recommended daily dose 20 mg/day
clonazepam,proposed_row_update,critical,pubmed_phase_ii_iii_rct_links,proposed,True,"The cited records do not qualify as phase II/III placebo-controlled clonazepam-vs-placebo seizure-frequency efficacy RCTs for this row. Navarro is a levetiracetam add-on trial with clonazepam in both arms; Dahlin is a low-dose EEG crossover study, not phase II/III RR50/MPC/seizure-freedom evidence.",https://clinicaltrials.gov/study/NCT01150331; https://pubmed.ncbi.nlm.nih.gov/26627366/; https://pubmed.ncbi.nlm.nih.gov/10714402/; https://www.ncbi.nlm.nih.gov/books/NBK581157/,Navarro2015|https://pubmed.ncbi.nlm.nih.gov/26627366/; Dahlin2000|https://pubmed.ncbi.nlm.nih.gov/10714402/,
clonazepam,proposed_row_update,critical,rct_pubmed_verification_notes,proposed,True,Current notes incorrectly describe both records as qualifying clonazepam placebo-controlled RCT reports for extractable effectiveness summaries.,https://clinicaltrials.gov/study/NCT01150331; https://pubmed.ncbi.nlm.nih.gov/26627366/; https://pubmed.ncbi.nlm.nih.gov/10714402/; https://www.ncbi.nlm.nih.gov/books/NBK579009/; https://www.ncbi.nlm.nih.gov/books/NBK581157/,PubMed loop 10/65 on 2026-05-15: 2 qualifying placebo-controlled randomized clinical trial report(s) retained from 11 PubMed candidate(s). Links were rebuilt from fetched PubMed PMID metadata and named FirstAuthorYear. Differential effectiveness columns summarize extractable maximum effective dose/regimen values within qualifying RCT reports.,"Audit 2026-05-20: The cited records do not provide clonazepam-vs-placebo RR50, median percent seizure-frequency change, or seizure-freedom outcomes. Navarro2015/SAMUKeppra is a phase 3 levetiracetam add-on trial in which both arms received clonazepam; placebo controls levetiracetam, not clonazepam. Dahlin2000 is a randomized double-blind low-dose clonazepam EEG study measuring epileptiform activity, not phase II/III seizure-frequency RR50/MPC/seizure-freedom outcomes."
clorazepate dipotassium,fact_check,high,adverse_symptoms_percentages,incorrect,False,The FDA label lists these adverse reactions qualitatively. It does not support an incidence of 0%; removing the 0% notation avoids implying no adverse-event incidence.,https://www.accessdata.fda.gov/drugsatfda_docs/label/2023/017105s085lbl.pdf,"N/A 0%: FDA label lists drowsiness, dizziness, GI complaints, nervousness, blurred vision, dry mouth, headache, mental confusion, insomnia, skin rashes, fatigue, ataxia, irritability, diplopia, depression, tremor, and slurred speech without quantified incidence percentages.","N/A: FDA label lists drowsiness, dizziness, GI complaints, nervousness, blurred vision, dry mouth, headache, mental confusion, insomnia, skin rashes, fatigue, ataxia, irritability, diplopia, depression, tremor, and slurred speech without quantified incidence percentages."
clorazepate dipotassium,fact_check,medium,filter_qt_effect,insufficient_evidence,True,The detailed row text only establishes that QT interval effects are not described in the selected FDA label; it does not directly establish a clinically verified 'no known meaningful QT effect' category.,https://www.accessdata.fda.gov/drugsatfda_docs/label/2023/017105s085lbl.pdf,No known meaningful QT effect,Unknown/limited
clorazepate dipotassium,fact_check,high,evidence_sources,incorrect,False,"DailyMed should not be used for black-box verification and is not in the requested trusted-source list. The retained row facts are better supported by FDA Orange Book, FDA Drugs@FDA/accessdata/openFDA labeling, and NCBI alias sources.",https://www.fda.gov/drugs/drug-approvals-and-databases/orange-book-data-files; https://www.fda.gov/media/71474/download; https://www.accessdata.fda.gov/drugsatfda_docs/label/2023/017105s085lbl.pdf; https://api.fda.gov/drug/label.json?search=openfda.spl_set_id%3A%22919cbd07-f587-4005-acff-26213dd1d1fb%22&limit=5; https://www.ncbi.nlm.nih.gov/mesh/68003009,FDA Orange Book products file; FDA/DailyMed labeling,FDA Orange Book data files/annual edition; FDA Drugs@FDA/accessdata labeling; FDA/openFDA drug label API; NCBI MeSH/PubChem for aliases
clorazepate dipotassium,proposed_row_update,medium,fda_black_box_warning_source,proposed,False,DailyMed is not permissible for the black-box-warning field; FDA/openFDA is permissible.,https://api.fda.gov/drug/label.json?search=openfda.spl_set_id%3A%22919cbd07-f587-4005-acff-26213dd1d1fb%22&limit=5; https://www.accessdata.fda.gov/drugsatfda_docs/label/2023/017105s085lbl.pdf,"FDA/DailyMed SPL; status=boxed_warning_found; setid=919cbd07-f587-4005-acff-26213dd1d1fb; published=Mar 26, 2026; title=CLORAZEPATE DIPOTASSIUM TABLET [AUROLIFE PHARMA LLC]; url=https://dailymed.nlm.nih.gov/dailymed/drugInfo.cfm?setid=919cbd07-f587-4005-acff-26213dd1d1fb",FDA/openFDA drug label API; status=boxed_warning_found; spl_set_id=919cbd07-f587-4005-acff-26213dd1d1fb; effective_time=20260325; title=CLORAZEPATE DIPOTASSIUM / CLORAZEPATE DIPOTASSIUM; api_url=https://api.fda.gov/drug/label.json?search=openfda.spl_set_id%3A%22919cbd07-f587-4005-acff-26213dd1d1fb%22&limit=5
clorazepate dipotassium,proposed_row_update,medium,evidence_sources,proposed,False,Replaces the DailyMed reference with trusted FDA/NCBI sources that actually support the retained cells.,https://www.fda.gov/drugs/drug-approvals-and-databases/orange-book-data-files; https://www.fda.gov/media/71474/download; https://www.accessdata.fda.gov/drugsatfda_docs/label/2023/017105s085lbl.pdf; https://api.fda.gov/drug/label.json?search=openfda.spl_set_id%3A%22919cbd07-f587-4005-acff-26213dd1d1fb%22&limit=5; https://www.ncbi.nlm.nih.gov/mesh/68003009,FDA Orange Book products file; FDA/DailyMed labeling,FDA Orange Book data files/annual edition; FDA Drugs@FDA/accessdata labeling; FDA/openFDA drug label API; NCBI MeSH/PubChem for aliases
clorazepate dipotassium,proposed_row_update,medium,mechanism_source,proposed,False,Mechanism facts are supported by FDA labeling and NCBI MeSH without relying on DailyMed.,https://www.accessdata.fda.gov/drugsatfda_docs/label/2023/017105s085lbl.pdf; https://www.ncbi.nlm.nih.gov/mesh/68003009,FDA/DailyMed labeling,FDA Drugs@FDA/accessdata labeling; NCBI MeSH
clorazepate dipotassium,proposed_row_update,medium,adverse_symptoms_percentages,proposed,False,FDA labeling provides a qualitative adverse-reaction list but no 0% incidence value.,https://www.accessdata.fda.gov/drugsatfda_docs/label/2023/017105s085lbl.pdf,"N/A 0%: FDA label lists drowsiness, dizziness, GI complaints, nervousness, blurred vision, dry mouth, headache, mental confusion, insomnia, skin rashes, fatigue, ataxia, irritability, diplopia, depression, tremor, and slurred speech without quantified incidence percentages.","N/A: FDA label lists drowsiness, dizziness, GI complaints, nervousness, blurred vision, dry mouth, headache, mental confusion, insomnia, skin rashes, fatigue, ataxia, irritability, diplopia, depression, tremor, and slurred speech without quantified incidence percentages."
clorazepate dipotassium,proposed_row_update,medium,alternate_generic_names,proposed,False,Adds NCBI MeSH entry terms for the same drug/substance to avoid alias-driven duplicate rows.,https://www.ncbi.nlm.nih.gov/mesh/68003009,clorazepate,clorazepate; dipotassium chlorazepate; chlorazepate; clorazepic acid
clorazepate dipotassium,proposed_row_update,medium,pubmed_search_aliases,proposed,False,Adds verified PubMed-relevant entry terms and brand aliases.,https://www.ncbi.nlm.nih.gov/mesh/68003009; https://pubchem.ncbi.nlm.nih.gov/compound/167305,clorazepate; Tranxene; Tranxene SD; Gen-Xene,clorazepate; clorazepate dipotassium; dipotassium chlorazepate; chlorazepate; Tranxene; Tranxene SD; Gen-Xene; Tranxilium
clorazepate dipotassium,proposed_row_update,critical,filter_qt_effect,proposed,True,The cited FDA label only supports that QT effects are not described; it does not directly support a broader no-known-meaningful-effect category.,https://www.accessdata.fda.gov/drugsatfda_docs/label/2023/017105s085lbl.pdf,No known meaningful QT effect,Unknown/limited
clorazepate dipotassium,proposed_row_update,medium,year_fda_cleared,proposed,False,Clarifies the Orange Book application context; no substantive change.,https://www.fda.gov/media/71474/download; https://www.fda.gov/drugs/drug-approvals-and-databases/orange-book-data-files,"Approved Prior to Jan 1, 1982 (FDA Orange Book)","Approved prior to Jan 1, 1982 (FDA Orange Book; NDA 017105)."
diazepam,fact_check,high,pubmed_search_aliases,missing,False,"Search aliases are missing. Several RCTs and FDA labels use formulation/trade-name terms such as Diastat, VALTOCO, LIBERVANT, and diazepam auto-injector.",https://www.accessdata.fda.gov/drugsatfda_docs/label/2025/211635Orig1s012corrected_lbl.pdf; https://www.accessdata.fda.gov/drugsatfda_docs/label/2024/218623s000lbl.pdf; https://pubmed.ncbi.nlm.nih.gov/24111974/; https://pubmed.ncbi.nlm.nih.gov/9818845/,,Valium; Diastat; Diastat AcuDial; Valtoco; Libervant; diazepam rectal gel; diazepam nasal spray; diazepam buccal film; diazepam auto-injector
diazepam,fact_check,critical,adverse_symptoms_percentages,incorrect,True,"The current ataxia 15%, dizziness 12%, nasal discomfort 6%, and nausea 5% values were not supported by the FDA VALTOCO/LIBERVANT label tables reviewed. FDA label data support rectal-gel trial rates of somnolence 23%, headache 5%, diarrhea 4%, ataxia 3%, dizziness 3%, and VALTOCO local nasal discomfort 5%.",https://www.accessdata.fda.gov/drugsatfda_docs/label/2025/211635Orig1s012corrected_lbl.pdf; https://www.accessdata.fda.gov/drugsatfda_docs/label/2024/218623s000lbl.pdf,"CNS: somnolence 23%, neurologic: ataxia 15%, CNS: dizziness 12%, respiratory: nasal discomfort 6% for nasal product, GI: nausea 5%",CNS: somnolence 23%; CNS: headache 5%; GI: diarrhea 4%; neurologic: ataxia 3%; CNS: dizziness 3%; respiratory/local: nasal discomfort 5% for nasal spray
diazepam,fact_check,high,evidence_sources,incorrect,False,"Wikipedia and Epilepsy Foundation Australia are not in the trusted-source list for this audit, and DailyMed is not permissible for black-box verification. Replace with trusted FDA, NCBI, epilepsy.com, PubMed, and ClinicalTrials.gov sources.",https://www.accessdata.fda.gov/drugsatfda_docs/label/2025/211635Orig1s012corrected_lbl.pdf; https://www.ncbi.nlm.nih.gov/books/NBK547871/; https://www.epilepsy.com/treatment/seizure-rescue-therapies/oral-rescue-medicines; https://clinicaltrials.gov/study/NCT00319501,NCBI LiverTox anticonvulsants table; Epilepsy Foundation Australia ASM list; Wikipedia anticonvulsant drug-class list; FDA/DailyMed labeling,FDA/accessdata prescribing information and approval records; NCBI Bookshelf/LiverTox; Epilepsy Foundation (epilepsy.com); PubMed RCT records; ClinicalTrials.gov records
diazepam,fact_check,critical,formulations_available,incorrect,True,"FDA/NCBI sources support tablets, oral solution, rectal gel, nasal spray, injection, and LIBERVANT buccal film. Diazepam auto-injector is supported as an investigational/clinical-trial formulation, not as a current approved/available formulation in the reviewed FDA sources.",https://www.ncbi.nlm.nih.gov/books/NBK547871/; https://www.accessdata.fda.gov/drugsatfda_docs/label/2025/211635Orig1s012corrected_lbl.pdf; https://www.accessdata.fda.gov/drugsatfda_docs/label/2024/218623s000lbl.pdf; https://pubmed.ncbi.nlm.nih.gov/24111974/,Tablet; oral solution; rectal gel; nasal spray; IV injection; autoinjector in some settings,Tablet; oral solution; rectal gel; nasal spray; IV/IM injection; buccal film
diazepam,fact_check,critical,half_life_range,incorrect,True,"Current text is partly supported for typical diazepam half-life, but FDA labels document a wider age-related diazepam range and a desmethyldiazepam half-life around 147 h, which contradicts 'active metabolites up to ~100 h'.",https://www.accessdata.fda.gov/drugsatfda_docs/label/2025/211635Orig1s012corrected_lbl.pdf; https://www.accessdata.fda.gov/drugsatfda_docs/label/2024/218623s000lbl.pdf,Diazepam 20-50 h; active metabolites up to ~100 h,"Diazepam half-life is formulation/population dependent: about 49.2 h after a 10 mg VALTOCO dose, about 15-100 h across adult age range after IV dosing, and desmethyldiazepam about 147 h in LIBERVANT labeling"
diazepam,fact_check,medium,mechanism_source,missing_source,False,DailyMed is not in the trusted source list supplied for this audit; FDA/accessdata labels support the mechanism statement.,https://www.accessdata.fda.gov/drugsatfda_docs/label/2025/211635Orig1s012corrected_lbl.pdf; https://www.accessdata.fda.gov/drugsatfda_docs/label/2024/218623s000lbl.pdf,FDA/DailyMed labeling,FDA/accessdata labeling
diazepam,fact_check,medium,qt_interval_effect,missing_source,False,No cited row source specifically supports this QT statement. Absence of a QT warning in reviewed labels is not strong enough to verify the cell as written.,https://www.accessdata.fda.gov/drugsatfda_docs/label/2025/211635Orig1s012corrected_lbl.pdf,No clinically meaningful QT effect established,No change proposed without a specific trusted QT source
diazepam,missing_rct,high,pubmed_phase_ii_iii_rct_links,missing,False,"Placebo-controlled randomized acute repetitive seizure trial of diazepam rectal gel. FDA labeling reports the corresponding 91-patient study and seizure-free rates of 62% vs 20%, which materially changes the seizure-freedom differential maximum to 42%.",https://pubmed.ncbi.nlm.nih.gov/9637805/,,Dreifuss1998|https://pubmed.ncbi.nlm.nih.gov/9637805/
diazepam,missing_rct,high,pubmed_phase_ii_iii_rct_links,missing,False,Phase III randomized double-blind placebo-controlled multicenter diazepam auto-injector trial for acute repetitive seizures; ClinicalTrials.gov NCT00319501 links this study to a completed Phase 3 trial.,https://pubmed.ncbi.nlm.nih.gov/24111974/,,AbouKhalil2013|https://pubmed.ncbi.nlm.nih.gov/24111974/
diazepam,missing_rct,high,pubmed_phase_ii_iii_rct_links,missing,False,Randomized placebo-controlled diazepam-arm trial for status epilepticus; ClinicalTrials.gov NCT00004297 identifies the study as Phase 3 randomized diazepam vs lorazepam vs placebo for prehospital status epilepticus.,https://pubmed.ncbi.nlm.nih.gov/11547716/,,Alldredge2001|https://pubmed.ncbi.nlm.nih.gov/11547716/
diazepam,outcome_check,critical,diff_seizure_freedom_maximum_effective_dose,incorrect,True,"The cited values for vanTuijl2021, Cereghino1998, and Autret1990 are supported by the respective abstract/label evidence. However, the current range omits a qualifying rectal diazepam gel placebo-controlled RCT summarized in FDA labeling with 62% vs 20% seizure-free patients, a 42% differential; therefore the maximum is not 21%.",https://pubmed.ncbi.nlm.nih.gov/33465768/; https://pubmed.ncbi.nlm.nih.gov/9818845/; https://pubmed.ncbi.nlm.nih.gov/2202804/; https://pubmed.ncbi.nlm.nih.gov/9637805/; https://www.accessdata.fda.gov/drugsatfda_docs/label/2025/211635Orig1s012corrected_lbl.pdf,1.8-21 % (drug minus placebo seizure-freedom differential at maximum effective dose/regimen: vanTuijl2021 diazepam for 3 days after acute stroke 1.8%; Cereghino1998 single caregiver-administered rectal diazepam dose 21%; Autret1990 intermittent oral diazepam during fever 3.5%),1.8-42% (drug minus placebo seizure-free or recurrence-free differential from placebo-controlled RCTs with extractable rates: vanTuijl2021 diazepam for 3 days after acute stroke 1.8%; Dreifuss1998 diazepam rectal gel acute repetitive seizure study 42%; Cereghino1998 single caregiver-administered rectal diazepam dose 21%; Autret1990 intermittent oral diazepam during fever 3.5%)
diazepam,outcome_check,critical,plot_diff_seizure_freedom_maximum_effective_dose,incorrect,True,"Add the missing Dreifuss/FDA-labeled 91-patient rectal diazepam placebo-controlled trial result, 62% vs 20% seizure-free.",https://pubmed.ncbi.nlm.nih.gov/9637805/; https://www.accessdata.fda.gov/drugsatfda_docs/label/2025/211635Orig1s012corrected_lbl.pdf,vanTuijl2021|1.8|https://pubmed.ncbi.nlm.nih.gov/33465768/|784; Cereghino1998|21|https://pubmed.ncbi.nlm.nih.gov/9818845/|114; Autret1990|3.5|https://pubmed.ncbi.nlm.nih.gov/2202804/|185,vanTuijl2021|1.8|https://pubmed.ncbi.nlm.nih.gov/33465768/|784; Dreifuss1998|42|https://pubmed.ncbi.nlm.nih.gov/9637805/|91; Cereghino1998|21|https://pubmed.ncbi.nlm.nih.gov/9818845/|114; Autret1990|3.5|https://pubmed.ncbi.nlm.nih.gov/2202804/|185
diazepam,black_box_warning,critical,fda_black_box_warning,incorrect,True,"Current source is DailyMed, which is not permissible for the black-box field. FDA accessdata VALTOCO and LIBERVANT labels confirm a boxed warning, but the CSV text is duplicated and product-specific to LIBERVANT; the broader current FDA diazepam rescue product label wording is better represented by a concise FDA-sourced warning summary.",https://www.accessdata.fda.gov/drugsatfda_docs/label/2025/211635Orig1s012corrected_lbl.pdf; https://www.accessdata.fda.gov/drugsatfda_docs/label/2024/218623s000lbl.pdf; https://www.fda.gov/drugs/drug-safety-and-availability/fda-requiring-boxed-warning-updated-improve-safe-use-benzodiazepine-drug-class,"WARNING: RISKS FROM CONCOMITANT USE WITH OPIOIDS; ABUSE, MISUSE, AND ADDICTION and DEPENDENCE AND WITHDRAWAL REACTIONS ... FDA/DailyMed SPL ... url=https://dailymed.nlm.nih.gov/dailymed/drugInfo.cfm?setid=12527569-8eb3-4624-b3c0-5c0e0c5f88c9","WARNING: RISKS FROM CONCOMITANT USE WITH OPIOIDS; ABUSE, MISUSE, AND ADDICTION; AND DEPENDENCE AND WITHDRAWAL REACTIONS. Boxed warning present for diazepam benzodiazepine products: opioid co-use can cause profound sedation, respiratory depression, coma, and death; benzodiazepine use exposes users to abuse, misuse, addiction, overdose, and death; use more frequently than recommended can cause physical dependence and potentially life-threatening withdrawal reactions."
diazepam,proposed_row_update,medium,evidence_sources,proposed,False,Current sources include non-trusted or disallowed sources for this audit.,https://www.accessdata.fda.gov/drugsatfda_docs/label/2025/211635Orig1s012corrected_lbl.pdf; https://www.ncbi.nlm.nih.gov/books/NBK547871/; https://www.epilepsy.com/treatment/seizure-rescue-therapies/oral-rescue-medicines; https://clinicaltrials.gov/study/NCT00319501,NCBI LiverTox anticonvulsants table; Epilepsy Foundation Australia ASM list; Wikipedia anticonvulsant drug-class list; FDA/DailyMed labeling,FDA/accessdata prescribing information and approval records; NCBI Bookshelf/LiverTox; Epilepsy Foundation (epilepsy.com); PubMed RCT records; ClinicalTrials.gov records
diazepam,proposed_row_update,critical,fda_black_box_warning_source,proposed,True,"Black-box verification must use FDA/openFDA, FDA labels, or Drugs@FDA only; DailyMed is not permissible.",https://www.accessdata.fda.gov/drugsatfda_docs/label/2025/211635Orig1s012corrected_lbl.pdf,"FDA/DailyMed SPL; status=boxed_warning_found; setid=12527569-8eb3-4624-b3c0-5c0e0c5f88c9; published=Nov 15, 2024; title=LIBERVANT (DIAZEPAM) FILM [AQUESTIVE THERAPEUTICS]; url=https://dailymed.nlm.nih.gov/dailymed/drugInfo.cfm?setid=12527569-8eb3-4624-b3c0-5c0e0c5f88c9",FDA/accessdata prescribing information; status=boxed_warning_found; Reference ID=5681158; title=VALTOCO (diazepam) nasal spray; url=https://www.accessdata.fda.gov/drugsatfda_docs/label/2025/211635Orig1s012corrected_lbl.pdf
diazepam,proposed_row_update,medium,mechanism_source,proposed,False,Mechanism is supported directly by FDA/accessdata labels; source text should avoid DailyMed because it is outside the trusted source list supplied for this audit.,https://www.accessdata.fda.gov/drugsatfda_docs/label/2025/211635Orig1s012corrected_lbl.pdf; https://www.accessdata.fda.gov/drugsatfda_docs/label/2024/218623s000lbl.pdf,FDA/DailyMed labeling,FDA/accessdata labeling
diazepam,proposed_row_update,critical,adverse_symptoms_percentages,proposed,True,FDA label percentages contradict several current adverse-event values.,https://www.accessdata.fda.gov/drugsatfda_docs/label/2025/211635Orig1s012corrected_lbl.pdf,"CNS: somnolence 23%, neurologic: ataxia 15%, CNS: dizziness 12%, respiratory: nasal discomfort 6% for nasal product, GI: nausea 5%",CNS: somnolence 23%; CNS: headache 5%; GI: diarrhea 4%; neurologic: ataxia 3%; CNS: dizziness 3%; respiratory/local: nasal discomfort 5% for nasal spray
diazepam,proposed_row_update,medium,evidence_sources,proposed,False,Replace untrusted/inapplicable sources with trusted sources specified by audit instructions.,https://www.accessdata.fda.gov/drugsatfda_docs/label/2025/211635Orig1s012corrected_lbl.pdf; https://www.ncbi.nlm.nih.gov/books/NBK547871/; https://www.epilepsy.com/treatment/seizure-rescue-therapies/oral-rescue-medicines; https://clinicaltrials.gov/study/NCT00319501,NCBI LiverTox anticonvulsants table; Epilepsy Foundation Australia ASM list; Wikipedia anticonvulsant drug-class list; FDA/DailyMed labeling,FDA/accessdata prescribing information and approval records; NCBI Bookshelf/LiverTox; Epilepsy Foundation (epilepsy.com); PubMed RCT records; ClinicalTrials.gov records
diazepam,proposed_row_update,critical,fda_black_box_warning_source,proposed,True,DailyMed is not permissible for black-box verification; FDA/accessdata label is permissible.,https://www.accessdata.fda.gov/drugsatfda_docs/label/2025/211635Orig1s012corrected_lbl.pdf,"FDA/DailyMed SPL; status=boxed_warning_found; setid=12527569-8eb3-4624-b3c0-5c0e0c5f88c9; published=Nov 15, 2024; title=LIBERVANT (DIAZEPAM) FILM [AQUESTIVE THERAPEUTICS]; url=https://dailymed.nlm.nih.gov/dailymed/drugInfo.cfm?setid=12527569-8eb3-4624-b3c0-5c0e0c5f88c9",FDA/accessdata prescribing information; status=boxed_warning_found; Reference ID=5681158; title=VALTOCO (diazepam) nasal spray; url=https://www.accessdata.fda.gov/drugsatfda_docs/label/2025/211635Orig1s012corrected_lbl.pdf
diazepam,proposed_row_update,medium,fda_black_box_warning_verified,proposed,False,Verification should be tied to FDA/accessdata rather than DailyMed.,https://www.accessdata.fda.gov/drugsatfda_docs/label/2025/211635Orig1s012corrected_lbl.pdf,05-20-2026,05-20-2026
diazepam,proposed_row_update,critical,formulations_available,proposed,True,Add FDA-approved buccal film and remove unsupported currently available auto-injector wording.,https://www.ncbi.nlm.nih.gov/books/NBK547871/; https://www.accessdata.fda.gov/drugsatfda_docs/label/2025/211635Orig1s012corrected_lbl.pdf; https://www.accessdata.fda.gov/drugsatfda_docs/label/2024/218623s000lbl.pdf,Tablet; oral solution; rectal gel; nasal spray; IV injection; autoinjector in some settings,Tablet; oral solution; rectal gel; nasal spray; IV/IM injection; buccal film
diazepam,proposed_row_update,critical,half_life_range,proposed,True,FDA labels support a broader range and longer desmethyldiazepam half-life than the current text.,https://www.accessdata.fda.gov/drugsatfda_docs/label/2025/211635Orig1s012corrected_lbl.pdf; https://www.accessdata.fda.gov/drugsatfda_docs/label/2024/218623s000lbl.pdf,Diazepam 20-50 h; active metabolites up to ~100 h,"Diazepam half-life is formulation/population dependent: about 49.2 h after a 10 mg VALTOCO dose, about 15-100 h across adult age range after IV dosing, and desmethyldiazepam about 147 h in LIBERVANT labeling"
diazepam,proposed_row_update,medium,mechanism_source,proposed,False,Use trusted FDA/accessdata source naming instead of DailyMed.,https://www.accessdata.fda.gov/drugsatfda_docs/label/2025/211635Orig1s012corrected_lbl.pdf; https://www.accessdata.fda.gov/drugsatfda_docs/label/2024/218623s000lbl.pdf,FDA/DailyMed labeling,FDA/accessdata labeling
diazepam,proposed_row_update,medium,pubmed_search_aliases,proposed,False,Alias/search field is empty despite important trade names and formulation names used in labels and RCT titles.,https://pubmed.ncbi.nlm.nih.gov/24111974/; https://pubmed.ncbi.nlm.nih.gov/9818845/; https://www.accessdata.fda.gov/drugsatfda_docs/label/2025/211635Orig1s012corrected_lbl.pdf,,Valium; Diastat; Diastat AcuDial; Valtoco; Libervant; diazepam rectal gel; diazepam nasal spray; diazepam buccal film; diazepam auto-injector
diazepam,proposed_row_update,medium,pubmed_phase_ii_iii_rct_links,proposed,False,Existing links are valid but incomplete; at least three relevant placebo-controlled diazepam seizure/status epilepticus RCTs are missing.,https://pubmed.ncbi.nlm.nih.gov/9637805/; https://pubmed.ncbi.nlm.nih.gov/24111974/; https://pubmed.ncbi.nlm.nih.gov/11547716/; https://clinicaltrials.gov/study/NCT00319501; https://clinicaltrials.gov/study/NCT00004297,vanTuijl2021|https://pubmed.ncbi.nlm.nih.gov/33465768/; Cereghino1998|https://pubmed.ncbi.nlm.nih.gov/9818845/; Uhari1995|https://pubmed.ncbi.nlm.nih.gov/7776115/; Rosman1993|https://pubmed.ncbi.nlm.nih.gov/8510706/; Autret1990|https://pubmed.ncbi.nlm.nih.gov/2202804/,vanTuijl2021|https://pubmed.ncbi.nlm.nih.gov/33465768/; Cereghino1998|https://pubmed.ncbi.nlm.nih.gov/9818845/; Uhari1995|https://pubmed.ncbi.nlm.nih.gov/7776115/; Rosman1993|https://pubmed.ncbi.nlm.nih.gov/8510706/; Autret1990|https://pubmed.ncbi.nlm.nih.gov/2202804/; Dreifuss1998|https://pubmed.ncbi.nlm.nih.gov/9637805/; AbouKhalil2013|https://pubmed.ncbi.nlm.nih.gov/24111974/; Alldredge2001|https://pubmed.ncbi.nlm.nih.gov/11547716/
diazepam,proposed_row_update,critical,diff_seizure_freedom_maximum_effective_dose,proposed,True,Omitted FDA-labeled 91-patient rectal diazepam gel placebo RCT result changes the maximum differential from 21% to 42%.,https://pubmed.ncbi.nlm.nih.gov/9637805/; https://www.accessdata.fda.gov/drugsatfda_docs/label/2025/211635Orig1s012corrected_lbl.pdf,1.8-21 % (drug minus placebo seizure-freedom differential at maximum effective dose/regimen: vanTuijl2021 diazepam for 3 days after acute stroke 1.8%; Cereghino1998 single caregiver-administered rectal diazepam dose 21%; Autret1990 intermittent oral diazepam during fever 3.5%),1.8-42% (drug minus placebo seizure-free or recurrence-free differential from placebo-controlled RCTs with extractable rates: vanTuijl2021 diazepam for 3 days after acute stroke 1.8%; Dreifuss1998 diazepam rectal gel acute repetitive seizure study 42%; Cereghino1998 single caregiver-administered rectal diazepam dose 21%; Autret1990 intermittent oral diazepam during fever 3.5%)
diazepam,proposed_row_update,critical,plot_diff_seizure_freedom_maximum_effective_dose,proposed,True,Add missing 42% placebo differential from the rectal diazepam gel study summarized in FDA labeling.,https://pubmed.ncbi.nlm.nih.gov/9637805/; https://www.accessdata.fda.gov/drugsatfda_docs/label/2025/211635Orig1s012corrected_lbl.pdf,vanTuijl2021|1.8|https://pubmed.ncbi.nlm.nih.gov/33465768/|784; Cereghino1998|21|https://pubmed.ncbi.nlm.nih.gov/9818845/|114; Autret1990|3.5|https://pubmed.ncbi.nlm.nih.gov/2202804/|185,vanTuijl2021|1.8|https://pubmed.ncbi.nlm.nih.gov/33465768/|784; Dreifuss1998|42|https://pubmed.ncbi.nlm.nih.gov/9637805/|91; Cereghino1998|21|https://pubmed.ncbi.nlm.nih.gov/9818845/|114; Autret1990|3.5|https://pubmed.ncbi.nlm.nih.gov/2202804/|185
eslicarbazepine acetate,fact_check,high,mechanism_source,incorrect,False,The mechanism is supported by FDA labeling; DailyMed is unnecessary and is not in the trusted source list for this audit.,https://www.accessdata.fda.gov/drugsatfda_docs/label/2017/022416s009lbl.pdf,FDA/DailyMed labeling,FDA/accessdata labeling
eslicarbazepine acetate,fact_check,critical,adverse_symptoms_percentages,incorrect,True,"FDA adult adjunctive placebo-controlled trial table for Aptiom 800 mg and 1200 mg reports dizziness 20/28%, somnolence 11/18%, nausea 10/16%, diplopia 9/11%, and ataxia 4/6%. Current values appear to mix or understate several active-dose percentages.",https://www.accessdata.fda.gov/drugsatfda_docs/label/2017/022416s009lbl.pdf,"CNS: dizziness 21-28%, CNS: somnolence 8-18%, GI: nausea 7-10%, neurologic: diplopia 6-11%, neurologic: ataxia 4-6%","CNS: dizziness 20-28%, CNS: somnolence 11-18%, GI: nausea 10-16%, neurologic: diplopia 9-11%, neurologic: ataxia 4-6%"
eslicarbazepine acetate,fact_check,high,evidence_sources,incorrect,False,"DailyMed and Epilepsy Society are not in the trusted source list for this audit, and DailyMed is explicitly impermissible for boxed-warning verification. The proposed sources cover the populated row facts with trusted domains.",https://www.accessdata.fda.gov/drugsatfda_docs/label/2017/022416s009lbl.pdf; https://api.fda.gov/drug/label.json?search=openfda.spl_set_id%3A%223d0c9554-eaeb-4694-8089-00133fcadce3%22&limit=5; https://www.ncbi.nlm.nih.gov/books/NBK548939/; https://www.ema.europa.eu/en/medicines/human/EPAR/zebinix; https://www.medicines.org.uk/emc/product/7872/smpc,NCBI LiverTox anticonvulsants table; Epilepsy Society ASM list; FDA/DailyMed labeling,FDA/accessdata labeling; FDA/openFDA labeling; NCBI LiverTox; EMA Zebinix EPAR; eMC Zebinix SmPC; PubMed RCT records; ClinicalTrials.gov records
eslicarbazepine acetate,fact_check,high,filter_enzyme_effect,incorrect,False,The drug has both induction and inhibition effects: CYP3A4/UGT induction and CYP2C19 inhibition.,https://www.accessdata.fda.gov/drugsatfda_docs/label/2017/022416s009lbl.pdf; https://www.medicines.org.uk/emc/product/7872/smpc,Inhibitor,Inducer; Inhibitor
eslicarbazepine acetate,missing_rct,high,pubmed_phase_ii_iii_rct_links,missing,False,"Phase II randomized, double-blind, placebo-controlled pediatric adjunctive eslicarbazepine acetate study in refractory focal-onset seizures; it is a qualifying phase II placebo-controlled ASM trial report but is absent from the current PubMed RCT link field.",https://pubmed.ncbi.nlm.nih.gov/29454255/,,Jozwiak2018|https://pubmed.ncbi.nlm.nih.gov/29454255/
eslicarbazepine acetate,black_box_warning,high,fda_black_box_warning,incorrect,False,"The no-boxed-warning conclusion is supported by FDA/openFDA/FDA label sources, but the current row uses DailyMed wording/source for the boxed-warning field, which violates the row policy.",https://api.fda.gov/drug/label.json?search=openfda.spl_set_id%3A%223d0c9554-eaeb-4694-8089-00133fcadce3%22&limit=5; https://www.accessdata.fda.gov/drugsatfda_docs/label/2017/022416s009lbl.pdf,No FDA boxed warning identified in selected current DailyMed label.,No FDA boxed warning identified in selected current FDA/openFDA label.
eslicarbazepine acetate,proposed_row_update,medium,fda_black_box_warning_source,proposed,False,"Boxed-warning verification must use FDA/openFDA/FDA labeling, not DailyMed.",https://api.fda.gov/drug/label.json?search=openfda.spl_set_id%3A%223d0c9554-eaeb-4694-8089-00133fcadce3%22&limit=5,"FDA/DailyMed SPL; status=no_boxed_warning_in_selected_label; setid=3d0c9554-eaeb-4694-8089-00133fcadce3; published=Dec 05, 2023; title=APTIOM (ESLICARBAZEPINE ACETATE) TABLET APTIOM (ESLICARBAZEPINE ACETATE) KIT [SUMITOMO PHARMA AMERICA, INC.]; url=https://dailymed.nlm.nih.gov/dailymed/drugInfo.cfm?setid=3d0c9554-eaeb-4694-8089-00133fcadce3",FDA/openFDA drug label API; status=no_boxed_warning_in_selected_fda_label; spl_set_id=3d0c9554-eaeb-4694-8089-00133fcadce3; effective_time=20231110; title=Aptiom / ESLICARBAZEPINE ACETATE; api_url=https://api.fda.gov/drug/label.json?search=openfda.spl_set_id%3A%223d0c9554-eaeb-4694-8089-00133fcadce3%22&limit=5
eslicarbazepine acetate,proposed_row_update,medium,mechanism_source,proposed,False,Mechanism source should cite FDA labeling on a trusted FDA domain rather than DailyMed.,https://www.accessdata.fda.gov/drugsatfda_docs/label/2017/022416s009lbl.pdf,FDA/DailyMed labeling,FDA/accessdata labeling
eslicarbazepine acetate,proposed_row_update,medium,evidence_sources,proposed,False,Replace non-trusted and policy-problem sources with trusted sources actually supporting the row facts.,https://www.accessdata.fda.gov/drugsatfda_docs/label/2017/022416s009lbl.pdf; https://api.fda.gov/drug/label.json?search=openfda.spl_set_id%3A%223d0c9554-eaeb-4694-8089-00133fcadce3%22&limit=5; https://www.ncbi.nlm.nih.gov/books/NBK548939/; https://www.ema.europa.eu/en/medicines/human/EPAR/zebinix; https://www.medicines.org.uk/emc/product/7872/smpc,NCBI LiverTox anticonvulsants table; Epilepsy Society ASM list; FDA/DailyMed labeling,FDA/accessdata labeling; FDA/openFDA labeling; NCBI LiverTox; EMA Zebinix EPAR; eMC Zebinix SmPC; PubMed RCT records; ClinicalTrials.gov records
eslicarbazepine acetate,proposed_row_update,critical,adverse_symptoms_percentages,proposed,True,Align adult adjunctive adverse-event percentages to FDA labeling for Aptiom 800 and 1200 mg.,https://www.accessdata.fda.gov/drugsatfda_docs/label/2017/022416s009lbl.pdf,"CNS: dizziness 21-28%, CNS: somnolence 8-18%, GI: nausea 7-10%, neurologic: diplopia 6-11%, neurologic: ataxia 4-6%","CNS: dizziness 20-28%, CNS: somnolence 11-18%, GI: nausea 10-16%, neurologic: diplopia 9-11%, neurologic: ataxia 4-6%"
eslicarbazepine acetate,proposed_row_update,medium,evidence_sources,proposed,False,Replace non-trusted or policy-problem source wording with trusted sources used for the row.,https://www.accessdata.fda.gov/drugsatfda_docs/label/2017/022416s009lbl.pdf; https://api.fda.gov/drug/label.json?search=openfda.spl_set_id%3A%223d0c9554-eaeb-4694-8089-00133fcadce3%22&limit=5; https://www.ncbi.nlm.nih.gov/books/NBK548939/; https://www.ema.europa.eu/en/medicines/human/EPAR/zebinix; https://www.medicines.org.uk/emc/product/7872/smpc,NCBI LiverTox anticonvulsants table; Epilepsy Society ASM list; FDA/DailyMed labeling,FDA/accessdata labeling; FDA/openFDA labeling; NCBI LiverTox; EMA Zebinix EPAR; eMC Zebinix SmPC; PubMed RCT records; ClinicalTrials.gov records
eslicarbazepine acetate,proposed_row_update,medium,fda_black_box_warning,proposed,False,DailyMed is not permissible for boxed-warning verification; FDA/openFDA/FDA label sources support the no-boxed-warning conclusion.,https://api.fda.gov/drug/label.json?search=openfda.spl_set_id%3A%223d0c9554-eaeb-4694-8089-00133fcadce3%22&limit=5; https://www.accessdata.fda.gov/drugsatfda_docs/label/2017/022416s009lbl.pdf,No FDA boxed warning identified in selected current DailyMed label.,No FDA boxed warning identified in selected current FDA/openFDA label.
eslicarbazepine acetate,proposed_row_update,medium,fda_black_box_warning_source,proposed,False,Use FDA/openFDA rather than DailyMed for boxed-warning source metadata.,https://api.fda.gov/drug/label.json?search=openfda.spl_set_id%3A%223d0c9554-eaeb-4694-8089-00133fcadce3%22&limit=5,"FDA/DailyMed SPL; status=no_boxed_warning_in_selected_label; setid=3d0c9554-eaeb-4694-8089-00133fcadce3; published=Dec 05, 2023; title=APTIOM (ESLICARBAZEPINE ACETATE) TABLET APTIOM (ESLICARBAZEPINE ACETATE) KIT [SUMITOMO PHARMA AMERICA, INC.]; url=https://dailymed.nlm.nih.gov/dailymed/drugInfo.cfm?setid=3d0c9554-eaeb-4694-8089-00133fcadce3",FDA/openFDA drug label API; status=no_boxed_warning_in_selected_fda_label; spl_set_id=3d0c9554-eaeb-4694-8089-00133fcadce3; effective_time=20231110; title=Aptiom / ESLICARBAZEPINE ACETATE; api_url=https://api.fda.gov/drug/label.json?search=openfda.spl_set_id%3A%223d0c9554-eaeb-4694-8089-00133fcadce3%22&limit=5
eslicarbazepine acetate,proposed_row_update,medium,fda_black_box_warning_verified,proposed,False,Keep audit-date verification after switching source text to FDA/openFDA.,https://api.fda.gov/drug/label.json?search=openfda.spl_set_id%3A%223d0c9554-eaeb-4694-8089-00133fcadce3%22&limit=5,05-20-2026,05-20-2026
eslicarbazepine acetate,proposed_row_update,medium,mechanism_source,proposed,False,Mechanism is supported by FDA label; DailyMed wording is unnecessary for this trusted-source audit.,https://www.accessdata.fda.gov/drugsatfda_docs/label/2017/022416s009lbl.pdf,FDA/DailyMed labeling,FDA/accessdata labeling
eslicarbazepine acetate,proposed_row_update,medium,filter_enzyme_effect,proposed,False,Eslicarbazepine acetate has both induction and inhibition effects.,https://www.accessdata.fda.gov/drugsatfda_docs/label/2017/022416s009lbl.pdf; https://www.medicines.org.uk/emc/product/7872/smpc,Inhibitor,Inducer; Inhibitor
eslicarbazepine acetate,proposed_row_update,medium,pubmed_phase_ii_iii_rct_links,proposed,False,Add missing phase II randomized double-blind placebo-controlled pediatric focal-onset seizure study report.,https://pubmed.ncbi.nlm.nih.gov/29454255/; https://clinicaltrials.gov/study/NCT01527513,Koepp2026|https://pubmed.ncbi.nlm.nih.gov/41722592/; Kirkham2020|https://pubmed.ncbi.nlm.nih.gov/32151803/; Mintzer2018|https://pubmed.ncbi.nlm.nih.gov/29499473/; Sperling2014|https://pubmed.ncbi.nlm.nih.gov/25528898/; BenMenachem2010|https://pubmed.ncbi.nlm.nih.gov/20299189/; GilNagel2009|https://pubmed.ncbi.nlm.nih.gov/19832771/; Elger2009|https://pubmed.ncbi.nlm.nih.gov/19243424/; Elger2007|https://pubmed.ncbi.nlm.nih.gov/17319919/,Koepp2026|https://pubmed.ncbi.nlm.nih.gov/41722592/; Kirkham2020|https://pubmed.ncbi.nlm.nih.gov/32151803/; Mintzer2018|https://pubmed.ncbi.nlm.nih.gov/29499473/; Jozwiak2018|https://pubmed.ncbi.nlm.nih.gov/29454255/; Sperling2014|https://pubmed.ncbi.nlm.nih.gov/25528898/; BenMenachem2010|https://pubmed.ncbi.nlm.nih.gov/20299189/; GilNagel2009|https://pubmed.ncbi.nlm.nih.gov/19832771/; Elger2009|https://pubmed.ncbi.nlm.nih.gov/19243424/; Elger2007|https://pubmed.ncbi.nlm.nih.gov/17319919/
eslicarbazepine acetate,proposed_row_update,medium,rct_pubmed_verification_notes,proposed,False,Update RCT notes to reflect manual audit and the added missing trial report.,https://pubmed.ncbi.nlm.nih.gov/29454255/; https://pubmed.ncbi.nlm.nih.gov/25528898/; https://pubmed.ncbi.nlm.nih.gov/20299189/; https://pubmed.ncbi.nlm.nih.gov/19832771/; https://pubmed.ncbi.nlm.nih.gov/19243424/; https://pubmed.ncbi.nlm.nih.gov/17319919/,PubMed loop 14/65 on 2026-05-15: 8 qualifying placebo-controlled randomized clinical trial report(s) retained from 33 PubMed candidate(s). Links were rebuilt from fetched PubMed PMID metadata and named FirstAuthorYear. Differential effectiveness columns summarize extractable maximum effective dose/regimen values within qualifying RCT reports.,"Audit 2026-05-20: existing PubMed links verified as eslicarbazepine acetate phase II/III placebo-controlled randomized trial reports or secondary reports of such trials; added Jozwiak2018 (PMID 29454255) as a qualifying phase II randomized double-blind placebo-controlled pediatric study. Differential effectiveness columns retain extractable adult maximum effective-dose/regimen RR50/MPC values from Sperling2014, BenMenachem2010, GilNagel2009, Elger2009, and Elger2007; seizure-freedom differential remains not extractable."
ethosuximide,fact_check,critical,trade_names,incorrect,True,Zarontin is the FDA-labeled proprietary/brand name; ethosuximide is already the generic name and should not be repeated as a trade name unless the row intentionally stores generic-labeled product names in this field.,https://www.accessdata.fda.gov/drugsatfda_docs/label/2021/012380s037lbl.pdf; https://api.fda.gov/drug/label.json?search=openfda.spl_set_id%3A%220e008f33-70a1-4bc6-b3a0-d45214418ab6%22&limit=5,Ethosuximide; Zarontin,Zarontin
ethosuximide,fact_check,high,evidence_sources,incorrect,False,"DailyMed should not be used for the boxed-warning field, and the row needs NIH/NCBI/PubMed sources for pharmacokinetic and enzyme-effect facts not present in FDA labeling.",https://www.fda.gov/drugs/drug-approvals-and-databases/orange-book-data-files; https://api.fda.gov/drug/label.json?search=openfda.spl_set_id%3A%220e008f33-70a1-4bc6-b3a0-d45214418ab6%22&limit=5; https://www.ncbi.nlm.nih.gov/books/NBK544244/; https://pubmed.ncbi.nlm.nih.gov/9606477/,FDA Orange Book products file; FDA/DailyMed labeling,FDA Orange Book products file; FDA/openFDA labeling; FDA-approved labeling PDFs; NIH/NCBI Bookshelf; PubMed
ethosuximide,fact_check,high,enzyme_inducing_or_inhibiting,incorrect,False,"A PubMed review states ethosuximide is neither an inducer nor inhibitor of drug metabolism, while FDA labeling supports the phenytoin/valproate interaction wording.",https://pubmed.ncbi.nlm.nih.gov/9606477/; https://www.accessdata.fda.gov/drugsatfda_docs/label/2021/012380s037lbl.pdf,N/A - selected FDA label does not define clinically meaningful enzyme induction or inhibition; label notes interactions with other antiepileptic drug serum levels.,"Neither enzyme-inducing nor enzyme-inhibiting; ethosuximide may increase phenytoin levels, and valproic acid has been reported to both increase and decrease ethosuximide levels."
ethosuximide,fact_check,high,half_life_range,incorrect,False,"The selected FDA label may omit half-life, but a trusted NIH/NCBI source provides the half-life range, so N/A is incomplete for the data field.",https://www.ncbi.nlm.nih.gov/books/NBK544244/,N/A - selected FDA/DailyMed label does not provide a half-life value.,30 hours in children; 50-60 hours in adults.
ethosuximide,fact_check,high,major_organ_for_metabolism,incorrect,False,NIH/NCBI sources identify hepatic metabolism and CYP3A4 involvement; LiverTox also describes liver metabolism via cytochrome P450.,https://www.ncbi.nlm.nih.gov/books/NBK544244/; https://www.ncbi.nlm.nih.gov/books/NBK547870/; https://pubmed.ncbi.nlm.nih.gov/12637244/,N/A - selected FDA/DailyMed label does not identify a major metabolic organ; label advises caution and monitoring with liver or renal disease.,"Hepatic metabolism; about 80% metabolized to inactive metabolites, primarily by CYP3A4."
ethosuximide,fact_check,high,mechanism_source,incorrect,False,"The mechanism statement is supportable from FDA-approved labeling PDFs, so the source should not depend on DailyMed wording.",https://www.accessdata.fda.gov/drugsatfda_docs/label/2021/012380s037lbl.pdf,FDA/DailyMed labeling,FDA-approved labeling
ethosuximide,fact_check,high,filter_mechanism,incorrect,False,NIH/NCBI describes ethosuximide as disrupting thalamocortical absence seizure circuitry by blocking/reducing T-type calcium currents; the current filter is less accurate.,https://www.ncbi.nlm.nih.gov/books/NBK544244/,Other / unclear,T-type calcium channel blocker
ethosuximide,fact_check,high,filter_metabolism,incorrect,False,"Trusted NIH/NCBI and PubMed sources identify hepatic/CYP metabolism, so the filter should not remain limited/unknown.",https://www.ncbi.nlm.nih.gov/books/NBK544244/; https://pubmed.ncbi.nlm.nih.gov/12637244/,Limited/unknown,Hepatic; CYP3A4
ethosuximide,fact_check,high,filter_enzyme_effect,incorrect,False,PubMed review evidence supports ethosuximide as neither an inducer nor inhibitor of drug metabolism.,https://pubmed.ncbi.nlm.nih.gov/9606477/,Unknown/limited,None / not clinically meaningful
ethosuximide,fact_check,medium,filter_qt_effect,insufficient_evidence,False,"Absence of QT wording in the FDA label supports label silence, not a positive no-effect finding from a QT study.",https://www.accessdata.fda.gov/drugsatfda_docs/label/2021/012380s037lbl.pdf,No known meaningful QT effect,No QT effect described in FDA label
ethosuximide,black_box_warning,high,fda_black_box_warning,incorrect,False,"The no-boxed-warning finding is supported when checked against FDA/openFDA and FDA labeling, but the current row wording and source rely on DailyMed, which is not permissible for this field under the audit policy.",https://api.fda.gov/drug/label.json?search=openfda.spl_set_id%3A%220e008f33-70a1-4bc6-b3a0-d45214418ab6%22&limit=5; https://www.accessdata.fda.gov/drugsatfda_docs/label/2021/012380s037lbl.pdf,No FDA boxed warning identified in selected current DailyMed label.,No FDA boxed warning identified in selected current FDA/openFDA label.
ethosuximide,proposed_row_update,medium,evidence_sources,proposed,False,"Needed to comply with the boxed-warning source policy and to support half-life, metabolism, enzyme-effect, and RCT-scope checks.",https://www.fda.gov/drugs/drug-approvals-and-databases/orange-book-data-files; https://api.fda.gov/drug/label.json?search=openfda.spl_set_id%3A%220e008f33-70a1-4bc6-b3a0-d45214418ab6%22&limit=5; https://www.ncbi.nlm.nih.gov/books/NBK544244/; https://pubmed.ncbi.nlm.nih.gov/20200383/,FDA Orange Book products file; FDA/DailyMed labeling,FDA Orange Book products file; FDA/openFDA labeling; FDA-approved labeling PDFs; NIH/NCBI Bookshelf; PubMed
ethosuximide,proposed_row_update,medium,evidence_sources,proposed,False,Replace DailyMed-dependent source wording and add sources needed for pharmacokinetics/enzyme-effect fields.,https://www.fda.gov/drugs/drug-approvals-and-databases/orange-book-data-files; https://api.fda.gov/drug/label.json?search=openfda.spl_set_id%3A%220e008f33-70a1-4bc6-b3a0-d45214418ab6%22&limit=5; https://www.ncbi.nlm.nih.gov/books/NBK544244/; https://pubmed.ncbi.nlm.nih.gov/9606477/,FDA Orange Book products file; FDA/DailyMed labeling,FDA Orange Book products file; FDA/openFDA labeling; FDA-approved labeling PDFs; NIH/NCBI Bookshelf; PubMed
ethosuximide,proposed_row_update,medium,fda_black_box_warning,proposed,False,DailyMed is not permissible for boxed-warning verification; FDA/openFDA supports the finding.,https://api.fda.gov/drug/label.json?search=openfda.spl_set_id%3A%220e008f33-70a1-4bc6-b3a0-d45214418ab6%22&limit=5,No FDA boxed warning identified in selected current DailyMed label.,No FDA boxed warning identified in selected current FDA/openFDA label.
ethosuximide,proposed_row_update,medium,fda_black_box_warning_source,proposed,False,Use FDA/openFDA metadata instead of DailyMed for boxed-warning source.,https://api.fda.gov/drug/label.json?search=openfda.spl_set_id%3A%220e008f33-70a1-4bc6-b3a0-d45214418ab6%22&limit=5,"FDA/DailyMed SPL; status=no_boxed_warning_in_selected_label; setid=0e008f33-70a1-4bc6-b3a0-d45214418ab6; published=Jul 16, 2024; title=ZARONTIN (ETHOSUXIMIDE) CAPSULE [PARKE-DAVIS DIV OF PFIZER INC]; url=https://dailymed.nlm.nih.gov/dailymed/drugInfo.cfm?setid=0e008f33-70a1-4bc6-b3a0-d45214418ab6",FDA/openFDA drug label API; status=no_boxed_warning_in_selected_fda_label; spl_set_id=0e008f33-70a1-4bc6-b3a0-d45214418ab6; effective_time=20240715; title=Zarontin / ETHOSUXIMIDE; api_url=https://api.fda.gov/drug/label.json?search=openfda.spl_set_id%3A%220e008f33-70a1-4bc6-b3a0-d45214418ab6%22&limit=5
ethosuximide,proposed_row_update,medium,enzyme_inducing_or_inhibiting,proposed,False,PubMed supports neither inducer nor inhibitor; FDA labeling supports specific phenytoin/valproate interaction wording.,https://pubmed.ncbi.nlm.nih.gov/9606477/; https://www.accessdata.fda.gov/drugsatfda_docs/label/2021/012380s037lbl.pdf,N/A - selected FDA label does not define clinically meaningful enzyme induction or inhibition; label notes interactions with other antiepileptic drug serum levels.,"Neither enzyme-inducing nor enzyme-inhibiting; ethosuximide may increase phenytoin levels, and valproic acid has been reported to both increase and decrease ethosuximide levels."
ethosuximide,proposed_row_update,medium,filter_enzyme_effect,proposed,False,Ethosuximide is not a meaningful inducer or inhibitor of drug metabolism in the cited PubMed review.,https://pubmed.ncbi.nlm.nih.gov/9606477/,Unknown/limited,None / not clinically meaningful
ethosuximide,proposed_row_update,medium,half_life_range,proposed,False,NIH/NCBI provides a half-life range; N/A is incomplete.,https://www.ncbi.nlm.nih.gov/books/NBK544244/,N/A - selected FDA/DailyMed label does not provide a half-life value.,30 hours in children; 50-60 hours in adults.
ethosuximide,proposed_row_update,medium,major_organ_for_metabolism,proposed,False,NIH/NCBI and PubMed identify hepatic/CYP metabolism.,https://www.ncbi.nlm.nih.gov/books/NBK544244/; https://pubmed.ncbi.nlm.nih.gov/12637244/,N/A - selected FDA/DailyMed label does not identify a major metabolic organ; label advises caution and monitoring with liver or renal disease.,"Hepatic metabolism; about 80% metabolized to inactive metabolites, primarily by CYP3A4."
ethosuximide,proposed_row_update,medium,filter_metabolism,proposed,False,Trusted sources identify hepatic/CYP metabolism.,https://www.ncbi.nlm.nih.gov/books/NBK544244/; https://pubmed.ncbi.nlm.nih.gov/12637244/,Limited/unknown,Hepatic; CYP3A4
ethosuximide,proposed_row_update,medium,filter_mechanism,proposed,False,NIH/NCBI describes the anti-absence mechanism through low-threshold T-type calcium current/channel effects.,https://www.ncbi.nlm.nih.gov/books/NBK544244/,Other / unclear,T-type calcium channel blocker
ethosuximide,proposed_row_update,medium,mechanism_source,proposed,False,"The current mechanism wording is supported directly by FDA labeling PDFs, without needing DailyMed as a cited source.",https://www.accessdata.fda.gov/drugsatfda_docs/label/2021/012380s037lbl.pdf,FDA/DailyMed labeling,FDA-approved labeling
ethosuximide,proposed_row_update,critical,trade_names,proposed,True,"Ethosuximide is the generic name, not a distinct trade name; removing it from trade_names requires user approval because it removes existing CSV text.",https://www.accessdata.fda.gov/drugsatfda_docs/label/2021/012380s037lbl.pdf,Ethosuximide; Zarontin,Zarontin
ethosuximide,proposed_row_update,medium,filter_qt_effect,proposed,False,"FDA label silence supports the narrower label-based statement, not a definitive no-effect claim from QT-specific evidence.",https://www.accessdata.fda.gov/drugsatfda_docs/label/2021/012380s037lbl.pdf,No known meaningful QT effect,No QT effect described in FDA label
ethosuximide,proposed_row_update,medium,rct_pubmed_verification_notes,proposed,False,Refresh audit date and clarify why the major ethosuximide CAE RCT is excluded from placebo-differential outcome fields.,https://pubmed.ncbi.nlm.nih.gov/20200383/,No qualifying phase II/III placebo-controlled randomized epilepsy RCT was retained in the PubMed RCT audit/gap review as of 05-19-2026; RCT section set to N/A per current scope.,No qualifying phase II/III placebo-controlled randomized epilepsy RCT identified as of 05-20-2026; active-controlled CAE trial PMID 20200383 is not placebo-controlled and was not retained for placebo-differential outcomes.
ethotoin,fact_check,high,epilepsy_type,incorrect,False,FDA Peganone labeling states these labeled seizure indications; the row should not remain unspecified.,https://www.accessdata.fda.gov/drugsatfda_docs/label/2010/010841s022lbl.pdf,Historical/unspecified epilepsy (specific FDA-labeled seizure category not available from Orange Book listing),Tonic-clonic (grand mal) and complex partial (psychomotor) seizures
ethotoin,fact_check,high,half_life_range,incorrect,False,FDA Peganone labeling provides half-life information; the no-label rationale is contradicted by FDA labeling.,https://www.accessdata.fda.gov/drugsatfda_docs/label/2010/010841s022lbl.pdf,N/A - no current FDA/DailyMed label located and FDA Orange Book product listing does not provide half-life.,3-9 hours at plasma concentrations below about 8 mcg/mL; FDA label also notes a reported half-life of 6-9 hours with 4-6 hour dosing intervals.
ethotoin,fact_check,high,major_organ_for_metabolism,incorrect,False,FDA labeling supports hepatic metabolism/biotransformation.,https://www.accessdata.fda.gov/drugsatfda_docs/label/2010/010841s022lbl.pdf,N/A - no current FDA/DailyMed label located and FDA Orange Book product listing does not provide metabolism information.,Liver; FDA label states ethotoin is apparently biotransformed by the liver.
ethotoin,fact_check,high,mechanism_of_action,incorrect,False,"FDA Peganone labeling provides a limited, phenytoin-like mechanism statement.",https://www.accessdata.fda.gov/drugsatfda_docs/label/2010/010841s022lbl.pdf,N/A - no current FDA/DailyMed label located; FDA Orange Book confirms historical U.S. product approval/listing but does not provide mechanism of action.,Hydantoin antiepileptic; mechanism probably similar to phenytoin: stabilizes rather than raises seizure threshold and prevents spread of seizure activity.
ethotoin,fact_check,high,mechanism_source,incorrect,False,"The Orange Book/Drugs@FDA product listing supports product status, not mechanism. The mechanism statement is supported by FDA labeling.",https://www.accessdata.fda.gov/drugsatfda_docs/label/2010/010841s022lbl.pdf,FDA Orange Book products file,FDA Peganone (ethotoin) labeling (accessdata.fda.gov; NDA010841/S-022)
ethotoin,fact_check,high,mechanism_source_tier,incorrect,False,"The mechanism source should be the FDA label, not the Orange Book product listing.",https://www.accessdata.fda.gov/drugsatfda_docs/label/2010/010841s022lbl.pdf,Historical/limited,FDA labeling
ethotoin,fact_check,high,enzyme_inducing_or_inhibiting,incorrect,False,"FDA labeling exists and includes metabolism/drug-interaction discussion, but it does not establish a clear enzyme induction/inhibition classification.",https://www.accessdata.fda.gov/drugsatfda_docs/label/2010/010841s022lbl.pdf,N/A - no current FDA/DailyMed label located and FDA Orange Book product listing does not describe enzyme induction or inhibition.,Limited/unknown: FDA label does not document ethotoin enzyme induction/inhibition; it notes saturable metabolism and cautions that a phenytoin-like coumarin anticoagulant interaction may occur without documentation.
ethotoin,fact_check,high,maximum_approved_daily_dose,incorrect,False,FDA labeling gives usual adult maintenance dosing of 2 to 3 g daily.,https://www.accessdata.fda.gov/drugsatfda_docs/label/2010/010841s022lbl.pdf,N/A - no current FDA/DailyMed label located and FDA Orange Book product listing does not provide a maximum approved daily dose.,3 g/day (upper end of usual adult maintenance dose; label does not state a separate maximum)
ethotoin,fact_check,high,minimum_effective_dose,incorrect,False,FDA labeling provides an adult lower effective threshold statement.,https://www.accessdata.fda.gov/drugsatfda_docs/label/2010/010841s022lbl.pdf,N/A - no current FDA/DailyMed label located and FDA Orange Book product listing does not provide a minimum effective dose.,Adults: 2 g/day; FDA label states less than 2 g/day has been ineffective in most adults.
ethotoin,fact_check,high,typical_doses_per_day,incorrect,False,FDA Peganone labeling specifies administration in 4 to 6 divided daily doses after food.,https://www.accessdata.fda.gov/drugsatfda_docs/label/2010/010841s022lbl.pdf,N/A - no current FDA/DailyMed label located and FDA Orange Book product listing does not provide dosing.,"4 to 6 divided doses daily, after food."
ethotoin,fact_check,high,adverse_symptoms_percentages,incorrect,False,FDA labeling exists and lists adverse reactions without percentages; the Orange Book/product listing does not provide AE incidence data.,https://www.accessdata.fda.gov/drugsatfda_docs/label/2010/010841s022lbl.pdf,N/A 0%: no current FDA/DailyMed label identified; FDA Orange Book product listing does not provide adverse-event percentages.,N/A: FDA Peganone label lists adverse reactions qualitatively and does not provide adverse-event incidence percentages.
ethotoin,fact_check,high,qt_interval_effect,incorrect,False,"The QT fact remains limited/unknown, but the source rationale should use FDA labeling rather than no-label wording.",https://www.accessdata.fda.gov/drugsatfda_docs/label/2010/010841s022lbl.pdf,N/A - no current FDA/DailyMed label located and FDA Orange Book product listing does not describe QT effect.,N/A - FDA Peganone label does not describe a QT-interval effect.
ethotoin,fact_check,high,evidence_sources,incorrect,False,"DailyMed should not be used for boxed-warning verification, and Orange Book/product files do not support mechanism, dosing, half-life, metabolism, or adverse-reaction details. FDA label and PubMed sources should be named.",https://api.fda.gov/drug/drugsfda.json?search=products.active_ingredients.name:%22ETHOTOIN%22&limit=5; https://www.accessdata.fda.gov/drugsatfda_docs/label/2010/010841s022lbl.pdf; https://pubmed.ncbi.nlm.nih.gov/?term=%28ethotoin%5BTitle%2FAbstract%5D+OR+Peganone%5BTitle%2FAbstract%5D%29+AND+%28randomized+OR+randomised+OR+placebo+OR+trial%29,FDA Orange Book products file; FDA/DailyMed labeling,FDA/openFDA Drugs@FDA; FDA Peganone labeling (accessdata.fda.gov); PubMed
ethotoin,fact_check,high,filter_epilepsy_type,incorrect,False,FDA labeling identifies specific seizure categories.,https://www.accessdata.fda.gov/drugsatfda_docs/label/2010/010841s022lbl.pdf,Historical/unspecified epilepsy,Tonic-clonic and complex partial seizures
ethotoin,fact_check,high,filter_metabolism,incorrect,False,FDA labeling states ethotoin is apparently biotransformed by the liver.,https://www.accessdata.fda.gov/drugsatfda_docs/label/2010/010841s022lbl.pdf,Limited/unknown,Hepatic
ethotoin,fact_check,high,filter_mechanism,incorrect,False,FDA labeling identifies ethotoin as a hydantoin antiepileptic with probable phenytoin-like mechanism.,https://www.accessdata.fda.gov/drugsatfda_docs/label/2010/010841s022lbl.pdf,Other / unclear,Hydantoin / phenytoin-like (limited confidence)
ethotoin,outcome_check,info,plot_diff_50_responder_maximum_effective_dose,not_applicable,False,Plot field is not applicable because the outcome is N/A.,,,
ethotoin,outcome_check,info,plot_diff_median_pct_change_maximum_effective_dose,not_applicable,False,Plot field is not applicable because the outcome is N/A.,,,
ethotoin,outcome_check,info,plot_diff_seizure_freedom_maximum_effective_dose,not_applicable,False,Plot field is not applicable because the outcome is N/A.,,,
ethotoin,black_box_warning,high,fda_black_box_warning,incorrect,False,"DailyMed is not permissible for this field. The FDA/openFDA label API query returned no current openFDA SPL label for ethotoin/Peganone, but FDA accessdata labeling for Peganone exists and contains Warnings/Medication Guide content without a boxed-warning section.",https://api.fda.gov/drug/label.json?search=openfda.generic_name:%22ETHOTOIN%22+OR+openfda.brand_name:%22PEGANONE%22&limit=5; https://www.accessdata.fda.gov/drugsatfda_docs/label/2010/010841s022lbl.pdf,No current FDA/DailyMed label identified.,No FDA boxed warning identified in FDA Peganone (ethotoin) labeling reviewed.
ethotoin,proposed_row_update,medium,evidence_sources,proposed,False,"DailyMed is not allowed for boxed-warning verification, and the FDA label/PubMed are needed to support retained pharmacology, dosing, adverse-reaction, and RCT-gap facts.",https://api.fda.gov/drug/drugsfda.json?search=products.active_ingredients.name:%22ETHOTOIN%22&limit=5; https://www.accessdata.fda.gov/drugsatfda_docs/label/2010/010841s022lbl.pdf; https://pubmed.ncbi.nlm.nih.gov/?term=%28ethotoin%5BTitle%2FAbstract%5D+OR+Peganone%5BTitle%2FAbstract%5D%29+AND+%28randomized+OR+randomised+OR+placebo+OR+trial%29,FDA Orange Book products file; FDA/DailyMed labeling,FDA/openFDA Drugs@FDA; FDA Peganone labeling (accessdata.fda.gov); PubMed
ethotoin,proposed_row_update,medium,fda_black_box_warning_source,proposed,False,Boxed-warning verification must use FDA/openFDA/FDA label sources only.,https://api.fda.gov/drug/label.json?search=openfda.generic_name:%22ETHOTOIN%22+OR+openfda.brand_name:%22PEGANONE%22&limit=5; https://www.accessdata.fda.gov/drugsatfda_docs/label/2010/010841s022lbl.pdf,FDA/DailyMed search on 05-20-2026: no current label found for terms [ethotoin; Peganone].,"FDA/openFDA label API search on 05-20-2026 found no current openFDA SPL label for openfda.generic_name=""ETHOTOIN"" or openfda.brand_name=""PEGANONE""; FDA accessdata Peganone label (NDA010841/S-022, May 2010) reviewed and no boxed-warning section/text was identified."
ethotoin,proposed_row_update,medium,mechanism_source,proposed,False,"The mechanism statement is present in FDA labeling, not in the Orange Book/product listing.",https://www.accessdata.fda.gov/drugsatfda_docs/label/2010/010841s022lbl.pdf,FDA Orange Book products file,FDA Peganone (ethotoin) labeling (accessdata.fda.gov; NDA010841/S-022)
ethotoin,proposed_row_update,medium,evidence_sources,proposed,False,"Existing named sources do not support multiple retained clinical pharmacology/dosing facts, and DailyMed is not permissible for boxed-warning verification.",https://api.fda.gov/drug/drugsfda.json?search=products.active_ingredients.name:%22ETHOTOIN%22&limit=5; https://www.accessdata.fda.gov/drugsatfda_docs/label/2010/010841s022lbl.pdf; https://pubmed.ncbi.nlm.nih.gov/?term=%28ethotoin%5BTitle%2FAbstract%5D+OR+Peganone%5BTitle%2FAbstract%5D%29+AND+%28randomized+OR+randomised+OR+placebo+OR+trial%29,FDA Orange Book products file; FDA/DailyMed labeling,FDA/openFDA Drugs@FDA; FDA Peganone labeling (accessdata.fda.gov); PubMed
ethotoin,proposed_row_update,medium,available_in_us,proposed,False,FDA/openFDA directly verifies discontinued Peganone oral tablet products.,https://api.fda.gov/drug/drugsfda.json?search=products.active_ingredients.name:%22ETHOTOIN%22&limit=5,No - discontinued FDA Orange Book product,No - discontinued FDA/openFDA Drugs@FDA product
ethotoin,proposed_row_update,medium,fda_black_box_warning,proposed,False,FDA accessdata labeling exists; boxed-warning field should state FDA-label boxed-warning status and avoid DailyMed.,https://api.fda.gov/drug/label.json?search=openfda.generic_name:%22ETHOTOIN%22+OR+openfda.brand_name:%22PEGANONE%22&limit=5; https://www.accessdata.fda.gov/drugsatfda_docs/label/2010/010841s022lbl.pdf,No current FDA/DailyMed label identified.,No FDA boxed warning identified in FDA Peganone (ethotoin) labeling reviewed.
ethotoin,proposed_row_update,medium,fda_black_box_warning_source,proposed,False,Use FDA/openFDA and FDA accessdata only for boxed-warning verification.,https://api.fda.gov/drug/label.json?search=openfda.generic_name:%22ETHOTOIN%22+OR+openfda.brand_name:%22PEGANONE%22&limit=5; https://www.accessdata.fda.gov/drugsatfda_docs/label/2010/010841s022lbl.pdf,FDA/DailyMed search on 05-20-2026: no current label found for terms [ethotoin; Peganone].,"FDA/openFDA label API search on 05-20-2026 found no current openFDA SPL label for openfda.generic_name=""ETHOTOIN"" or openfda.brand_name=""PEGANONE""; FDA accessdata Peganone label (NDA010841/S-022, May 2010) reviewed and no boxed-warning section/text was identified."
ethotoin,proposed_row_update,medium,epilepsy_type,proposed,False,FDA label provides the labeled seizure categories.,https://www.accessdata.fda.gov/drugsatfda_docs/label/2010/010841s022lbl.pdf,Historical/unspecified epilepsy (specific FDA-labeled seizure category not available from Orange Book listing),Tonic-clonic (grand mal) and complex partial (psychomotor) seizures
ethotoin,proposed_row_update,medium,filter_epilepsy_type,proposed,False,Align filter with FDA-labeled seizure categories.,https://www.accessdata.fda.gov/drugsatfda_docs/label/2010/010841s022lbl.pdf,Historical/unspecified epilepsy,Tonic-clonic and complex partial seizures
ethotoin,proposed_row_update,medium,formulations_available,proposed,False,FDA sources support tablet formulation and historical strengths.,https://www.accessdata.fda.gov/drugsatfda_docs/label/2010/010841s022lbl.pdf; https://api.fda.gov/drug/drugsfda.json?search=products.active_ingredients.name:%22ETHOTOIN%22&limit=5,Historical oral tablet (not marketed in U.S.),Historical oral tablets: Peganone 250 mg in FDA label; FDA/openFDA Drugs@FDA lists discontinued Peganone oral tablet products at 250 mg and 500 mg.
ethotoin,proposed_row_update,medium,half_life_range,proposed,False,FDA Peganone label provides half-life data.,https://www.accessdata.fda.gov/drugsatfda_docs/label/2010/010841s022lbl.pdf,N/A - no current FDA/DailyMed label located and FDA Orange Book product listing does not provide half-life.,3-9 hours at plasma concentrations below about 8 mcg/mL; FDA label also notes a reported half-life of 6-9 hours with 4-6 hour dosing intervals.
ethotoin,proposed_row_update,medium,major_organ_for_metabolism,proposed,False,FDA Peganone label supports hepatic metabolism.,https://www.accessdata.fda.gov/drugsatfda_docs/label/2010/010841s022lbl.pdf,N/A - no current FDA/DailyMed label located and FDA Orange Book product listing does not provide metabolism information.,Liver; FDA label states ethotoin is apparently biotransformed by the liver.
ethotoin,proposed_row_update,medium,filter_metabolism,proposed,False,FDA label supports liver biotransformation.,https://www.accessdata.fda.gov/drugsatfda_docs/label/2010/010841s022lbl.pdf,Limited/unknown,Hepatic
ethotoin,proposed_row_update,medium,mechanism_of_action,proposed,False,FDA Peganone label supports a limited phenytoin-like mechanism statement.,https://www.accessdata.fda.gov/drugsatfda_docs/label/2010/010841s022lbl.pdf,N/A - no current FDA/DailyMed label located; FDA Orange Book confirms historical U.S. product approval/listing but does not provide mechanism of action.,Hydantoin antiepileptic; mechanism probably similar to phenytoin: stabilizes rather than raises seizure threshold and prevents spread of seizure activity.
ethotoin,proposed_row_update,medium,mechanism_source,proposed,False,"Mechanism is supported by FDA label, not Orange Book/product listing.",https://www.accessdata.fda.gov/drugsatfda_docs/label/2010/010841s022lbl.pdf,FDA Orange Book products file,FDA Peganone (ethotoin) labeling (accessdata.fda.gov; NDA010841/S-022)
ethotoin,proposed_row_update,medium,mechanism_source_tier,proposed,False,Correct source tier for the mechanism statement.,https://www.accessdata.fda.gov/drugsatfda_docs/label/2010/010841s022lbl.pdf,Historical/limited,FDA labeling
ethotoin,proposed_row_update,medium,filter_mechanism,proposed,False,FDA label identifies ethotoin as a hydantoin with probable phenytoin-like mechanism.,https://www.accessdata.fda.gov/drugsatfda_docs/label/2010/010841s022lbl.pdf,Other / unclear,Hydantoin / phenytoin-like (limited confidence)
ethotoin,proposed_row_update,medium,enzyme_inducing_or_inhibiting,proposed,False,FDA label exists and gives limited metabolism/interaction information.,https://www.accessdata.fda.gov/drugsatfda_docs/label/2010/010841s022lbl.pdf,N/A - no current FDA/DailyMed label located and FDA Orange Book product listing does not describe enzyme induction or inhibition.,Limited/unknown: FDA label does not document ethotoin enzyme induction/inhibition; it notes saturable metabolism and cautions that a phenytoin-like coumarin anticoagulant interaction may occur without documentation.
ethotoin,proposed_row_update,medium,maximum_approved_daily_dose,proposed,False,FDA label provides usual adult maintenance dose of 2 to 3 g daily.,https://www.accessdata.fda.gov/drugsatfda_docs/label/2010/010841s022lbl.pdf,N/A - no current FDA/DailyMed label located and FDA Orange Book product listing does not provide a maximum approved daily dose.,3 g/day (upper end of usual adult maintenance dose; label does not state a separate maximum)
ethotoin,proposed_row_update,medium,minimum_effective_dose,proposed,False,FDA label supports adult minimum-effective threshold wording.,https://www.accessdata.fda.gov/drugsatfda_docs/label/2010/010841s022lbl.pdf,N/A - no current FDA/DailyMed label located and FDA Orange Book product listing does not provide a minimum effective dose.,Adults: 2 g/day; FDA label states less than 2 g/day has been ineffective in most adults.
ethotoin,proposed_row_update,medium,typical_doses_per_day,proposed,False,FDA label provides dosing frequency.,https://www.accessdata.fda.gov/drugsatfda_docs/label/2010/010841s022lbl.pdf,N/A - no current FDA/DailyMed label located and FDA Orange Book product listing does not provide dosing.,"4 to 6 divided doses daily, after food."
ethotoin,proposed_row_update,medium,adverse_symptoms_percentages,proposed,False,"FDA label exists but adverse reactions are qualitative, not percentage-based.",https://www.accessdata.fda.gov/drugsatfda_docs/label/2010/010841s022lbl.pdf,N/A 0%: no current FDA/DailyMed label identified; FDA Orange Book product listing does not provide adverse-event percentages.,N/A: FDA Peganone label lists adverse reactions qualitatively and does not provide adverse-event incidence percentages.
ethotoin,proposed_row_update,medium,qt_interval_effect,proposed,False,Retain unknown QT effect but correct source rationale.,https://www.accessdata.fda.gov/drugsatfda_docs/label/2010/010841s022lbl.pdf,N/A - no current FDA/DailyMed label located and FDA Orange Book product listing does not describe QT effect.,N/A - FDA Peganone label does not describe a QT-interval effect.
ethotoin,proposed_row_update,medium,year_fda_cleared,proposed,False,FDA/openFDA provides a more precise original approval date.,https://api.fda.gov/drug/drugsfda.json?search=products.active_ingredients.name:%22ETHOTOIN%22&limit=5; https://www.accessdata.fda.gov/drugsatfda_docs/appletter/2010/010841s022ltr.pdf,"Approved Prior to Jan 1, 1982 (FDA Orange Book)","1957 (FDA/openFDA Drugs@FDA original approval Apr 22, 1957; Orange Book may display Approved prior to Jan 1, 1982)"
ethotoin,proposed_row_update,medium,status_or_notes,proposed,False,"FDA/openFDA supports exact NDA, approval date, and discontinued status.",https://api.fda.gov/drug/drugsfda.json?search=products.active_ingredients.name:%22ETHOTOIN%22&limit=5,FDA Orange Book pre-1982 legacy ASM product (Peganone); discontinued U.S. product listing.,"FDA/openFDA Drugs@FDA legacy ASM product (Peganone; NDA010841; original approval Apr 22, 1957); discontinued U.S. product listing."
ethotoin,proposed_row_update,medium,rct_pubmed_verification_notes,proposed,False,Refresh date and document non-qualifying PubMed hits.,https://pubmed.ncbi.nlm.nih.gov/?term=%28ethotoin%5BTitle%2FAbstract%5D+OR+Peganone%5BTitle%2FAbstract%5D%29+AND+%28randomized+OR+randomised+OR+placebo+OR+trial%29; https://pubmed.ncbi.nlm.nih.gov/1973383/; https://pubmed.ncbi.nlm.nih.gov/7194443/,No qualifying phase II/III placebo-controlled randomized epilepsy RCT was retained in the PubMed RCT audit/gap review as of 05-19-2026; RCT section set to N/A per current scope.,No qualifying phase II/III placebo-controlled randomized epilepsy RCT found in PubMed search as of 05-20-2026; PMID 1973383 is retrospective adjunctive ethotoin therapy and PMID 7194443 is not an ethotoin efficacy RCT.
everolimus,fact_check,high,trade_names,missing,False,"Current names are valid. Zortress is also an FDA everolimus trade name and is relevant because the boxed warning applies to transplant-label everolimus products. Do not add ""Everolimus"" as a trade name; that is the generic name.",https://www.accessdata.fda.gov/drugsatfda_docs/label/2022/203985s023%2C022334s051lbl.pdf; https://www.ema.europa.eu/en/medicines/human/EPAR/votubia; https://www.accessdata.fda.gov/drugsatfda_docs/label/2018/021560s021lbl.pdf,Afinitor; Afinitor Disperz; Votubia,Afinitor; Afinitor Disperz; Votubia; Zortress
everolimus,fact_check,high,mechanism_source,incorrect,False,The mechanism is supported by FDA labeling; replace DailyMed wording with an FDA/accessdata source for trusted-source concordance.,https://www.accessdata.fda.gov/drugsatfda_docs/label/2022/203985s023%2C022334s051lbl.pdf,FDA/DailyMed labeling,FDA/accessdata AFINITOR/AFINITOR DISPERZ labeling
everolimus,fact_check,critical,filter_enzyme_effect,incorrect,True,"The row text and FDA label support substrate/affected-by-modulators classification. The ""Inhibitor"" filter is not supported as clinically meaningful.",https://www.accessdata.fda.gov/drugsatfda_docs/label/2022/203985s023%2C022334s051lbl.pdf,Inhibitor; Substrate / affected by modulators,Substrate / affected by modulators
everolimus,fact_check,critical,adverse_symptoms_percentages,incorrect,True,"The current row mixes or misstates percentages for TSC-associated seizure use. FDA EXIST-3 high-trough AFINITOR DISPERZ data support stomatitis 64%, diarrhea 22%, vomiting 10%, nasopharyngitis 16%, upper respiratory tract infection 15%, pyrexia 14%, cough 10%, and rash 10%.",https://www.accessdata.fda.gov/drugsatfda_docs/label/2022/203985s023%2C022334s051lbl.pdf,"GI/oral: stomatitis 64%, infectious: infection 50%, GI: diarrhea 24%, dermatologic: rash 21%, respiratory: cough 20%, constitutional: fatigue 14%","GI/oral: stomatitis 64%; GI: diarrhea 22%, vomiting 10%; infectious: nasopharyngitis 16%, upper respiratory tract infection 15%; constitutional: pyrexia 14%; respiratory: cough 10%; dermatologic: rash 10%"
everolimus,fact_check,high,evidence_sources,incorrect,False,"Healthline is outside the requested trusted domains, and DailyMed should not be used for boxed-warning verification. FDA, PubMed, ClinicalTrials.gov, and EMA sources support the retained facts.",https://www.accessdata.fda.gov/drugsatfda_docs/label/2022/203985s023%2C022334s051lbl.pdf; https://api.fda.gov/drug/label.json?search=openfda.spl_set_id%3A%2243ef3c29-0e25-4fdd-aea1-06a20af9bbab%22&limit=5; https://pubmed.ncbi.nlm.nih.gov/27613521/; https://clinicaltrials.gov/study/NCT01713946; https://www.ema.europa.eu/en/medicines/human/EPAR/votubia,Epilepsy Society ASM list; Healthline ASM list; FDA/DailyMed labeling,FDA/accessdata AFINITOR/AFINITOR DISPERZ labeling; FDA/openFDA labeling; PubMed; ClinicalTrials.gov; EMA Votubia EPAR
everolimus,fact_check,high,fda_black_box_warning_source,incorrect,False,DailyMed is not permissible for the FDA boxed-warning field; the FDA/openFDA API URL is the appropriate source.,https://api.fda.gov/drug/label.json?search=openfda.spl_set_id%3A%2243ef3c29-0e25-4fdd-aea1-06a20af9bbab%22&limit=5,"FDA/DailyMed SPL; status=boxed_warning_found; setid=43ef3c29-0e25-4fdd-aea1-06a20af9bbab; published=Mar 02, 2026; title=EVEROLIMUS TABLET [AUROBINDO PHARMA LIMITED]; url=https://dailymed.nlm.nih.gov/dailymed/drugInfo.cfm?setid=43ef3c29-0e25-4fdd-aea1-06a20af9bbab",FDA/openFDA drug label API; status=boxed_warning_found; spl_set_id=43ef3c29-0e25-4fdd-aea1-06a20af9bbab; effective_time=20260226; title=everolimus / EVEROLIMUS; api_url=https://api.fda.gov/drug/label.json?search=openfda.spl_set_id%3A%2243ef3c29-0e25-4fdd-aea1-06a20af9bbab%22&limit=5
everolimus,missing_rct,high,pubmed_phase_ii_iii_rct_links,missing,False,"PubMed/ClinicalTrials.gov identify this as a phase II randomized, double-blind, placebo-controlled crossover everolimus trial in refractory seizures with focal cortical dysplasia type II (NCT03198949). Add if the CSV tracks all placebo-controlled seizure RCTs for the drug, with caveat that it is outside the FDA-approved TSC seizure indication.",https://pubmed.ncbi.nlm.nih.gov/39607729/,,Kim2024|https://pubmed.ncbi.nlm.nih.gov/39607729/
everolimus,proposed_row_update,medium,fda_black_box_warning_source,proposed,False,"Black-box warning field must use FDA/openFDA, FDA label, or Drugs@FDA, not DailyMed.",https://api.fda.gov/drug/label.json?search=openfda.spl_set_id%3A%2243ef3c29-0e25-4fdd-aea1-06a20af9bbab%22&limit=5,"FDA/DailyMed SPL; status=boxed_warning_found; setid=43ef3c29-0e25-4fdd-aea1-06a20af9bbab; published=Mar 02, 2026; title=EVEROLIMUS TABLET [AUROBINDO PHARMA LIMITED]; url=https://dailymed.nlm.nih.gov/dailymed/drugInfo.cfm?setid=43ef3c29-0e25-4fdd-aea1-06a20af9bbab",FDA/openFDA drug label API; status=boxed_warning_found; spl_set_id=43ef3c29-0e25-4fdd-aea1-06a20af9bbab; effective_time=20260226; title=everolimus / EVEROLIMUS; api_url=https://api.fda.gov/drug/label.json?search=openfda.spl_set_id%3A%2243ef3c29-0e25-4fdd-aea1-06a20af9bbab%22&limit=5
everolimus,proposed_row_update,medium,mechanism_source,proposed,False,Mechanism source should cite FDA accessdata label rather than DailyMed wording.,https://www.accessdata.fda.gov/drugsatfda_docs/label/2022/203985s023%2C022334s051lbl.pdf,FDA/DailyMed labeling,FDA/accessdata AFINITOR/AFINITOR DISPERZ labeling
everolimus,proposed_row_update,medium,evidence_sources,proposed,False,Current evidence_sources includes non-trusted or non-preferred sources for this audit; replacement sources support the row facts.,https://www.accessdata.fda.gov/drugsatfda_docs/label/2022/203985s023%2C022334s051lbl.pdf; https://api.fda.gov/drug/label.json?search=openfda.spl_set_id%3A%2243ef3c29-0e25-4fdd-aea1-06a20af9bbab%22&limit=5; https://pubmed.ncbi.nlm.nih.gov/27613521/; https://clinicaltrials.gov/study/NCT01713946; https://www.ema.europa.eu/en/medicines/human/EPAR/votubia,Epilepsy Society ASM list; Healthline ASM list; FDA/DailyMed labeling,FDA/accessdata AFINITOR/AFINITOR DISPERZ labeling; FDA/openFDA labeling; PubMed; ClinicalTrials.gov; EMA Votubia EPAR
everolimus,proposed_row_update,critical,adverse_symptoms_percentages,proposed,True,Corrects TSC-associated seizure EXIST-3 high-trough adverse-event percentages from FDA labeling.,https://www.accessdata.fda.gov/drugsatfda_docs/label/2022/203985s023%2C022334s051lbl.pdf,"GI/oral: stomatitis 64%, infectious: infection 50%, GI: diarrhea 24%, dermatologic: rash 21%, respiratory: cough 20%, constitutional: fatigue 14%","GI/oral: stomatitis 64%; GI: diarrhea 22%, vomiting 10%; infectious: nasopharyngitis 16%, upper respiratory tract infection 15%; constitutional: pyrexia 14%; respiratory: cough 10%; dermatologic: rash 10%"
everolimus,proposed_row_update,medium,trade_names,proposed,False,Adds an FDA-recognized everolimus trade name relevant to the boxed-warning/transplant labeling; current listed names remain valid.,https://www.accessdata.fda.gov/drugsatfda_docs/label/2018/021560s021lbl.pdf; https://www.ema.europa.eu/en/medicines/human/EPAR/votubia,Afinitor; Afinitor Disperz; Votubia,Afinitor; Afinitor Disperz; Votubia; Zortress
everolimus,proposed_row_update,medium,pubmed_phase_ii_iii_rct_links,proposed,False,"French2016 is verified. Kim2024 appears to be an additional phase II randomized placebo-controlled everolimus seizure trial in FCD II, outside the FDA-approved TSC seizure indication.",https://pubmed.ncbi.nlm.nih.gov/27613521/; https://pubmed.ncbi.nlm.nih.gov/39607729/; https://clinicaltrials.gov/study/NCT03198949,French2016|https://pubmed.ncbi.nlm.nih.gov/27613521/,French2016|https://pubmed.ncbi.nlm.nih.gov/27613521/; Kim2024|https://pubmed.ncbi.nlm.nih.gov/39607729/
everolimus,proposed_row_update,medium,rct_pubmed_verification_notes,proposed,False,Updates RCT audit notes and rejects deterministic false positives such as TSC tumor/cognition/commentary papers.,https://pubmed.ncbi.nlm.nih.gov/27613521/; https://clinicaltrials.gov/study/NCT01713946; https://pubmed.ncbi.nlm.nih.gov/39607729/; https://clinicaltrials.gov/study/NCT03198949,PubMed loop 19/65 on 2026-05-15: 1 qualifying placebo-controlled randomized clinical trial report(s) retained from 9 PubMed candidate(s). Links were rebuilt from fetched PubMed PMID metadata and named FirstAuthorYear. Differential effectiveness columns summarize extractable maximum effective dose/regimen values within qualifying RCT reports.,"Audit 2026-05-20: French2016 (PMID 27613521) verified as phase 3 randomized double-blind placebo-controlled EXIST-3 everolimus/RAD001 adjunctive seizure trial in TSC-associated treatment-resistant focal-onset seizures. Kim2024 (PMID 39607729; NCT03198949) identified as an additional phase 2 randomized double-blind placebo-controlled crossover seizure trial in focal cortical dysplasia type II, outside the FDA-approved TSC seizure indication. Non-seizure TSC tumor/cognition/commentary reports should not be retained as ASM seizure-efficacy RCTs."
everolimus,proposed_row_update,medium,evidence_sources,proposed,False,Replaces non-trusted/unsupported source names with trusted domains used for this audit.,https://www.accessdata.fda.gov/drugsatfda_docs/label/2022/203985s023%2C022334s051lbl.pdf; https://api.fda.gov/drug/label.json?search=openfda.spl_set_id%3A%2243ef3c29-0e25-4fdd-aea1-06a20af9bbab%22&limit=5; https://pubmed.ncbi.nlm.nih.gov/27613521/; https://clinicaltrials.gov/study/NCT01713946; https://www.ema.europa.eu/en/medicines/human/EPAR/votubia,Epilepsy Society ASM list; Healthline ASM list; FDA/DailyMed labeling,FDA/accessdata AFINITOR/AFINITOR DISPERZ labeling; FDA/openFDA labeling; PubMed; ClinicalTrials.gov; EMA Votubia EPAR
everolimus,proposed_row_update,medium,mechanism_source,proposed,False,Mechanism is supported by FDA accessdata labeling; DailyMed wording should be removed from the cited source text.,https://www.accessdata.fda.gov/drugsatfda_docs/label/2022/203985s023%2C022334s051lbl.pdf,FDA/DailyMed labeling,FDA/accessdata AFINITOR/AFINITOR DISPERZ labeling
everolimus,proposed_row_update,medium,fda_black_box_warning_source,proposed,False,DailyMed cannot be used for FDA boxed-warning verification; FDA/openFDA source is required.,https://api.fda.gov/drug/label.json?search=openfda.spl_set_id%3A%2243ef3c29-0e25-4fdd-aea1-06a20af9bbab%22&limit=5,"FDA/DailyMed SPL; status=boxed_warning_found; setid=43ef3c29-0e25-4fdd-aea1-06a20af9bbab; published=Mar 02, 2026; title=EVEROLIMUS TABLET [AUROBINDO PHARMA LIMITED]; url=https://dailymed.nlm.nih.gov/dailymed/drugInfo.cfm?setid=43ef3c29-0e25-4fdd-aea1-06a20af9bbab",FDA/openFDA drug label API; status=boxed_warning_found; spl_set_id=43ef3c29-0e25-4fdd-aea1-06a20af9bbab; effective_time=20260226; title=everolimus / EVEROLIMUS; api_url=https://api.fda.gov/drug/label.json?search=openfda.spl_set_id%3A%2243ef3c29-0e25-4fdd-aea1-06a20af9bbab%22&limit=5
everolimus,proposed_row_update,critical,filter_enzyme_effect,proposed,True,"FDA labeling supports CYP3A4/P-gp substrate/affected-by-modulators status, not clinically meaningful inhibitor status.",https://www.accessdata.fda.gov/drugsatfda_docs/label/2022/203985s023%2C022334s051lbl.pdf,Inhibitor; Substrate / affected by modulators,Substrate / affected by modulators
ezogabine,fact_check,critical,filter_enzyme_effect,incorrect,True,The row's filter conflicts with the populated enzyme fact and FDA/NCBI sources; ezogabine is not a major CYP inhibitor.,https://www.accessdata.fda.gov/drugsatfda_docs/label/2016/022345s011lbl.pdf; https://www.ncbi.nlm.nih.gov/books/NBK548304/,Inhibitor,None/Not a major inducer or inhibitor
ezogabine,fact_check,high,mechanism_source,incorrect,False,"The EMA withdrawal page supports authorization withdrawal but not mechanism. EMA's EPAR summary, Sills/Rogawski, and LiverTox support the potassium-channel mechanism.",https://www.ema.europa.eu/en/documents/overview/trobalt-epar-summary-public_en.pdf; https://pubmed.ncbi.nlm.nih.gov/32120063/; https://www.ncbi.nlm.nih.gov/books/NBK548304/,EMA Trobalt withdrawal page; Sills and Rogawski 2020 ASM mechanism review,EMA Trobalt EPAR summary; Sills and Rogawski 2020 ASM mechanism review; NCBI LiverTox Ezogabine
ezogabine,fact_check,high,mechanism_source_tier,incorrect,False,"The row cites an EMA EPAR-type source and a peer-reviewed mechanism review, not a UK SmPC located during audit.",https://www.ema.europa.eu/en/documents/overview/trobalt-epar-summary-public_en.pdf; https://pubmed.ncbi.nlm.nih.gov/32120063/,EMA/UK SmPC,EMA EPAR/peer-reviewed review
ezogabine,fact_check,critical,qt_interval_effect,incorrect,True,"FDA labeling documents a QT interval effect. The withdrawal-causation statement is contradicted by ILAE/GSK and EMA withdrawal notices, which state permanent discontinuation/withdrawal was for limited usage/commercial reasons.",https://www.accessdata.fda.gov/drugsatfda_docs/label/2016/022345s011lbl.pdf; https://www.ilae.org/files/dmfile/GSK_RetigabineTrobalt-Reminder.pdf; https://www.ema.europa.eu/en/documents/public-statement/public-statement-trobalt-withdrawal-marketing-authorisation-european-union_en.pdf,QT prolongation not typical; urinary/retinal toxicity drove withdrawal,"QT prolongation possible; FDA label reports mean 7.7-msec QT prolongation at 400 mg TID and recommends monitoring in at-risk patients. Global discontinuation was attributed by GSK/EMA to limited use/commercial reasons, not efficacy or safety."
ezogabine,fact_check,high,evidence_sources,incorrect,False,"DailyMed should not be used for black-box verification, and the mechanism is supported by EMA EPAR rather than the EMA withdrawal page. FDA labeling and FDA safety communication should be named explicitly.",https://www.accessdata.fda.gov/drugsatfda_docs/label/2016/022345s011lbl.pdf; https://www.fda.gov/drugs/drug-safety-and-availability/fda-drug-safety-communication-fda-determines-2013-labeling-adequate-manage-risk-retinal; https://www.ncbi.nlm.nih.gov/books/NBK548304/; https://www.ema.europa.eu/en/documents/overview/trobalt-epar-summary-public_en.pdf; https://www.ema.europa.eu/en/documents/public-statement/public-statement-trobalt-withdrawal-marketing-authorisation-european-union_en.pdf; https://www.ilae.org/files/dmfile/GSK_RetigabineTrobalt-Reminder.pdf; https://pubmed.ncbi.nlm.nih.gov/32120063/,NCBI LiverTox anticonvulsants table; EMA Trobalt withdrawal page; ILAE/GSK discontinuation notice; Sills and Rogawski 2020 ASM mechanism review; FDA/DailyMed labeling,FDA Potiga prescribing information; FDA Potiga Drug Safety Communication; NCBI LiverTox Ezogabine; EMA Trobalt EPAR summary and withdrawal statement; ILAE/GSK Trobalt/Potiga discontinuation notice; Sills and Rogawski 2020 ASM mechanism review; cited PubMed RCTs
ezogabine,outcome_check,info,plot_diff_seizure_freedom_maximum_effective_dose,not_applicable,False,No plotted seizure-freedom differential is present; this is consistent with the NR seizure-freedom summary.,https://pubmed.ncbi.nlm.nih.gov/27376872/; https://pubmed.ncbi.nlm.nih.gov/21451152/; https://pubmed.ncbi.nlm.nih.gov/20944074/; https://pubmed.ncbi.nlm.nih.gov/17420403/,,
ezogabine,black_box_warning,critical,fda_black_box_warning,incorrect,True,"The 2016 FDA Potiga label contains a boxed warning for retinal abnormalities and potential vision loss, and FDA's 2015 Drug Safety Communication explicitly refers to recommendations in the Boxed Warning. DailyMed should not be cited for this field.",https://www.accessdata.fda.gov/drugsatfda_docs/label/2016/022345s011lbl.pdf; https://www.fda.gov/drugs/drug-safety-and-availability/fda-drug-safety-communication-fda-determines-2013-labeling-adequate-manage-risk-retinal,No current FDA/DailyMed label identified.,Boxed warning in last FDA-approved Potiga label: retinal abnormalities and potential vision loss.
ezogabine,proposed_row_update,critical,fda_black_box_warning_source,proposed,True,FDA sources directly support a boxed warning; DailyMed is not permissible for this field.,https://www.accessdata.fda.gov/drugsatfda_docs/label/2016/022345s011lbl.pdf; https://www.fda.gov/drugs/drug-safety-and-availability/fda-drug-safety-communication-fda-determines-2013-labeling-adequate-manage-risk-retinal,FDA/DailyMed search on 05-20-2026: no current label found for terms [ezogabine; retigabine; Potiga; Trobalt].,"FDA Potiga prescribing information, May 2016, and FDA Drug Safety Communication, 06-16-2015: boxed warning for retinal abnormalities and potential vision loss identified for Potiga (ezogabine)."
ezogabine,proposed_row_update,medium,evidence_sources,proposed,False,Improves source specificity and removes DailyMed for black-box support.,https://www.accessdata.fda.gov/drugsatfda_docs/label/2016/022345s011lbl.pdf; https://www.fda.gov/drugs/drug-safety-and-availability/fda-drug-safety-communication-fda-determines-2013-labeling-adequate-manage-risk-retinal; https://www.ncbi.nlm.nih.gov/books/NBK548304/; https://www.ema.europa.eu/en/documents/overview/trobalt-epar-summary-public_en.pdf; https://www.ema.europa.eu/en/documents/public-statement/public-statement-trobalt-withdrawal-marketing-authorisation-european-union_en.pdf; https://www.ilae.org/files/dmfile/GSK_RetigabineTrobalt-Reminder.pdf; https://pubmed.ncbi.nlm.nih.gov/32120063/,NCBI LiverTox anticonvulsants table; EMA Trobalt withdrawal page; ILAE/GSK discontinuation notice; Sills and Rogawski 2020 ASM mechanism review; FDA/DailyMed labeling,FDA Potiga prescribing information; FDA Potiga Drug Safety Communication; NCBI LiverTox Ezogabine; EMA Trobalt EPAR summary and withdrawal statement; ILAE/GSK Trobalt/Potiga discontinuation notice; Sills and Rogawski 2020 ASM mechanism review; cited PubMed RCTs
ezogabine,proposed_row_update,medium,mechanism_source,proposed,False,"EMA EPAR, not EMA withdrawal page, supports the mechanism cell.",https://www.ema.europa.eu/en/documents/overview/trobalt-epar-summary-public_en.pdf; https://pubmed.ncbi.nlm.nih.gov/32120063/; https://www.ncbi.nlm.nih.gov/books/NBK548304/,EMA Trobalt withdrawal page; Sills and Rogawski 2020 ASM mechanism review,EMA Trobalt EPAR summary; Sills and Rogawski 2020 ASM mechanism review; NCBI LiverTox Ezogabine
ezogabine,proposed_row_update,critical,fda_black_box_warning,proposed,True,Directly contradicted by the 2016 FDA Potiga label and FDA safety communication.,https://www.accessdata.fda.gov/drugsatfda_docs/label/2016/022345s011lbl.pdf; https://www.fda.gov/drugs/drug-safety-and-availability/fda-drug-safety-communication-fda-determines-2013-labeling-adequate-manage-risk-retinal,No current FDA/DailyMed label identified.,Boxed warning in last FDA-approved Potiga label: retinal abnormalities and potential vision loss.
ezogabine,proposed_row_update,critical,fda_black_box_warning_source,proposed,True,DailyMed is not permissible for black-box verification and FDA sources identify a boxed warning.,https://www.accessdata.fda.gov/drugsatfda_docs/label/2016/022345s011lbl.pdf; https://www.fda.gov/drugs/drug-safety-and-availability/fda-drug-safety-communication-fda-determines-2013-labeling-adequate-manage-risk-retinal,FDA/DailyMed search on 05-20-2026: no current label found for terms [ezogabine; retigabine; Potiga; Trobalt].,"FDA Potiga prescribing information, May 2016, and FDA Drug Safety Communication, 06-16-2015: boxed warning for retinal abnormalities and potential vision loss identified for Potiga (ezogabine)."
ezogabine,proposed_row_update,medium,fda_black_box_warning_verified,proposed,False,Use the actual audit verification date for the corrected FDA boxed-warning finding.,https://www.accessdata.fda.gov/drugsatfda_docs/label/2016/022345s011lbl.pdf,05-20-2026,05-21-2026
ezogabine,proposed_row_update,critical,filter_enzyme_effect,proposed,True,FDA/NCBI sources contradict CYP inhibitor classification.,https://www.accessdata.fda.gov/drugsatfda_docs/label/2016/022345s011lbl.pdf; https://www.ncbi.nlm.nih.gov/books/NBK548304/,Inhibitor,None/Not a major inducer or inhibitor
ezogabine,proposed_row_update,critical,qt_interval_effect,proposed,True,FDA label supports QT effect; ILAE/GSK and EMA contradict safety-driven withdrawal wording.,https://www.accessdata.fda.gov/drugsatfda_docs/label/2016/022345s011lbl.pdf; https://www.ilae.org/files/dmfile/GSK_RetigabineTrobalt-Reminder.pdf; https://www.ema.europa.eu/en/documents/public-statement/public-statement-trobalt-withdrawal-marketing-authorisation-european-union_en.pdf,QT prolongation not typical; urinary/retinal toxicity drove withdrawal,"QT prolongation possible; FDA label reports mean 7.7-msec QT prolongation at 400 mg TID and recommends monitoring in at-risk patients. Global discontinuation was attributed by GSK/EMA to limited use/commercial reasons, not efficacy or safety."
ezogabine,proposed_row_update,medium,mechanism_source,proposed,False,"The withdrawal page supports market withdrawal, not mechanism; EMA EPAR and NCBI LiverTox support the mechanism.",https://www.ema.europa.eu/en/documents/overview/trobalt-epar-summary-public_en.pdf; https://pubmed.ncbi.nlm.nih.gov/32120063/; https://www.ncbi.nlm.nih.gov/books/NBK548304/,EMA Trobalt withdrawal page; Sills and Rogawski 2020 ASM mechanism review,EMA Trobalt EPAR summary; Sills and Rogawski 2020 ASM mechanism review; NCBI LiverTox Ezogabine
ezogabine,proposed_row_update,medium,mechanism_source_tier,proposed,False,No UK SmPC source was verified in the cited row sources; the verified source tier is EMA EPAR plus peer-reviewed/NCBI evidence.,https://www.ema.europa.eu/en/documents/overview/trobalt-epar-summary-public_en.pdf; https://pubmed.ncbi.nlm.nih.gov/32120063/,EMA/UK SmPC,EMA EPAR/peer-reviewed review
ezogabine,proposed_row_update,medium,evidence_sources,proposed,False,Names trusted sources that actually support the populated cells and removes DailyMed as a black-box source.,https://www.accessdata.fda.gov/drugsatfda_docs/label/2016/022345s011lbl.pdf; https://www.fda.gov/drugs/drug-safety-and-availability/fda-drug-safety-communication-fda-determines-2013-labeling-adequate-manage-risk-retinal; https://www.ncbi.nlm.nih.gov/books/NBK548304/; https://www.ema.europa.eu/en/documents/overview/trobalt-epar-summary-public_en.pdf; https://www.ema.europa.eu/en/documents/public-statement/public-statement-trobalt-withdrawal-marketing-authorisation-european-union_en.pdf; https://www.ilae.org/files/dmfile/GSK_RetigabineTrobalt-Reminder.pdf; https://pubmed.ncbi.nlm.nih.gov/32120063/,NCBI LiverTox anticonvulsants table; EMA Trobalt withdrawal page; ILAE/GSK discontinuation notice; Sills and Rogawski 2020 ASM mechanism review; FDA/DailyMed labeling,FDA Potiga prescribing information; FDA Potiga Drug Safety Communication; NCBI LiverTox Ezogabine; EMA Trobalt EPAR summary and withdrawal statement; ILAE/GSK Trobalt/Potiga discontinuation notice; Sills and Rogawski 2020 ASM mechanism review; cited PubMed RCTs
ezogabine,proposed_row_update,medium,year_fda_cleared,proposed,False,Adds exact EMA authorization and withdrawal dates from EMA withdrawal statement.,https://www.ema.europa.eu/en/documents/public-statement/public-statement-trobalt-withdrawal-marketing-authorisation-european-union_en.pdf; https://www.accessdata.fda.gov/drugsatfda_docs/label/2016/022345s011lbl.pdf,2011 FDA approval; EMA Trobalt/retigabine marketing authorisation granted 2011 and withdrawn 2018,2011 FDA approval; EMA Trobalt/retigabine marketing authorisation granted 28 Mar 2011 and withdrawn 19 Jul 2018
felbamate,fact_check,medium,minimum_effective_dose,missing_source,False,The FDA label supports 1200 mg/day as the recommended adult starting dose. It does not establish this as a formal minimum effective dose.,https://www.accessdata.fda.gov/drugsatfda_docs/label/2012/020189s027lbl.pdf,1200 mg/day,1200 mg/day (recommended adult initial dose; not independently established as a minimum effective dose)
felbamate,fact_check,critical,half_life_range,incorrect,True,"FDA labeling states a terminal half-life of 20-23 hours in subjects with normal renal function. The label separately notes renal impairment prolongs half-life by 9-15 hours, but does not support 14-23 h as the normal range.",https://www.accessdata.fda.gov/drugsatfda_docs/label/2012/020189s027lbl.pdf,14-23 h,20-23 h
felbamate,fact_check,medium,mechanism_source_tier,missing_source,False,The FDA label supports the 'unknown mechanism' and preclinical NMDA/GABA statements; the Sills and Rogawski review supports broader ASM mechanism classification. Current tier omits the peer-reviewed component used by the cell.,https://www.accessdata.fda.gov/drugsatfda_docs/label/2012/020189s027lbl.pdf; https://pubmed.ncbi.nlm.nih.gov/32165193/,FDA label,FDA label; peer-reviewed review
felbamate,fact_check,medium,qt_interval_effect,insufficient_evidence,False,"The FDA label describes no clinically significant mean blood-pressure or heart-rate changes, but it does not provide a dedicated QT/QTc study statement. The current value is plausible but stronger than the located source support.",https://www.accessdata.fda.gov/drugsatfda_docs/label/2012/020189s027lbl.pdf,No clinically meaningful QT effect established,No QT/QTc warning or clinically meaningful QT effect identified in reviewed FDA labeling
felbamate,fact_check,critical,adverse_symptoms_percentages,incorrect,True,"The current row mixes or rounds unsupported percentages. FDA adult add-on controlled-trial table gives headache 36.8%, nausea 34.2%, anorexia 19.3%, vomiting 16.7%, insomnia 17.5%. The boxed warning states aplastic anemia/hepatic failure risks are serious and not reliably quantified, so '<1%' is not source-supported.",https://www.accessdata.fda.gov/drugsatfda_docs/label/2012/020189s027lbl.pdf,"GI: anorexia 19%, GI: vomiting 17%, CNS: insomnia 16%, GI: nausea 12%, CNS: headache 12%, hematologic/hepatic: aplastic anemia/hepatic failure <1%","Adult controlled add-on trials: CNS: headache 36.8%, somnolence 19.3%, dizziness 18.4%, insomnia 17.5%; GI: nausea 34.2%, anorexia 19.3%, vomiting 16.7%, dyspepsia 12.3%; hematologic/hepatic: aplastic anemia and hepatic failure are boxed-warning risks and incidence is not reliably quantified in labeling."
felbamate,fact_check,high,evidence_sources,incorrect,False,"Wikipedia is not a trusted source for this audit, and DailyMed is not permissible for FDA boxed-warning verification. The proposed source list uses trusted domains and matches the row facts more directly.",https://api.fda.gov/drug/label.json?search=openfda.spl_set_id%3A%222f522701-397a-11de-8a39-0800200c9a66%22&limit=5; https://www.accessdata.fda.gov/drugsatfda_docs/label/2012/020189s027lbl.pdf; https://www.ncbi.nlm.nih.gov/books/NBK548256/; https://www.accessdata.fda.gov/scripts/opdlisting/oopd/detailedIndex.cfm?cfgridkey=33488; https://pubmed.ncbi.nlm.nih.gov/32165193/; https://www.ema.europa.eu/en/medicines/human/EPAR/taloxa,NCBI LiverTox anticonvulsants table; Wikipedia anticonvulsant drug-class list; FDA/DailyMed labeling; Sills and Rogawski 2020 ASM mechanism review,FDA/openFDA labeling; FDA Drugs@FDA/accessdata labeling; NCBI LiverTox felbamate; FDA orphan drug approval record; PubMed RCT records; Sills and Rogawski 2020 ASM mechanism review; EMA Taloxa EPAR for non-US trade name
felbamate,outcome_check,critical,diff_median_pct_change_maximum_effective_dose,incorrect,True,"PMID 8347179 verifies the 23 percentage-point differential from 19% decrease versus 4% increase in total seizure frequency. However, the cited PubMed abstract does not describe this as a median percent change, so the current MPC wording overstates the metric specificity.",https://pubmed.ncbi.nlm.nih.gov/8347179/; https://www.fda.gov/media/158280/download,23 % (drug minus placebo MPC differential at maximum effective dose/regimen: FelbamateStudyGroupinLennoxGastautSyndrome1993 felbamate up to 45 mg/kg/day or 3600 mg/day 23%),"23 percentage points (felbamate 19% decrease in total seizure frequency vs placebo 4% increase; FelbamateStudyGroupinLennoxGastautSyndrome1993, felbamate up to 45 mg/kg/day or 3600 mg/day; not confirmed as a median percent change in the PubMed abstract)"
felbamate,proposed_row_update,medium,fda_black_box_warning_source,proposed,False,DailyMed source is not permitted for boxed-warning verification by the audit instructions.,https://api.fda.gov/drug/label.json?search=openfda.spl_set_id%3A%222f522701-397a-11de-8a39-0800200c9a66%22&limit=5,"FDA/DailyMed SPL; status=boxed_warning_found; setid=2f522701-397a-11de-8a39-0800200c9a66; published=Dec 31, 2025; title=FELBATOL (FELBAMATE) TABLET FELBATOL (FELBAMATE) SUSPENSION [VIATRIS SPECIALTY LLC]; url=https://dailymed.nlm.nih.gov/dailymed/drugInfo.cfm?setid=2f522701-397a-11de-8a39-0800200c9a66",FDA/openFDA drug label API; status=boxed_warning_found; spl_set_id=2f522701-397a-11de-8a39-0800200c9a66; effective_time=20250815; title=Felbatol / FELBAMATE; api_url=https://api.fda.gov/drug/label.json?search=openfda.spl_set_id%3A%222f522701-397a-11de-8a39-0800200c9a66%22&limit=5
felbamate,proposed_row_update,medium,evidence_sources,proposed,False,"Current source list includes Wikipedia and DailyMed; trusted row support should use FDA/openFDA/accessdata, NCBI/PubMed, and EMA sources.",https://api.fda.gov/drug/label.json?search=openfda.spl_set_id%3A%222f522701-397a-11de-8a39-0800200c9a66%22&limit=5; https://www.accessdata.fda.gov/drugsatfda_docs/label/2012/020189s027lbl.pdf; https://www.ncbi.nlm.nih.gov/books/NBK548256/; https://www.accessdata.fda.gov/scripts/opdlisting/oopd/detailedIndex.cfm?cfgridkey=33488; https://pubmed.ncbi.nlm.nih.gov/32165193/; https://www.ema.europa.eu/en/medicines/human/EPAR/taloxa,NCBI LiverTox anticonvulsants table; Wikipedia anticonvulsant drug-class list; FDA/DailyMed labeling; Sills and Rogawski 2020 ASM mechanism review,FDA/openFDA labeling; FDA Drugs@FDA/accessdata labeling; NCBI LiverTox felbamate; FDA orphan drug approval record; PubMed RCT records; Sills and Rogawski 2020 ASM mechanism review; EMA Taloxa EPAR for non-US trade name
felbamate,proposed_row_update,medium,mechanism_source,proposed,False,Replace DailyMed naming with FDA/openFDA or accessdata FDA labeling while retaining the peer-reviewed review source.,https://www.accessdata.fda.gov/drugsatfda_docs/label/2012/020189s027lbl.pdf; https://pubmed.ncbi.nlm.nih.gov/32165193/,FDA/DailyMed labeling; Sills and Rogawski 2020 ASM mechanism review,FDA/openFDA or FDA/accessdata labeling; Sills and Rogawski 2020 ASM mechanism review
felbamate,proposed_row_update,medium,fda_black_box_warning_source,proposed,False,DailyMed is not permissible for FDA boxed-warning verification in this audit; use FDA/openFDA metadata instead.,https://api.fda.gov/drug/label.json?search=openfda.spl_set_id%3A%222f522701-397a-11de-8a39-0800200c9a66%22&limit=5; https://www.accessdata.fda.gov/drugsatfda_docs/label/2012/020189s027lbl.pdf,"FDA/DailyMed SPL; status=boxed_warning_found; setid=2f522701-397a-11de-8a39-0800200c9a66; published=Dec 31, 2025; title=FELBATOL (FELBAMATE) TABLET FELBATOL (FELBAMATE) SUSPENSION [VIATRIS SPECIALTY LLC]; url=https://dailymed.nlm.nih.gov/dailymed/drugInfo.cfm?setid=2f522701-397a-11de-8a39-0800200c9a66",FDA/openFDA drug label API; status=boxed_warning_found; spl_set_id=2f522701-397a-11de-8a39-0800200c9a66; effective_time=20250815; title=Felbatol / FELBAMATE; api_url=https://api.fda.gov/drug/label.json?search=openfda.spl_set_id%3A%222f522701-397a-11de-8a39-0800200c9a66%22&limit=5
felbamate,proposed_row_update,critical,half_life_range,proposed,True,FDA labeling supports terminal half-life 20-23 hours in normal renal function; 14-23 h was not verified against FDA label text.,https://www.accessdata.fda.gov/drugsatfda_docs/label/2012/020189s027lbl.pdf,14-23 h,20-23 h
felbamate,proposed_row_update,critical,adverse_symptoms_percentages,proposed,True,Current percentages conflict with FDA adverse-event tables and '<1%' for aplastic anemia/hepatic failure is not supported by labeling.,https://www.accessdata.fda.gov/drugsatfda_docs/label/2012/020189s027lbl.pdf,"GI: anorexia 19%, GI: vomiting 17%, CNS: insomnia 16%, GI: nausea 12%, CNS: headache 12%, hematologic/hepatic: aplastic anemia/hepatic failure <1%","Adult controlled add-on trials: CNS: headache 36.8%, somnolence 19.3%, dizziness 18.4%, insomnia 17.5%; GI: nausea 34.2%, anorexia 19.3%, vomiting 16.7%, dyspepsia 12.3%; hematologic/hepatic: aplastic anemia and hepatic failure are boxed-warning risks and incidence is not reliably quantified in labeling."
felbamate,proposed_row_update,critical,diff_median_pct_change_maximum_effective_dose,proposed,True,"23 is verified, but the cited abstract supports a total seizure-frequency percent-change differential, not explicitly a median percent-change differential.",https://pubmed.ncbi.nlm.nih.gov/8347179/,23 % (drug minus placebo MPC differential at maximum effective dose/regimen: FelbamateStudyGroupinLennoxGastautSyndrome1993 felbamate up to 45 mg/kg/day or 3600 mg/day 23%),"23 percentage points (felbamate 19% decrease in total seizure frequency vs placebo 4% increase; FelbamateStudyGroupinLennoxGastautSyndrome1993, felbamate up to 45 mg/kg/day or 3600 mg/day; not confirmed as a median percent change in the PubMed abstract)"
felbamate,proposed_row_update,medium,evidence_sources,proposed,False,Use trusted audit sources and remove Wikipedia/DailyMed dependency.,https://api.fda.gov/drug/label.json?search=openfda.spl_set_id%3A%222f522701-397a-11de-8a39-0800200c9a66%22&limit=5; https://www.accessdata.fda.gov/drugsatfda_docs/label/2012/020189s027lbl.pdf; https://www.ncbi.nlm.nih.gov/books/NBK548256/; https://www.accessdata.fda.gov/scripts/opdlisting/oopd/detailedIndex.cfm?cfgridkey=33488; https://pubmed.ncbi.nlm.nih.gov/32165193/; https://www.ema.europa.eu/en/medicines/human/EPAR/taloxa,NCBI LiverTox anticonvulsants table; Wikipedia anticonvulsant drug-class list; FDA/DailyMed labeling; Sills and Rogawski 2020 ASM mechanism review,FDA/openFDA labeling; FDA Drugs@FDA/accessdata labeling; NCBI LiverTox felbamate; FDA orphan drug approval record; PubMed RCT records; Sills and Rogawski 2020 ASM mechanism review; EMA Taloxa EPAR for non-US trade name
felbamate,proposed_row_update,medium,mechanism_source,proposed,False,DailyMed should not be relied on where FDA/openFDA or FDA label sources are available; mechanism claims are supported by FDA labeling and peer-reviewed review.,https://www.accessdata.fda.gov/drugsatfda_docs/label/2012/020189s027lbl.pdf; https://pubmed.ncbi.nlm.nih.gov/32165193/,FDA/DailyMed labeling; Sills and Rogawski 2020 ASM mechanism review,FDA/openFDA or FDA/accessdata labeling; Sills and Rogawski 2020 ASM mechanism review
felbamate,proposed_row_update,medium,qt_interval_effect,proposed,False,The row's stronger negative QT claim is not directly established in located FDA labeling; the proposed text is limited to reviewed source evidence.,https://www.accessdata.fda.gov/drugsatfda_docs/label/2012/020189s027lbl.pdf,No clinically meaningful QT effect established,No QT/QTc warning or clinically meaningful QT effect identified in reviewed FDA labeling
fenfluramine,fact_check,high,generic_name / trade_names / alternate_generic_names / pubmed_search_aliases,missing,False,"Generic name fenfluramine, Fintepla, and ZX008 are supported. FDA clinical review also identifies historical Pondimin/Ponderex and fenfluramine HCl, so the empty alternate_generic_names field and current trade_names omit important aliases. Dexfenfluramine/Redux is a distinct d-enantiomer, not a fenfluramine alias.",https://www.accessdata.fda.gov/drugsatfda_docs/label/2025/212102s016lbl.pdf; https://www.fda.gov/media/158280/download; https://clinicaltrials.gov/study/NCT02682927; https://clinicaltrials.gov/study/NCT03355209,fenfluramine; trade_names=Fintepla; alternate_generic_names blank; pubmed_search_aliases=ZX008,alternate_generic_names: fenfluramine hydrochloride; fenfluramine HCl. trade_names: Fintepla; Pondimin (historical/withdrawn anorectic); Ponderex (historical/withdrawn anorectic). Keep pubmed_search_aliases: ZX008.
fenfluramine,fact_check,critical,metabolism_enzyme_fields,incorrect,True,"FDA labeling supports 20-hour half-life, metabolism primarily by CYP1A2/CYP2B6/CYP2D6, and no clinically relevant CYP induction or inhibition by fenfluramine/norfenfluramine. The filter_enzyme_effect value contradicts this.",https://www.accessdata.fda.gov/drugsatfda_docs/label/2025/212102s016lbl.pdf,half_life_range=~20 h; major_organ_for_metabolism=Liver; enzyme_inducing_or_inhibiting=Not a major enzyme inducer/inhibitor; CYP2D6/1A2/2B6 metabolism; filter_enzyme_effect=Inducer; Inhibitor,"enzyme_inducing_or_inhibiting: Not a major enzyme inducer/inhibitor; primarily metabolized by CYP1A2, CYP2B6, and CYP2D6. filter_enzyme_effect: Neither inducer nor inhibitor."
fenfluramine,fact_check,medium,mechanism_fields,missing_source,True,"FDA labeling supports unknown mechanism and serotonin 5-HT2 receptor agonist activity, but not sigma-1 modulation. DailyMed and AES are not acceptable trusted source entries for this audit bundle as written.",https://www.accessdata.fda.gov/drugsatfda_docs/label/2025/212102s016lbl.pdf,"mechanism_of_action includes unknown seizure mechanism, serotonin 5-HT2 agonist activity, and proposed sigma-1 modulation; mechanism_source=FDA/DailyMed labeling; American Epilepsy Society 2024 U.S. ASM summary; mechanism_source_tier=FDA label; filter_mechanism=Serotonin / sigma","If using FDA-only support: Precise seizure mechanism is unknown; fenfluramine and norfenfluramine exhibit agonist activity at serotonin 5-HT2 receptors. If retaining sigma-1 modulation, add a trusted PubMed/NCBI peer-reviewed mechanism source and change mechanism_source_tier away from FDA-only."
fenfluramine,fact_check,critical,qt_fields,incorrect,True,FDA labeling states FINTEPLA did not prolong QT at 4 times the maximum recommended dose. The filter value should not include QT prolongation.,https://www.accessdata.fda.gov/drugsatfda_docs/label/2025/212102s016lbl.pdf,qt_interval_effect=No clinically meaningful QT prolongation in labeling; cardiac valvulopathy/pulmonary hypertension monitoring required; filter_qt_effect=No known meaningful QT effect; QT prolongation,qt_interval_effect: No clinically meaningful QT prolongation in labeling; cardiac valvulopathy/pulmonary hypertension monitoring required. filter_qt_effect: No known meaningful QT effect.
fenfluramine,fact_check,critical,adverse_symptoms_percentages,incorrect,True,"FDA adverse-reaction tables do not support fatigue/lethargy 16% or somnolence 13% for the maximum labeled dose arms. VHD/PAH absence in controlled/extension trial monitoring is supported, with postmarketing cases noted in labeling.",https://www.accessdata.fda.gov/drugsatfda_docs/label/2025/212102s016lbl.pdf,"GI: decreased appetite 38%, constitutional: fatigue/lethargy 16%, GI: diarrhea 15%, CNS: somnolence 13%, cardiac: valvular heart disease 0% in controlled trials","At labeled 0.7 mg/kg/day arms: decreased appetite 38% (DS) / 36% (LGS); somnolence/sedation/lethargy 25% (DS) / 22% (LGS); diarrhea 15% (DS) / 13% (LGS); fatigue/malaise/asthenia 10% (DS) / 24% (LGS). No VHD/PAH occurred in DS/LGS clinical trials up to 3 years, but postmarketing VHD/PAH cases have been reported."
fenfluramine,fact_check,high,evidence_sources,incorrect,False,"The named Epilepsy Society and AES sources are not in the trusted-source domain list provided for this audit, and DailyMed is not permissible for boxed-warning verification.",https://www.accessdata.fda.gov/drugsatfda_docs/label/2025/212102s016lbl.pdf; https://api.fda.gov/drug/label.json?search=openfda.spl_set_id%3A%22e88f360e-33ad-4cd6-b2de-5ef885857c5d%22&limit=5; https://clinicaltrials.gov/study/NCT02682927; https://clinicaltrials.gov/study/NCT02926898; https://clinicaltrials.gov/study/NCT03355209,evidence_sources=Epilepsy Society ASM list; FDA/DailyMed labeling; American Epilepsy Society 2024 U.S. ASM summary,FDA/accessdata prescribing information; FDA/openFDA drug label API; FDA approval letters and clinical review; ClinicalTrials.gov; PubMed RCT records
fenfluramine,rct_link_check,high,pubmed_phase_ii_iii_rct_links,not_placebo_rct,True,The article analyzes responder thresholds and NNT from existing fenfluramine RCT data. It is useful secondary evidence but is not itself a primary placebo-controlled phase II/III RCT report.,https://pubmed.ncbi.nlm.nih.gov/33540241/,https://pubmed.ncbi.nlm.nih.gov/33540241/,Reclassify as secondary responder/NNT analysis; remove from pubmed_phase_ii_iii_rct_links if that field is reserved for primary RCT reports.
fenfluramine,outcome_check,critical,diff_median_pct_change_maximum_effective_dose / plot_diff_median_pct_change_maximum_effective_dose,incorrect,True,"The numeric values are supported by the cited RCT/outcome evidence, but the current wording overstates them as uniform drug-minus-placebo median percent-change differentials. Sullivan2023 and Nabbout2020 are placebo-adjusted/model-based greater reductions; Knupp2022 is an estimated median difference; Lagae2019 is the arithmetic median reduction difference.",https://pubmed.ncbi.nlm.nih.gov/37543865/; https://pubmed.ncbi.nlm.nih.gov/35499850/; https://pubmed.ncbi.nlm.nih.gov/31790543/; https://pubmed.ncbi.nlm.nih.gov/31862249/; https://www.accessdata.fda.gov/drugsatfda_docs/label/2025/212102s016lbl.pdf,"19.9-64.8 % described as drug-minus-placebo MPC differential for Sullivan2023, Knupp2022, Nabbout2020, Lagae2019","19.9-64.8 % (reported placebo-adjusted or drug-minus-placebo seizure-frequency change at maximum effective dose/regimen: Sullivan2023 fenfluramine 0.7 mg/kg/day placebo-adjusted greater reduction in MCSF 64.8%; Knupp2022 fenfluramine 0.7 mg/kg/day estimated median difference vs placebo 19.9 percentage points; Nabbout2020 fenfluramine 0.4 mg/kg/day with stiripentol placebo-adjusted greater reduction in MCSF 54.0%; Lagae2019 fenfluramine 0.7 mg/kg/day median reduction 74.9% vs placebo 19.2%, arithmetic differential 55.7%)."
fenfluramine,outcome_check,critical,diff_seizure_freedom_maximum_effective_dose / plot_diff_seizure_freedom_maximum_effective_dose,incorrect,True,"FDA labeling explicitly reports no-convulsive-seizure patient rates for the Dravet Study 1/2 maximum regimens, and Knupp2022 reports LGS seizure freedom by group. Therefore the blanket NR/not extractable value is not correct for all included RCT evidence.",https://www.accessdata.fda.gov/drugsatfda_docs/label/2025/212102s016lbl.pdf; https://pubmed.ncbi.nlm.nih.gov/35499850/; https://pubmed.ncbi.nlm.nih.gov/31790543/; https://pubmed.ncbi.nlm.nih.gov/31862249/,NR/not extractable as a drug-minus-placebo seizure-freedom patient-rate differential at the maximum effective dose/regimen,"-1 to 8 percentage points among extractable maximum-dose/regimen RCT sources: Lagae2019/Study 1 fenfluramine 0.7 mg/kg/day 8% vs 0% placebo, diff 8%; Nabbout2020/Study 2 fenfluramine 0.4 mg/kg/day with stiripentol 2% vs 0% placebo, diff 2%; Knupp2022/LGS fenfluramine 0.7 mg/kg/day 0% vs 1% placebo, diff -1 percentage point. Sullivan2023 complete seizure-freedom differential was not verified from a trusted accessible abstract in this audit."
fenfluramine,proposed_row_update,medium,fda_black_box_warning_source,proposed,False,DailyMed is not permissible for black-box warning verification; FDA/accessdata and openFDA are permissible.,https://www.accessdata.fda.gov/drugsatfda_docs/label/2025/212102s016lbl.pdf; https://api.fda.gov/drug/label.json?search=openfda.spl_set_id%3A%22e88f360e-33ad-4cd6-b2de-5ef885857c5d%22&limit=5,"FDA/DailyMed SPL; status=boxed_warning_found; setid=e88f360e-33ad-4cd6-b2de-5ef885857c5d; published=Nov 17, 2025; title=FINTEPLA (FENFLURAMINE) SOLUTION [UCB, INC.]; url=https://dailymed.nlm.nih.gov/dailymed/drugInfo.cfm?setid=e88f360e-33ad-4cd6-b2de-5ef885857c5d",FDA/accessdata prescribing information; status=boxed_warning_found; NDA=212102; label=212102s016; revised=04/2025; title=FINTEPLA (fenfluramine) oral solution; url=https://www.accessdata.fda.gov/drugsatfda_docs/label/2025/212102s016lbl.pdf; FDA/openFDA API url=https://api.fda.gov/drug/label.json?search=openfda.spl_set_id%3A%22e88f360e-33ad-4cd6-b2de-5ef885857c5d%22&limit=5
fenfluramine,proposed_row_update,medium,fda_black_box_warning_verified,proposed,False,FDA source was rechecked during this audit on the current system date.,https://www.accessdata.fda.gov/drugsatfda_docs/label/2025/212102s016lbl.pdf,05-20-2026,05-21-2026
fenfluramine,proposed_row_update,medium,evidence_sources,proposed,False,Use only trusted domains and avoid DailyMed for boxed warning.,https://www.accessdata.fda.gov/drugsatfda_docs/label/2025/212102s016lbl.pdf; https://www.fda.gov/media/158280/download; https://clinicaltrials.gov/study/NCT02682927; https://clinicaltrials.gov/study/NCT02926898; https://clinicaltrials.gov/study/NCT03355209,Epilepsy Society ASM list; FDA/DailyMed labeling; American Epilepsy Society 2024 U.S. ASM summary,FDA/accessdata prescribing information; FDA/openFDA drug label API; FDA approval letters and clinical review; ClinicalTrials.gov; PubMed RCT records
fenfluramine,proposed_row_update,medium,alternate_generic_names,proposed,False,Important salt/alias names are used in FDA and trial records.,https://www.accessdata.fda.gov/drugsatfda_docs/label/2025/212102s016lbl.pdf; https://clinicaltrials.gov/study/NCT02682927,,fenfluramine hydrochloride; fenfluramine HCl
fenfluramine,proposed_row_update,medium,trade_names,proposed,False,FDA clinical review identifies historical fenfluramine trade names; adding them reduces duplicate-row risk.,https://www.fda.gov/media/158280/download,Fintepla,Fintepla; Pondimin (historical/withdrawn anorectic); Ponderex (historical/withdrawn anorectic)
fenfluramine,proposed_row_update,critical,filter_enzyme_effect,proposed,True,FDA label states fenfluramine/norfenfluramine are not CYP inhibitors or inducers at clinically relevant concentrations.,https://www.accessdata.fda.gov/drugsatfda_docs/label/2025/212102s016lbl.pdf,Inducer; Inhibitor,Neither inducer nor inhibitor
fenfluramine,proposed_row_update,critical,filter_qt_effect,proposed,True,FDA label states FINTEPLA did not prolong QT at 4 times the maximum recommended dose.,https://www.accessdata.fda.gov/drugsatfda_docs/label/2025/212102s016lbl.pdf,No known meaningful QT effect; QT prolongation,No known meaningful QT effect
fenfluramine,proposed_row_update,critical,adverse_symptoms_percentages,proposed,True,Current adverse-event percentages mix unsupported values with supported maximum-dose values.,https://www.accessdata.fda.gov/drugsatfda_docs/label/2025/212102s016lbl.pdf,"GI: decreased appetite 38%, constitutional: fatigue/lethargy 16%, GI: diarrhea 15%, CNS: somnolence 13%, cardiac: valvular heart disease 0% in controlled trials","At labeled 0.7 mg/kg/day arms: decreased appetite 38% (DS) / 36% (LGS); somnolence/sedation/lethargy 25% (DS) / 22% (LGS); diarrhea 15% (DS) / 13% (LGS); fatigue/malaise/asthenia 10% (DS) / 24% (LGS). No VHD/PAH occurred in DS/LGS clinical trials up to 3 years, but postmarketing VHD/PAH cases have been reported."
fenfluramine,proposed_row_update,critical,diff_median_pct_change_maximum_effective_dose,proposed,True,"Numbers are supported, but current wording incorrectly treats all as the same median percent-change differential type.",https://pubmed.ncbi.nlm.nih.gov/37543865/; https://pubmed.ncbi.nlm.nih.gov/35499850/; https://pubmed.ncbi.nlm.nih.gov/31790543/; https://pubmed.ncbi.nlm.nih.gov/31862249/,19.9-64.8 % (drug minus placebo MPC differential at maximum effective dose/regimen: Sullivan2023 fenfluramine 0.7 mg/kg/day 64.8%; Knupp2022 fenfluramine 0.7 mg/kg/day 19.9%; Nabbout2020 fenfluramine 0.4 mg/kg/day with stiripentol 54%; Lagae2019 fenfluramine 0.7 mg/kg/day 55.7%),"19.9-64.8 % (reported placebo-adjusted or drug-minus-placebo seizure-frequency change at maximum effective dose/regimen: Sullivan2023 fenfluramine 0.7 mg/kg/day placebo-adjusted greater reduction in MCSF 64.8%; Knupp2022 fenfluramine 0.7 mg/kg/day estimated median difference vs placebo 19.9 percentage points; Nabbout2020 fenfluramine 0.4 mg/kg/day with stiripentol placebo-adjusted greater reduction in MCSF 54.0%; Lagae2019 fenfluramine 0.7 mg/kg/day median reduction 74.9% vs placebo 19.2%, arithmetic differential 55.7%)."
fenfluramine,proposed_row_update,critical,diff_seizure_freedom_maximum_effective_dose,proposed,True,Seizure-freedom/no-convulsive-seizure values are extractable for several maximum-dose/regimen RCTs.,https://www.accessdata.fda.gov/drugsatfda_docs/label/2025/212102s016lbl.pdf; https://pubmed.ncbi.nlm.nih.gov/35499850/,NR/not extractable as a drug-minus-placebo seizure-freedom patient-rate differential at the maximum effective dose/regimen from included phase II/III placebo-controlled RCT records,"-1 to 8 percentage points among extractable maximum-dose/regimen RCT sources: Lagae2019/Study 1 fenfluramine 0.7 mg/kg/day 8% vs 0% placebo, diff 8%; Nabbout2020/Study 2 fenfluramine 0.4 mg/kg/day with stiripentol 2% vs 0% placebo, diff 2%; Knupp2022/LGS fenfluramine 0.7 mg/kg/day 0% vs 1% placebo, diff -1 percentage point. Sullivan2023 complete seizure-freedom differential not verified from a trusted accessible abstract in this audit."
fenfluramine,proposed_row_update,critical,plot_diff_seizure_freedom_maximum_effective_dose,proposed,True,Plot field is empty despite extractable study-level seizure-freedom/no-convulsive-seizure differentials.,https://www.accessdata.fda.gov/drugsatfda_docs/label/2025/212102s016lbl.pdf; https://pubmed.ncbi.nlm.nih.gov/35499850/,,Lagae2019|8|https://pubmed.ncbi.nlm.nih.gov/31862249/|119; Nabbout2020|2|https://pubmed.ncbi.nlm.nih.gov/31790543/|87; Knupp2022|-1|https://pubmed.ncbi.nlm.nih.gov/35499850/|263
fenfluramine,proposed_row_update,critical,pubmed_phase_ii_iii_rct_links,proposed,True,"Sullivan2021 is a responder/NNT secondary analysis of trial data, not a primary phase II/III placebo-controlled RCT report. Reclassify rather than treat as a primary RCT link.",https://pubmed.ncbi.nlm.nih.gov/33540241/; https://clinicaltrials.gov/study/NCT02682927; https://clinicaltrials.gov/study/NCT02926898,Sullivan2023|https://pubmed.ncbi.nlm.nih.gov/37543865/; Knupp2022|https://pubmed.ncbi.nlm.nih.gov/35499850/; Sullivan2021|https://pubmed.ncbi.nlm.nih.gov/33540241/; Nabbout2020|https://pubmed.ncbi.nlm.nih.gov/31790543/; Lagae2019|https://pubmed.ncbi.nlm.nih.gov/31862249/,Sullivan2023|https://pubmed.ncbi.nlm.nih.gov/37543865/; Knupp2022|https://pubmed.ncbi.nlm.nih.gov/35499850/; Nabbout2020|https://pubmed.ncbi.nlm.nih.gov/31790543/; Lagae2019|https://pubmed.ncbi.nlm.nih.gov/31862249/
fenfluramine,proposed_row_update,critical,rct_pubmed_verification_notes,proposed,True,Current note counts Sullivan2021 as a qualifying primary RCT report.,https://pubmed.ncbi.nlm.nih.gov/33540241/,PubMed loop 22/65 on 2026-05-15: 5 qualifying placebo-controlled randomized clinical trial report(s) retained from 13 PubMed candidate(s). Links were rebuilt from fetched PubMed PMID metadata and named FirstAuthorYear. Differential effectiveness columns summarize extractable maximum effective dose/regimen values within qualifying RCT reports.,"Audit 2026-05-21: 4 primary phase II/III placebo-controlled randomized trial reports retained (Sullivan2023, Knupp2022, Nabbout2020, Lagae2019). Sullivan2021 is a responder/NNT secondary analysis of phase 3 trial data and should be reclassified if this field is reserved for primary RCT reports. Differential effectiveness columns summarize extractable maximum effective dose/regimen values from cited RCT/outcome sources."
fosphenytoin,fact_check,high,adverse_symptoms_percentages,incorrect,False,"FDA label Table 1 supports nystagmus 44%, dizziness 31%, somnolence 20%, ataxia 11%, pruritus 49%, and hypotension 8% for IV CEREBYX at maximum dose/rate; current pruritus, ataxia, and somnolence percentages do not match.",https://www.accessdata.fda.gov/drugsatfda_docs/label/2019/020450s039lbl.pdf,"Neurologic: nystagmus 44%, CNS: dizziness 31%, dermatologic: pruritus 27%, neurologic: ataxia 25%, CNS: somnolence 17%, cardiovascular: hypotension 8%","Neurologic: nystagmus 44%, CNS: dizziness 31%, dermatologic: pruritus 49%, CNS: somnolence 20%, neurologic: ataxia 11%, cardiovascular: hypotension 8%"
fosphenytoin,fact_check,high,alternate_generic_names,missing,False,"FDA and eMC sources use fosphenytoin sodium as the active/generic salt name; it should be listed as an alias of fosphenytoin, not as a separate drug row.",https://www.accessdata.fda.gov/drugsatfda_docs/label/2019/020450s039lbl.pdf; https://www.medicines.org.uk/emc/medicine/13310/SPC/pro-epanutin%20concentrate%20for%20infusion%20~%20solution%20for%20injection,,fosphenytoin sodium
fosphenytoin,fact_check,medium,enzyme_inducing_or_inhibiting,missing_source,False,"FDA labeling supports that phenytoin/CEREBYX is a potent inducer of hepatic drug-metabolizing enzymes, but the row's specific CYP/UGT wording is not directly supported by the cited FDA label text.",https://www.accessdata.fda.gov/drugsatfda_docs/label/2019/020450s039lbl.pdf,Phenytoin prodrug; strong CYP/UGT enzyme inducer after conversion,Phenytoin prodrug; potent inducer of hepatic drug-metabolizing enzymes after conversion
fosphenytoin,fact_check,high,evidence_sources,incorrect,False,Current source text uses DailyMed and omits eMC for Pro-Epanutin and trial sources for RCT-specific fields.,https://www.ncbi.nlm.nih.gov/books/NBK547879/; https://www.ncbi.nlm.nih.gov/books/NBK548889/; https://www.accessdata.fda.gov/drugsatfda_docs/label/2019/020450s039lbl.pdf; https://www.medicines.org.uk/emc/medicine/13310/SPC/pro-epanutin%20concentrate%20for%20infusion%20~%20solution%20for%20injection; https://pubmed.ncbi.nlm.nih.gov/24135012/; https://clinicaltrials.gov/study/NCT01870024,NCBI LiverTox anticonvulsants table; FDA/DailyMed labeling,NCBI LiverTox fosphenytoin/phenytoin records; FDA/accessdata CEREBYX prescribing information; eMC Pro-Epanutin SmPC; PubMed and ClinicalTrials.gov records for RCT/trial fields
fosphenytoin,fact_check,high,fda_black_box_warning_source,incorrect,False,DailyMed is not permissible for boxed-warning verification under the audit rules; use FDA/openFDA or FDA label metadata.,https://api.fda.gov/drug/label.json?search=openfda.spl_set_id%3A%22d4c36fad-0ba2-4cd4-9c5e-dcf843f38a5a%22&limit=5; https://www.accessdata.fda.gov/drugsatfda_docs/label/2019/020450s039lbl.pdf,"FDA/DailyMed SPL; status=boxed_warning_found; setid=d4c36fad-0ba2-4cd4-9c5e-dcf843f38a5a; published=Aug 29, 2025; title=CEREBYX (FOSPHENYTOIN SODIUM) INJECTION, SOLUTION [PFIZER LABORATORIES DIV PFIZER INC]; url=https://dailymed.nlm.nih.gov/dailymed/drugInfo.cfm?setid=d4c36fad-0ba2-4cd4-9c5e-dcf843f38a5a",FDA/openFDA drug label API; status=boxed_warning_found; spl_set_id=d4c36fad-0ba2-4cd4-9c5e-dcf843f38a5a; effective_time=20250828; title=CEREBYX / FOSPHENYTOIN SODIUM; api_url=https://api.fda.gov/drug/label.json?search=openfda.spl_set_id%3A%22d4c36fad-0ba2-4cd4-9c5e-dcf843f38a5a%22&limit=5
fosphenytoin,fact_check,critical,half_life_range,incorrect,True,"FDA CEREBYX labeling supports fosphenytoin conversion half-life of about 15 minutes and mean total phenytoin half-life values of 12.0-28.9 hours after CEREBYX. The 7-42 hour range is a general oral phenytoin range, not concordant with the cited CEREBYX FDA label.",https://www.accessdata.fda.gov/drugsatfda_docs/label/2019/020450s039lbl.pdf,Conversion ~15 min; phenytoin ~7-42 h,Conversion ~15 min; derived phenytoin mean total half-life 12.0-28.9 h after CEREBYX at studied doses
fosphenytoin,fact_check,high,major_organ_for_metabolism,incorrect,False,"FDA label says the conversion mechanism has not been determined but phosphatases probably play a major role, and derived phenytoin is extensively metabolized in the liver by CYP2C9/CYP2C19. The current 'plasma phosphatases' wording is too specific for the cited label.",https://www.accessdata.fda.gov/drugsatfda_docs/label/2019/020450s039lbl.pdf,Plasma phosphatases convert prodrug; phenytoin metabolized in liver,Phosphatases convert fosphenytoin to phenytoin; derived phenytoin is extensively metabolized in the liver by CYP2C9 and CYP2C19
fosphenytoin,fact_check,high,mechanism_source,incorrect,False,DailyMed is not in the trusted source list provided for this audit; the same mechanism is supported by FDA/accessdata labeling.,https://www.accessdata.fda.gov/drugsatfda_docs/label/2019/020450s039lbl.pdf,FDA/DailyMed labeling,FDA/accessdata CEREBYX prescribing information
fosphenytoin,fact_check,high,pubmed_search_aliases,missing,False,Search aliases should include the salt name and major trade names so alias rows are not created separately.,https://www.accessdata.fda.gov/drugsatfda_docs/label/2019/020450s039lbl.pdf; https://www.medicines.org.uk/emc/medicine/13310/SPC/pro-epanutin%20concentrate%20for%20infusion%20~%20solution%20for%20injection; https://www.accessdata.fda.gov/drugsatfda_docs/nda/2021/210864Orig1s000OtherR.pdf,,fosphenytoin sodium; Cerebyx; Pro-Epanutin; Sesquient
fosphenytoin,fact_check,high,qt_interval_effect,incorrect,False,FDA labeling lists QT interval prolongation as an infrequent cardiovascular adverse event and carries a boxed warning for hypotension/cardiac arrhythmias with rapid IV infusion. The current 'No typical QT prolongation' wording is not directly supported by the cited label.,https://www.accessdata.fda.gov/drugsatfda_docs/label/2019/020450s039lbl.pdf,No typical QT prolongation; IV administration can cause hypotension/arrhythmias,"QT interval prolongation has been reported infrequently; IV administration can cause hypotension and cardiac arrhythmias, especially with rapid infusion"
fosphenytoin,fact_check,high,trade_names,missing,False,"Cerebyx is FDA-labeled, Pro-Epanutin is an eMC/UK SmPC trade name, and FDA review material identifies Sesquient as a fosphenytoin sodium product; all should be aliases of fosphenytoin, not separate generic rows.",https://www.accessdata.fda.gov/drugsatfda_docs/label/2019/020450s039lbl.pdf; https://www.medicines.org.uk/emc/medicine/13310/SPC/pro-epanutin%20concentrate%20for%20infusion%20~%20solution%20for%20injection; https://www.accessdata.fda.gov/drugsatfda_docs/nda/2021/210864Orig1s000OtherR.pdf,Cerebyx; Pro-Epanutin,Cerebyx; Pro-Epanutin; Sesquient
fosphenytoin,rct_link_check,medium,pubmed_phase_ii_iii_rct_links,insufficient_evidence,True,"The cited article is for fosphenytoin, randomized, double-blind, and placebo-controlled, but phase II/III status is not explicit in the PubMed-level evidence available. It reports seizure occurrence in childhood coma prophylaxis rather than chronic epilepsy responder outcomes.",https://pubmed.ncbi.nlm.nih.gov/24135012/,https://pubmed.ncbi.nlm.nih.gov/24135012/,"Retain as a placebo-controlled randomized fosphenytoin seizure-prevention trial, but update notes because PubMed does not explicitly verify phase II/III and the trial does not report standard RR50/MPC/seizure-freedom endpoints."
fosphenytoin,missing_rct,high,pubmed_phase_ii_iii_rct_links,missing,False,"Potential missing PubMed RCT: PubMed abstract verifies randomized double-dummy/placebo-controlled fosphenytoin substitution in epilepsy/neurosurgery patients. Phase II/III status is not explicit and it is safety/tolerability/PK, not RR50/MPC/seizure-freedom efficacy, so addition requires user scope approval.",https://pubmed.ncbi.nlm.nih.gov/8759983/,,Wilder1996|https://pubmed.ncbi.nlm.nih.gov/8759983/
fosphenytoin,missing_rct,high,pubmed_phase_ii_iii_rct_links,missing,False,"ClinicalTrials.gov verifies a completed phase 3 randomized double-blind trial with placebo infusion arms and a fosphenytoin arm. No linked PubMed publication/results were identified, so it should not be added to the PubMed PMID field without a publication.",https://clinicaltrials.gov/study/NCT01870024,,NCT01870024|https://clinicaltrials.gov/study/NCT01870024
fosphenytoin,proposed_row_update,medium,fda_black_box_warning_source,proposed,False,"Boxed warning source must be FDA/openFDA/FDA label/Drugs@FDA, not DailyMed.",https://api.fda.gov/drug/label.json?search=openfda.spl_set_id%3A%22d4c36fad-0ba2-4cd4-9c5e-dcf843f38a5a%22&limit=5; https://www.accessdata.fda.gov/drugsatfda_docs/label/2019/020450s039lbl.pdf,"FDA/DailyMed SPL; status=boxed_warning_found; setid=d4c36fad-0ba2-4cd4-9c5e-dcf843f38a5a; published=Aug 29, 2025; title=CEREBYX (FOSPHENYTOIN SODIUM) INJECTION, SOLUTION [PFIZER LABORATORIES DIV PFIZER INC]; url=https://dailymed.nlm.nih.gov/dailymed/drugInfo.cfm?setid=d4c36fad-0ba2-4cd4-9c5e-dcf843f38a5a",FDA/openFDA drug label API; status=boxed_warning_found; spl_set_id=d4c36fad-0ba2-4cd4-9c5e-dcf843f38a5a; effective_time=20250828; title=CEREBYX / FOSPHENYTOIN SODIUM; api_url=https://api.fda.gov/drug/label.json?search=openfda.spl_set_id%3A%22d4c36fad-0ba2-4cd4-9c5e-dcf843f38a5a%22&limit=5
fosphenytoin,proposed_row_update,medium,mechanism_source,proposed,False,Use trusted FDA label source naming.,https://www.accessdata.fda.gov/drugsatfda_docs/label/2019/020450s039lbl.pdf,FDA/DailyMed labeling,FDA/accessdata CEREBYX prescribing information
fosphenytoin,proposed_row_update,medium,evidence_sources,proposed,False,Current named sources do not support all trade-name and RCT-specific facts and include DailyMed wording.,https://www.ncbi.nlm.nih.gov/books/NBK547879/; https://www.ncbi.nlm.nih.gov/books/NBK548889/; https://www.accessdata.fda.gov/drugsatfda_docs/label/2019/020450s039lbl.pdf; https://www.medicines.org.uk/emc/medicine/13310/SPC/pro-epanutin%20concentrate%20for%20infusion%20~%20solution%20for%20injection; https://pubmed.ncbi.nlm.nih.gov/24135012/; https://clinicaltrials.gov/study/NCT01870024,NCBI LiverTox anticonvulsants table; FDA/DailyMed labeling,NCBI LiverTox fosphenytoin/phenytoin records; FDA/accessdata CEREBYX prescribing information; eMC Pro-Epanutin SmPC; PubMed and ClinicalTrials.gov records for RCT/trial fields
fosphenytoin,proposed_row_update,medium,adverse_symptoms_percentages,proposed,False,Correct percentages to FDA label Table 1.,https://www.accessdata.fda.gov/drugsatfda_docs/label/2019/020450s039lbl.pdf,"Neurologic: nystagmus 44%, CNS: dizziness 31%, dermatologic: pruritus 27%, neurologic: ataxia 25%, CNS: somnolence 17%, cardiovascular: hypotension 8%","Neurologic: nystagmus 44%, CNS: dizziness 31%, dermatologic: pruritus 49%, CNS: somnolence 20%, neurologic: ataxia 11%, cardiovascular: hypotension 8%"
fosphenytoin,proposed_row_update,medium,alternate_generic_names,proposed,False,Add salt-name alias.,https://www.accessdata.fda.gov/drugsatfda_docs/label/2019/020450s039lbl.pdf,,fosphenytoin sodium
fosphenytoin,proposed_row_update,medium,evidence_sources,proposed,False,Use trusted named sources and add sources for trade names/RCT facts.,https://www.ncbi.nlm.nih.gov/books/NBK547879/; https://www.ncbi.nlm.nih.gov/books/NBK548889/; https://www.accessdata.fda.gov/drugsatfda_docs/label/2019/020450s039lbl.pdf; https://www.medicines.org.uk/emc/medicine/13310/SPC/pro-epanutin%20concentrate%20for%20infusion%20~%20solution%20for%20injection; https://pubmed.ncbi.nlm.nih.gov/24135012/; https://clinicaltrials.gov/study/NCT01870024,NCBI LiverTox anticonvulsants table; FDA/DailyMed labeling,NCBI LiverTox fosphenytoin/phenytoin records; FDA/accessdata CEREBYX prescribing information; eMC Pro-Epanutin SmPC; PubMed and ClinicalTrials.gov records for RCT/trial fields
fosphenytoin,proposed_row_update,medium,fda_black_box_warning_source,proposed,False,DailyMed is not allowed for boxed-warning verification.,https://api.fda.gov/drug/label.json?search=openfda.spl_set_id%3A%22d4c36fad-0ba2-4cd4-9c5e-dcf843f38a5a%22&limit=5; https://www.accessdata.fda.gov/drugsatfda_docs/label/2019/020450s039lbl.pdf,"FDA/DailyMed SPL; status=boxed_warning_found; setid=d4c36fad-0ba2-4cd4-9c5e-dcf843f38a5a; published=Aug 29, 2025; title=CEREBYX (FOSPHENYTOIN SODIUM) INJECTION, SOLUTION [PFIZER LABORATORIES DIV PFIZER INC]; url=https://dailymed.nlm.nih.gov/dailymed/drugInfo.cfm?setid=d4c36fad-0ba2-4cd4-9c5e-dcf843f38a5a",FDA/openFDA drug label API; status=boxed_warning_found; spl_set_id=d4c36fad-0ba2-4cd4-9c5e-dcf843f38a5a; effective_time=20250828; title=CEREBYX / FOSPHENYTOIN SODIUM; api_url=https://api.fda.gov/drug/label.json?search=openfda.spl_set_id%3A%22d4c36fad-0ba2-4cd4-9c5e-dcf843f38a5a%22&limit=5
fosphenytoin,proposed_row_update,critical,half_life_range,proposed,True,Align PK range with FDA CEREBYX label.,https://www.accessdata.fda.gov/drugsatfda_docs/label/2019/020450s039lbl.pdf,Conversion ~15 min; phenytoin ~7-42 h,Conversion ~15 min; derived phenytoin mean total half-life 12.0-28.9 h after CEREBYX at studied doses
fosphenytoin,proposed_row_update,medium,major_organ_for_metabolism,proposed,False,FDA label supports phosphatases generally and hepatic CYP2C9/CYP2C19 metabolism of derived phenytoin.,https://www.accessdata.fda.gov/drugsatfda_docs/label/2019/020450s039lbl.pdf,Plasma phosphatases convert prodrug; phenytoin metabolized in liver,Phosphatases convert fosphenytoin to phenytoin; derived phenytoin is extensively metabolized in the liver by CYP2C9 and CYP2C19
fosphenytoin,proposed_row_update,medium,mechanism_source,proposed,False,Replace DailyMed with FDA/accessdata source wording.,https://www.accessdata.fda.gov/drugsatfda_docs/label/2019/020450s039lbl.pdf,FDA/DailyMed labeling,FDA/accessdata CEREBYX prescribing information
fosphenytoin,proposed_row_update,medium,pubmed_search_aliases,proposed,False,Add search aliases/trade names to prevent duplicate alias rows.,https://www.accessdata.fda.gov/drugsatfda_docs/label/2019/020450s039lbl.pdf; https://www.medicines.org.uk/emc/medicine/13310/SPC/pro-epanutin%20concentrate%20for%20infusion%20~%20solution%20for%20injection; https://www.accessdata.fda.gov/drugsatfda_docs/nda/2021/210864Orig1s000OtherR.pdf,,fosphenytoin sodium; Cerebyx; Pro-Epanutin; Sesquient
fosphenytoin,proposed_row_update,medium,qt_interval_effect,proposed,False,FDA label reports QT interval prolongation as infrequent and includes cardiovascular boxed warning.,https://www.accessdata.fda.gov/drugsatfda_docs/label/2019/020450s039lbl.pdf,No typical QT prolongation; IV administration can cause hypotension/arrhythmias,"QT interval prolongation has been reported infrequently; IV administration can cause hypotension and cardiac arrhythmias, especially with rapid infusion"
fosphenytoin,proposed_row_update,medium,trade_names,proposed,False,Add FDA-identified Sesquient trade alias while retaining Cerebyx and Pro-Epanutin.,https://www.accessdata.fda.gov/drugsatfda_docs/label/2019/020450s039lbl.pdf; https://www.medicines.org.uk/emc/medicine/13310/SPC/pro-epanutin%20concentrate%20for%20infusion%20~%20solution%20for%20injection; https://www.accessdata.fda.gov/drugsatfda_docs/nda/2021/210864Orig1s000OtherR.pdf,Cerebyx; Pro-Epanutin,Cerebyx; Pro-Epanutin; Sesquient
fosphenytoin,proposed_row_update,critical,pubmed_phase_ii_iii_rct_links,proposed,True,Wilder1996 was not merely a title-only drug hit; PubMed abstract describes randomized double-dummy/placebo-controlled IM fosphenytoin substitution. Add only if non-efficacy safety/substitution placebo RCTs are in this field's scope because phase is not explicit.,https://pubmed.ncbi.nlm.nih.gov/8759983/,Gwer2013|https://pubmed.ncbi.nlm.nih.gov/24135012/,Gwer2013|https://pubmed.ncbi.nlm.nih.gov/24135012/; Wilder1996|https://pubmed.ncbi.nlm.nih.gov/8759983/
fosphenytoin,proposed_row_update,medium,rct_pubmed_verification_notes,proposed,False,"Clarify RCT scope, phase uncertainty, non-extractable outcomes, and trial registry finding.",https://pubmed.ncbi.nlm.nih.gov/24135012/; https://pubmed.ncbi.nlm.nih.gov/8759983/; https://clinicaltrials.gov/study/NCT01870024,PubMed loop 23/65 on 2026-05-15: 1 qualifying placebo-controlled randomized clinical trial report(s) retained from 3 PubMed candidate(s). Links were rebuilt from fetched PubMed PMID metadata and named FirstAuthorYear. Differential effectiveness columns summarize extractable maximum effective dose/regimen values within qualifying RCT reports.,Audit 2026-05-20: Gwer2013 (PMID 24135012) is a randomized double-blind placebo-controlled fosphenytoin 20 mg PE/kg IM seizure-prevention trial in childhood acute coma; PubMed phase is not explicit and it does not report RR50/MPC/seizure-freedom efficacy endpoints. Wilder1996 (PMID 8759983) is a randomized double-dummy placebo-controlled safety/tolerability/PK substitution trial of IM fosphenytoin in epilepsy/neurosurgery; include only if non-efficacy safety/substitution RCTs are in scope. ClinicalTrials.gov NCT01870024 is a completed phase 3 randomized double-blind status-epilepticus trial with placebo infusion arms and a fosphenytoin arm but no linked PubMed results identified.
gabapentin,fact_check,high,pubmed_search_aliases,missing,False,Several PubMed abstracts use GBP as an abbreviation for gabapentin; this is useful as a search alias rather than an alternate generic name.,https://pubmed.ncbi.nlm.nih.gov/10448830/; https://pubmed.ncbi.nlm.nih.gov/1907907/,,GBP
gabapentin,fact_check,critical,trade_names,incorrect,True,"Neurontin and Gralise are gabapentin products. Horizant is gabapentin enacarbil, a prodrug, and the FDA label states it is not the same medicine as gabapentin products such as Neurontin or Gralise and should not be used in their place.",https://www.accessdata.fda.gov/drugsatfda_docs/label/2024/021129s056%2C020882s057%2C020235s076lbl.pdf; https://www.accessdata.fda.gov/drugsatfda_docs/label/2023/022544s029lbl.pdf; https://www.accessdata.fda.gov/drugsatfda_docs/label/2020/022399s010lbl.pdf,Gralise; Horizant; Neurontin,Gralise; Neurontin
gabapentin,fact_check,critical,filter_enzyme_effect,incorrect,True,The 'Inducer' value contradicts the row's own enzyme statement and FDA/NCBI sources. Gabapentin is not a hepatic enzyme inducer.,https://www.accessdata.fda.gov/drugsatfda_docs/label/2024/021129s056%2C020882s057%2C020235s076lbl.pdf; https://pubmed.ncbi.nlm.nih.gov/7693432/,Inducer; No major enzyme effect,No major enzyme effect
gabapentin,fact_check,high,mechanism_source,incorrect,False,The mechanism statement is supported by FDA labeling; DailyMed should not be named as the source under the trusted-domain policy.,https://www.accessdata.fda.gov/drugsatfda_docs/label/2024/021129s056%2C020882s057%2C020235s076lbl.pdf,FDA/DailyMed labeling,FDA-approved Neurontin prescribing information (accessdata.fda.gov)
gabapentin,fact_check,medium,qt_interval_effect,missing_source,False,"The current wording is plausible, but no direct QT-specific trusted source was identified in the cited row sources. FDA gabapentin labeling does not provide a direct QT claim.",https://www.accessdata.fda.gov/drugsatfda_docs/label/2024/021129s056%2C020882s057%2C020235s076lbl.pdf,No clinically meaningful QT effect established,No QT warning or clinically meaningful QT effect described in FDA gabapentin labeling
gabapentin,fact_check,medium,filter_qt_effect,missing_source,False,No direct QT-specific source was cited; this should be worded as a label-based absence of warning unless a direct QT study/source is added.,https://www.accessdata.fda.gov/drugsatfda_docs/label/2024/021129s056%2C020882s057%2C020235s076lbl.pdf,No known meaningful QT effect,No QT warning identified in FDA labeling
gabapentin,fact_check,high,evidence_sources,incorrect,False,Current evidence_sources includes DailyMed and non-whitelisted organizations. The proposed source list uses trusted domains and better maps to the row facts.,https://www.accessdata.fda.gov/drugsatfda_docs/label/2024/021129s056%2C020882s057%2C020235s076lbl.pdf; https://www.accessdata.fda.gov/drugsatfda_docs/label/2023/022544s029lbl.pdf; https://www.accessdata.fda.gov/drugsatfda_docs/label/2020/022399s010lbl.pdf; https://www.ncbi.nlm.nih.gov/books/NBK548252/; https://www.ncbi.nlm.nih.gov/books/NBK493228/; https://www.fda.gov/safety/medical-product-safety-information/neurontin-gralise-horizant-gabapentin-and-lyrica-lyrica-cr-pregabalin-drug-safety-communication,NCBI LiverTox anticonvulsants table; Epilepsy Society ASM list; Epilepsy Foundation Australia ASM list; FDA/DailyMed labeling,FDA-approved Neurontin labeling (accessdata.fda.gov); FDA Gralise and Horizant labels for trade-name disambiguation; NCBI Bookshelf LiverTox/StatPearls; PubMed placebo-controlled gabapentin RCT records; FDA drug safety communication
gabapentin,rct_link_check,high,pubmed_phase_ii_iii_rct_links,not_phase_ii_iii,True,"The abstract describes a review/secondary analysis of global improvement data from five double-blind clinical trials, not an independent primary phase II/III seizure-efficacy RCT report. It should not be used for RR50/MPC/SF outcomes.",https://pubmed.ncbi.nlm.nih.gov/8771597/,https://pubmed.ncbi.nlm.nih.gov/8771597/,flag for user review before retaining as a phase II/III RCT link
gabapentin,outcome_check,critical,diff_seizure_freedom_maximum_effective_dose,incorrect,True,"Appleton1999 reports three gabapentin patients and one placebo patient were seizure-free during double-blind treatment. FDA Neurontin pediatric trial tables provide the gabapentin/placebo denominators of 119 and 128, allowing an approximate patient-rate differential of 1.7 percentage points.",https://pubmed.ncbi.nlm.nih.gov/10448830/; https://www.accessdata.fda.gov/drugsatfda_docs/label/2024/021129s056%2C020882s057%2C020235s076lbl.pdf,NR/not extractable as a drug-minus-placebo seizure-freedom patient-rate differential at the maximum effective dose/regimen from included phase II/III placebo-controlled RCT records,"1.7 % (drug minus placebo seizure-freedom patient-rate differential: Appleton1999 gabapentin 23-35 mg/kg/day, 3/119 [2.5%] vs placebo 1/128 [0.8%])"
gabapentin,outcome_check,critical,plot_diff_seizure_freedom_maximum_effective_dose,incorrect,True,This plot entry follows from the Appleton1999 seizure-free counts and FDA label denominators. User approval is appropriate because it changes an NR field to an extracted value.,https://pubmed.ncbi.nlm.nih.gov/10448830/; https://www.accessdata.fda.gov/drugsatfda_docs/label/2024/021129s056%2C020882s057%2C020235s076lbl.pdf,,Appleton1999|1.7|https://pubmed.ncbi.nlm.nih.gov/10448830/|247
gabapentin,black_box_warning,high,fda_black_box_warning,incorrect,False,"The no-boxed-warning conclusion is supported by the FDA-approved Neurontin label, but the current row uses DailyMed and a Horizant (gabapentin enacarbil) label. DailyMed is not permissible for this field, and Horizant is not the same product as gabapentin.",https://www.accessdata.fda.gov/drugsatfda_docs/label/2024/021129s056%2C020882s057%2C020235s076lbl.pdf,No FDA boxed warning identified in selected current DailyMed label.,No FDA boxed warning identified in current FDA-approved Neurontin (gabapentin) prescribing information.
gabapentin,proposed_row_update,medium,fda_black_box_warning_source,proposed,False,FDA-only boxed warning policy and correct gabapentin product source.,https://www.accessdata.fda.gov/drugsatfda_docs/label/2024/021129s056%2C020882s057%2C020235s076lbl.pdf,"FDA/DailyMed SPL; status=no_boxed_warning_in_selected_label; setid=4c486fc7-c8c4-4c6c-b30c-366dabaeaadd; published=May 07, 2025; title=HORIZANT (GABAPENTIN ENACARBIL) TABLET, EXTENDED RELEASE [AZURITY PHARMACEUTICALS, INC. (FORMERLY ARBOR PHARMACEUTICALS)]; url=https://dailymed.nlm.nih.gov/dailymed/drugInfo.cfm?setid=4c486fc7-c8c4-4c6c-b30c-366dabaeaadd",FDA-approved Neurontin prescribing information; status=no_boxed_warning_identified_in_fda_label; revised=07/2024; title=NEURONTIN (gabapentin) capsules/tablets/oral solution; url=https://www.accessdata.fda.gov/drugsatfda_docs/label/2024/021129s056%2C020882s057%2C020235s076lbl.pdf
gabapentin,proposed_row_update,medium,mechanism_source,proposed,False,Mechanism text is supported by FDA label; DailyMed is not a trusted-domain citation in this audit.,https://www.accessdata.fda.gov/drugsatfda_docs/label/2024/021129s056%2C020882s057%2C020235s076lbl.pdf,FDA/DailyMed labeling,FDA-approved Neurontin prescribing information (accessdata.fda.gov)
gabapentin,proposed_row_update,medium,evidence_sources,proposed,False,Replaces non-trusted or nonspecific source names with sources that support the populated cells.,https://www.accessdata.fda.gov/drugsatfda_docs/label/2024/021129s056%2C020882s057%2C020235s076lbl.pdf; https://www.accessdata.fda.gov/drugsatfda_docs/label/2023/022544s029lbl.pdf; https://www.accessdata.fda.gov/drugsatfda_docs/label/2020/022399s010lbl.pdf; https://www.ncbi.nlm.nih.gov/books/NBK548252/; https://www.ncbi.nlm.nih.gov/books/NBK493228/; https://www.fda.gov/safety/medical-product-safety-information/neurontin-gralise-horizant-gabapentin-and-lyrica-lyrica-cr-pregabalin-drug-safety-communication,NCBI LiverTox anticonvulsants table; Epilepsy Society ASM list; Epilepsy Foundation Australia ASM list; FDA/DailyMed labeling,FDA-approved Neurontin labeling (accessdata.fda.gov); FDA Gralise and Horizant labels for trade-name disambiguation; NCBI Bookshelf LiverTox/StatPearls; PubMed placebo-controlled gabapentin RCT records; FDA drug safety communication
gabapentin,proposed_row_update,critical,trade_names,proposed,True,"Horizant is gabapentin enacarbil, not gabapentin, and FDA labeling states it is not the same medicine as Neurontin/Gralise and should not be used in their place.",https://www.accessdata.fda.gov/drugsatfda_docs/label/2020/022399s010lbl.pdf; https://www.accessdata.fda.gov/drugsatfda_docs/label/2024/021129s056%2C020882s057%2C020235s076lbl.pdf; https://www.accessdata.fda.gov/drugsatfda_docs/label/2023/022544s029lbl.pdf,Gralise; Horizant; Neurontin,Gralise; Neurontin
gabapentin,proposed_row_update,medium,pubmed_search_aliases,proposed,False,GBP is used as an abbreviation for gabapentin in PubMed RCT abstracts and should be captured as a search alias.,https://pubmed.ncbi.nlm.nih.gov/10448830/; https://pubmed.ncbi.nlm.nih.gov/1907907/,,GBP
gabapentin,proposed_row_update,medium,fda_black_box_warning,proposed,False,FDA-source-only policy for boxed warnings; current text cites DailyMed and a Horizant label.,https://www.accessdata.fda.gov/drugsatfda_docs/label/2024/021129s056%2C020882s057%2C020235s076lbl.pdf,No FDA boxed warning identified in selected current DailyMed label.,No FDA boxed warning identified in current FDA-approved Neurontin (gabapentin) prescribing information.
gabapentin,proposed_row_update,medium,fda_black_box_warning_source,proposed,False,Replaces nonpermissible DailyMed/Horizant source with FDA accessdata gabapentin labeling.,https://www.accessdata.fda.gov/drugsatfda_docs/label/2024/021129s056%2C020882s057%2C020235s076lbl.pdf,"FDA/DailyMed SPL; status=no_boxed_warning_in_selected_label; setid=4c486fc7-c8c4-4c6c-b30c-366dabaeaadd; published=May 07, 2025; title=HORIZANT (GABAPENTIN ENACARBIL) TABLET, EXTENDED RELEASE [AZURITY PHARMACEUTICALS, INC. (FORMERLY ARBOR PHARMACEUTICALS)]; url=https://dailymed.nlm.nih.gov/dailymed/drugInfo.cfm?setid=4c486fc7-c8c4-4c6c-b30c-366dabaeaadd",FDA-approved Neurontin prescribing information; status=no_boxed_warning_identified_in_fda_label; revised=07/2024; title=NEURONTIN (gabapentin) capsules/tablets/oral solution; url=https://www.accessdata.fda.gov/drugsatfda_docs/label/2024/021129s056%2C020882s057%2C020235s076lbl.pdf
gabapentin,proposed_row_update,medium,fda_black_box_warning_verified,proposed,False,Audit verification was performed against FDA labeling on the current audit date.,https://www.accessdata.fda.gov/drugsatfda_docs/label/2024/021129s056%2C020882s057%2C020235s076lbl.pdf,05-20-2026,05-21-2026
gabapentin,proposed_row_update,critical,filter_enzyme_effect,proposed,True,Gabapentin is not a hepatic enzyme inducer; current filter contains a direct contradiction.,https://www.accessdata.fda.gov/drugsatfda_docs/label/2024/021129s056%2C020882s057%2C020235s076lbl.pdf; https://pubmed.ncbi.nlm.nih.gov/7693432/,Inducer; No major enzyme effect,No major enzyme effect
gabapentin,proposed_row_update,critical,diff_seizure_freedom_maximum_effective_dose,proposed,True,"Appleton1999 reports seizure-free counts, and FDA label denominators allow rate calculation.",https://pubmed.ncbi.nlm.nih.gov/10448830/; https://www.accessdata.fda.gov/drugsatfda_docs/label/2024/021129s056%2C020882s057%2C020235s076lbl.pdf,NR/not extractable as a drug-minus-placebo seizure-freedom patient-rate differential at the maximum effective dose/regimen from included phase II/III placebo-controlled RCT records,"1.7 % (drug minus placebo seizure-freedom patient-rate differential: Appleton1999 gabapentin 23-35 mg/kg/day, 3/119 [2.5%] vs placebo 1/128 [0.8%])"
gabapentin,proposed_row_update,critical,plot_diff_seizure_freedom_maximum_effective_dose,proposed,True,Adds the extractable Appleton1999 seizure-freedom differential.,https://pubmed.ncbi.nlm.nih.gov/10448830/; https://www.accessdata.fda.gov/drugsatfda_docs/label/2024/021129s056%2C020882s057%2C020235s076lbl.pdf,,Appleton1999|1.7|https://pubmed.ncbi.nlm.nih.gov/10448830/|247
gabapentin,proposed_row_update,medium,mechanism_source,proposed,False,The mechanism is supported by FDA labeling; the row should cite the FDA label rather than DailyMed.,https://www.accessdata.fda.gov/drugsatfda_docs/label/2024/021129s056%2C020882s057%2C020235s076lbl.pdf,FDA/DailyMed labeling,FDA-approved Neurontin prescribing information (accessdata.fda.gov)
gabapentin,proposed_row_update,medium,evidence_sources,proposed,False,Uses trusted-domain sources that actually support the populated cells and removes DailyMed/non-whitelisted source names.,https://www.accessdata.fda.gov/drugsatfda_docs/label/2024/021129s056%2C020882s057%2C020235s076lbl.pdf; https://www.accessdata.fda.gov/drugsatfda_docs/label/2023/022544s029lbl.pdf; https://www.accessdata.fda.gov/drugsatfda_docs/label/2020/022399s010lbl.pdf; https://www.ncbi.nlm.nih.gov/books/NBK548252/; https://www.ncbi.nlm.nih.gov/books/NBK493228/; https://www.fda.gov/safety/medical-product-safety-information/neurontin-gralise-horizant-gabapentin-and-lyrica-lyrica-cr-pregabalin-drug-safety-communication,NCBI LiverTox anticonvulsants table; Epilepsy Society ASM list; Epilepsy Foundation Australia ASM list; FDA/DailyMed labeling,FDA-approved Neurontin labeling (accessdata.fda.gov); FDA Gralise and Horizant labels for trade-name disambiguation; NCBI Bookshelf LiverTox/StatPearls; PubMed placebo-controlled gabapentin RCT records; FDA drug safety communication
gabapentin,proposed_row_update,critical,status_or_notes,proposed,True,Clarifies the Horizant/gabapentin-enacarbil distinction while preserving the clinically relevant notes.,https://www.accessdata.fda.gov/drugsatfda_docs/label/2024/021129s056%2C020882s057%2C020235s076lbl.pdf; https://www.accessdata.fda.gov/drugsatfda_docs/label/2020/022399s010lbl.pdf,"Current ASM for focal/partial seizures; also used for postherpetic neuralgia, neuropathic pain, restless legs syndrome, and other off-label uses.",Current ASM for adjunctive treatment of focal/partial-onset seizures; also indicated for postherpetic neuralgia. Gabapentin enacarbil (Horizant) is a distinct prodrug indicated for RLS/PHN and should not be treated as an interchangeable gabapentin trade name.
ganaxolone,fact_check,high,pubmed_search_aliases,incorrect,False,"CCD 1042 is verified in PubMed; FDA pharmacology review/search metadata also uses GNX. Current value is not wrong, but it is missing common spacing/hyphenation and GNX aliases useful for PubMed searches.",https://pubmed.ncbi.nlm.nih.gov/9067315/; https://www.accessdata.fda.gov/drugsatfda_docs/nda/2022/215904Orig1s000PharmR.pdf,CCD1042,CCD 1042; CCD-1042; CCD1042; GNX
ganaxolone,fact_check,medium,mechanism_source,missing_source,False,"The mechanism is supported by FDA labeling, but the named source should not include DailyMed under the trusted-source policy for this audit.",https://www.accessdata.fda.gov/drugsatfda_docs/label/2025/215904s011s013lbl.pdf,FDA/DailyMed labeling,FDA prescribing information (Drugs@FDA/accessdata)
ganaxolone,fact_check,high,evidence_sources,incorrect,False,"DailyMed is not in the requested trusted-source list, and the outcome/RCT fields are supported by PubMed and ClinicalTrials.gov rather than FDA label alone.",https://www.fda.gov/drugs/drug-trials-snapshots/drug-trials-snapshots-ztalmy; https://www.accessdata.fda.gov/drugsatfda_docs/label/2025/215904s011s013lbl.pdf; https://pubmed.ncbi.nlm.nih.gov/35429480/; https://pubmed.ncbi.nlm.nih.gov/36870093/; https://pubmed.ncbi.nlm.nih.gov/28230252/; https://clinicaltrials.gov/study/NCT03572933,FDA Ztalmy approval/snapshot pages; FDA/DailyMed labeling,FDA Ztalmy approval/snapshot pages; FDA prescribing information (Drugs@FDA/accessdata); PubMed RCT abstracts/metadata; ClinicalTrials.gov records for trial design where needed
ganaxolone,outcome_check,critical,diff_median_pct_change_maximum_effective_dose,incorrect,True,"Sullivan and Knight support median/Hodges-Lehmann values. Sperling supports a 19.6 percentage-point difference, but it is a mean percent change, not a median percent change.",https://pubmed.ncbi.nlm.nih.gov/36870093/; https://pubmed.ncbi.nlm.nih.gov/35429480/; https://pubmed.ncbi.nlm.nih.gov/28230252/,19.6-37.5 % (drug minus placebo MPC differential at maximum effective dose/regimen: Sullivan2023 ganaxolone up to 63 mg/kg/day or 1800 mg/day 37.5%; Knight2022 ganaxolone up to 63 mg/kg/day or 1800 mg/day 27.1%; Sperling2017 ganaxolone 1500 mg/day 19.6%),"19.6-37.5 % (drug-minus-placebo seizure-frequency percent-change differential at maximum effective dose/regimen: Sullivan2023 ganaxolone up to 63 mg/kg/day or 1800 mg/day median reduction 61.5% vs 24.0%, differential 37.5%; Knight2022 ganaxolone up to 63 mg/kg/day or 1800 mg/day Hodges-Lehmann median difference 27.1%; Sperling2017 ganaxolone 1500 mg/day reported mean percent change, not median: -17.6% vs 2.0%, differential 19.6%)"
ganaxolone,outcome_check,critical,plot_diff_median_pct_change_maximum_effective_dose,incorrect,True,"The plotted median-percent-change field should not include Sperling2017 unless the plot can explicitly label that value as mean percent change rather than median. Removing or relocating that value changes existing CSV data, so approval is required.",https://pubmed.ncbi.nlm.nih.gov/36870093/; https://pubmed.ncbi.nlm.nih.gov/35429480/; https://pubmed.ncbi.nlm.nih.gov/28230252/,Sullivan2023|37.5|https://pubmed.ncbi.nlm.nih.gov/36870093/|21; Knight2022|27.1|https://pubmed.ncbi.nlm.nih.gov/35429480/|100; Sperling2017|19.6|https://pubmed.ncbi.nlm.nih.gov/28230252/|147,Sullivan2023|37.5|https://pubmed.ncbi.nlm.nih.gov/36870093/|21; Knight2022|27.1|https://pubmed.ncbi.nlm.nih.gov/35429480/|100
ganaxolone,outcome_check,info,plot_diff_seizure_freedom_maximum_effective_dose,not_applicable,False,No plot value is expected because seizure-freedom differential is not extractable from the cited RCT records.,https://pubmed.ncbi.nlm.nih.gov/36870093/; https://pubmed.ncbi.nlm.nih.gov/35429480/; https://pubmed.ncbi.nlm.nih.gov/28230252/; https://pubmed.ncbi.nlm.nih.gov/38959712/,,
ganaxolone,black_box_warning,high,fda_black_box_warning,incorrect,False,"The current FDA label has warnings/precautions but no boxed-warning section. The row's conclusion is supported, but DailyMed is not permissible for this field.",https://www.accessdata.fda.gov/drugsatfda_docs/label/2025/215904s011s013lbl.pdf,No FDA boxed warning identified in selected current DailyMed label.,No FDA boxed warning identified in current FDA prescribing information.
ganaxolone,proposed_row_update,medium,evidence_sources,proposed,False,Replace DailyMed with FDA label source and name PubMed/ClinicalTrials.gov support for RCT and outcome fields.,https://www.fda.gov/drugs/drug-trials-snapshots/drug-trials-snapshots-ztalmy; https://www.accessdata.fda.gov/drugsatfda_docs/label/2025/215904s011s013lbl.pdf; https://pubmed.ncbi.nlm.nih.gov/35429480/; https://pubmed.ncbi.nlm.nih.gov/36870093/; https://pubmed.ncbi.nlm.nih.gov/28230252/; https://clinicaltrials.gov/study/NCT03572933,FDA Ztalmy approval/snapshot pages; FDA/DailyMed labeling,FDA Ztalmy approval/snapshot pages; FDA prescribing information (Drugs@FDA/accessdata); PubMed RCT abstracts/metadata; ClinicalTrials.gov records for trial design where needed
ganaxolone,proposed_row_update,medium,mechanism_source,proposed,False,Mechanism wording is supported by FDA label; DailyMed is not needed and is outside the requested trusted-source list.,https://www.accessdata.fda.gov/drugsatfda_docs/label/2025/215904s011s013lbl.pdf,FDA/DailyMed labeling,FDA prescribing information (Drugs@FDA/accessdata)
ganaxolone,proposed_row_update,medium,fda_black_box_warning_source,proposed,False,"Black-box warning verification must use FDA/openFDA/FDA label/Drugs@FDA sources, not DailyMed.",https://www.accessdata.fda.gov/drugsatfda_docs/label/2025/215904s011s013lbl.pdf,"FDA/DailyMed SPL; status=no_boxed_warning_in_selected_label; setid=d91612c4-b03a-4be4-a1ee-6a13e3b83d4e; published=Dec 01, 2025; title=ZTALMY (GANAXOLONE) SUSPENSION [IMMEDICA PHARMA US INC]; url=https://dailymed.nlm.nih.gov/dailymed/drugInfo.cfm?setid=d91612c4-b03a-4be4-a1ee-6a13e3b83d4e",FDA prescribing information (Drugs@FDA/accessdata); status=no_boxed_warning_identified_in_current_fda_label; NDA=215904; revised=10/2025; title=ZTALMY (ganaxolone) oral suspension; url=https://www.accessdata.fda.gov/drugsatfda_docs/label/2025/215904s011s013lbl.pdf
ganaxolone,proposed_row_update,medium,fda_black_box_warning,proposed,False,DailyMed is not permissible for black-box verification; the FDA accessdata label supports no boxed warning.,https://www.accessdata.fda.gov/drugsatfda_docs/label/2025/215904s011s013lbl.pdf,No FDA boxed warning identified in selected current DailyMed label.,No FDA boxed warning identified in current FDA prescribing information.
ganaxolone,proposed_row_update,medium,pubmed_search_aliases,proposed,False,Adds verified development-code and abbreviation variants useful for PubMed searching.,https://pubmed.ncbi.nlm.nih.gov/9067315/; https://www.accessdata.fda.gov/drugsatfda_docs/nda/2022/215904Orig1s000PharmR.pdf,CCD1042,CCD 1042; CCD-1042; CCD1042; GNX
ganaxolone,proposed_row_update,critical,diff_median_pct_change_maximum_effective_dose,proposed,True,"Sperling2017 reports mean percent change, not median percent change; annotate before relying on it in a median field.",https://pubmed.ncbi.nlm.nih.gov/36870093/; https://pubmed.ncbi.nlm.nih.gov/35429480/; https://pubmed.ncbi.nlm.nih.gov/28230252/,19.6-37.5 % (drug minus placebo MPC differential at maximum effective dose/regimen: Sullivan2023 ganaxolone up to 63 mg/kg/day or 1800 mg/day 37.5%; Knight2022 ganaxolone up to 63 mg/kg/day or 1800 mg/day 27.1%; Sperling2017 ganaxolone 1500 mg/day 19.6%),"19.6-37.5 % (drug-minus-placebo seizure-frequency percent-change differential at maximum effective dose/regimen: Sullivan2023 ganaxolone up to 63 mg/kg/day or 1800 mg/day median reduction 61.5% vs 24.0%, differential 37.5%; Knight2022 ganaxolone up to 63 mg/kg/day or 1800 mg/day Hodges-Lehmann median difference 27.1%; Sperling2017 ganaxolone 1500 mg/day reported mean percent change, not median: -17.6% vs 2.0%, differential 19.6%)"
ganaxolone,proposed_row_update,critical,plot_diff_median_pct_change_maximum_effective_dose,proposed,True,Sperling2017 value is mean percent change and should not be plotted as median percent change unless the plot parser supports an explicit mean label.,https://pubmed.ncbi.nlm.nih.gov/36870093/; https://pubmed.ncbi.nlm.nih.gov/35429480/; https://pubmed.ncbi.nlm.nih.gov/28230252/,Sullivan2023|37.5|https://pubmed.ncbi.nlm.nih.gov/36870093/|21; Knight2022|27.1|https://pubmed.ncbi.nlm.nih.gov/35429480/|100; Sperling2017|19.6|https://pubmed.ncbi.nlm.nih.gov/28230252/|147,Sullivan2023|37.5|https://pubmed.ncbi.nlm.nih.gov/36870093/|21; Knight2022|27.1|https://pubmed.ncbi.nlm.nih.gov/35429480/|100
ganaxolone,proposed_row_update,medium,enzyme_inducing_or_inhibiting,proposed,False,Current FDA label contains UGT interaction and broader metabolism language not captured in the row.,https://www.accessdata.fda.gov/drugsatfda_docs/label/2025/215904s011s013lbl.pdf,CYP3A4 substrate; not a major inducer/inhibitor,Metabolized by CYP3A4/5 and other CYP/UGT enzymes; UGT inhibitors may increase exposure and strong/moderate CYP3A4 inducers decrease exposure; not a clinically relevant CYP inhibitor or inducer
lacosamide,fact_check,high,names_and_aliases,missing,False,"Lacosamide and the US trade names Vimpat and Motpoly XR are verified. LACOSAMIDE should not be added as a trade name because it is the generic name. PubMed/NCBI literature identifies SPM 927, harkoseride, and ADD 234037 as prior/development aliases; SPM 927 is present but harkoseride and ADD 234037 are missing.",https://www.accessdata.fda.gov/drugsatfda_docs/label/2024/216185s001lbl.pdf; https://pubmed.ncbi.nlm.nih.gov/?term=17461888,generic_name=lacosamide; trade_names=Motpoly XR; Vimpat; alternate_generic_names=; pubmed_search_aliases=SPM 927,generic_name=lacosamide; trade_names=Motpoly XR; Vimpat; alternate_generic_names=; pubmed_search_aliases=SPM 927; harkoseride; ADD 234037
lacosamide,fact_check,critical,formulations_available/filter_formulation,incorrect,True,"FDA labeling supports tablets, oral solution, IV injection, and extended-release capsules. The detailed formulation is IV only; IM injection is not supported by the FDA label.",https://www.accessdata.fda.gov/drugsatfda_docs/label/2024/216185s001lbl.pdf; https://api.fda.gov/drug/label.json?search=openfda.brand_name%3A%22VIMPAT%22&limit=10,formulations_available=Tablet; oral solution; IV injection; extended-release capsule; filter_formulation=Capsule; IV/IM injection; Liquid; Long acting; Tablet,formulations_available=Tablet; oral solution; IV injection; extended-release capsule; filter_formulation=Capsule; IV injection; Liquid; Long acting; Tablet
lacosamide,fact_check,high,adverse_symptoms_percentages,incorrect,False,"The CNS/GI/ophthalmologic percentages are supported across FDA-labeled adult partial-onset and PGTC trial data. The cardiac percentage is specifically asymptomatic first-degree AV block 0.4%; PR interval prolongation is a pharmacodynamic effect, not an adverse-event percentage of <1%.",https://www.accessdata.fda.gov/drugsatfda_docs/label/2024/216185s001lbl.pdf,"adverse_symptoms_percentages=CNS: dizziness 23-25%, CNS: somnolence 17%, CNS: headache 14%, GI: nausea 10%, ophthalmologic: diplopia 10%, cardiac: PR prolongation <1%","CNS: dizziness 23-25%, CNS: somnolence 17%, CNS: headache 14%, GI: nausea 10%, ophthalmologic: diplopia 10%, cardiac: first-degree AV block 0.4%; dose-dependent PR interval prolongation"
lacosamide,fact_check,critical,qt_interval_effect/filter_qt_effect,incorrect,True,FDA labeling states lacosamide did not prolong QTc and produced a small dose-related PR interval increase. The filter value QT prolongation directly contradicts the label.,https://www.accessdata.fda.gov/drugsatfda_docs/label/2024/216185s001lbl.pdf,qt_interval_effect=No QT prolongation; can prolong PR interval; filter_qt_effect=PR interval effect; QT prolongation,qt_interval_effect=No QT prolongation; can prolong PR interval; filter_qt_effect=PR interval effect
lacosamide,fact_check,critical,enzyme_inducing_or_inhibiting/filter_enzyme_effect,incorrect,True,FDA labeling and NCBI sources support no clinically meaningful induction/inhibition. The filter value Inducer; Inhibitor directly contradicts the row fact and source evidence.,https://www.accessdata.fda.gov/drugsatfda_docs/label/2024/216185s001lbl.pdf; https://www.ncbi.nlm.nih.gov/books/NBK547940/; https://www.ncbi.nlm.nih.gov/books/NBK493589/,enzyme_inducing_or_inhibiting=Not a clinically meaningful enzyme inducer/inhibitor; filter_enzyme_effect=Inducer; Inhibitor,enzyme_inducing_or_inhibiting=Not a clinically meaningful enzyme inducer/inhibitor; filter_enzyme_effect=None
lacosamide,fact_check,critical,metabolism_half_life,incorrect,True,"FDA labeling verifies renal excretion plus biotransformation, CYP3A4/CYP2C9/CYP2C19 involvement, and half-life about 13 hours. The phrase Renal/no major metabolism is misleading because lacosamide undergoes hepatic biotransformation.",https://www.accessdata.fda.gov/drugsatfda_docs/label/2024/216185s001lbl.pdf; https://www.ncbi.nlm.nih.gov/books/NBK547940/,major_organ_for_metabolism=Liver and renal excretion; half_life_range=13 h; filter_metabolism=Liver/hepatic; Renal/no major metabolism,major_organ_for_metabolism=Liver metabolism and renal excretion; half_life_range=13 h; filter_metabolism=Liver/hepatic; Renal excretion
lacosamide,fact_check,high,evidence_sources,incorrect,False,"The current evidence_sources field names DailyMed and non-trusted epilepsy-list sources. Retained facts can be supported by FDA/openFDA/accessdata, NCBI, PubMed, and ClinicalTrials.gov sources instead.",https://www.accessdata.fda.gov/drugsatfda_docs/label/2024/216185s001lbl.pdf; https://api.fda.gov/drug/label.json?search=openfda.generic_name%3A%22LACOSAMIDE%22&limit=10; https://www.ncbi.nlm.nih.gov/books/NBK547940/; https://www.ncbi.nlm.nih.gov/books/NBK493589/,evidence_sources=NCBI LiverTox anticonvulsants table; Epilepsy Society ASM list; Epilepsy Foundation Australia ASM list; FDA/DailyMed labeling,FDA/accessdata FDA labeling; FDA/openFDA drug label API; NCBI LiverTox; NCBI Medical Genetics Summaries; PubMed RCT abstracts; ClinicalTrials.gov trial records
lacosamide,rct_link_check,high,pubmed_phase_ii_iii_rct_links,not_phase_ii_iii,True,"PubMed identifies this as Clinical Trial, Phase IV. The endpoint was daytime sleepiness/noninferiority, not a phase II/III placebo-controlled seizure-efficacy RCT.",https://pubmed.ncbi.nlm.nih.gov/28866338/,https://pubmed.ncbi.nlm.nih.gov/28866338/,Remove from pubmed_phase_ii_iii_rct_links with user approval; optionally retain only as a sleep/cognition tolerability reference elsewhere.
lacosamide,rct_link_check,high,pubmed_phase_ii_iii_rct_links,not_phase_ii_iii,True,"This is a pooled cardiac safety analysis of clinical-trial data, not a primary phase II/III placebo-controlled seizure-efficacy RCT report.",https://pubmed.ncbi.nlm.nih.gov/25933358/,https://pubmed.ncbi.nlm.nih.gov/25933358/,Remove from pubmed_phase_ii_iii_rct_links with user approval; retain as cardiac-safety support if a separate safety-source field exists.
lacosamide,outcome_check,critical,diff_median_pct_change_maximum_effective_dose / plot_diff_median_pct_change_maximum_effective_dose,incorrect,True,"Farkas, Chung, Halasz, and Ben-Menachem values are true active-minus-placebo median percent-change differentials. Makedonska2024 reports a placebo-adjusted percentage reduction in electrographic focal-seizure ADF, not an arm-specific median percent-change value, so it should not be in a median-percent-change field.",https://pubmed.ncbi.nlm.nih.gov/38375995/; https://pubmed.ncbi.nlm.nih.gov/31462582/; https://pubmed.ncbi.nlm.nih.gov/20132285/; https://pubmed.ncbi.nlm.nih.gov/19183227/; https://pubmed.ncbi.nlm.nih.gov/17635557/,3.2-30 % (Makedonska2024 3.2%; Farkas2019 30%; Chung2010 16.5%; Halasz2009 15.9%; BenMenachem2007 29%),15.9-30 % (drug minus placebo median percent-change differential at maximum effective dose/regimen: Farkas2019 lacosamide target weight-based pediatric regimen 30%; Chung2010 lacosamide 400 mg/day 16.5%; Halasz2009 lacosamide 400 mg/day 15.9%; BenMenachem2007 lacosamide 400 mg/day 29%)
lacosamide,black_box_warning,high,fda_black_box_warning,incorrect,False,"The no-boxed-warning conclusion is plausible, but the current row relies on DailyMed, which is not permissible for this field. FDA/openFDA or Drugs@FDA/FDA label sources should be used instead.",https://api.fda.gov/drug/label.json?search=openfda.brand_name%3A%22VIMPAT%22&limit=10; https://api.fda.gov/drug/label.json?search=openfda.brand_name%3A%22MOTPOLY%20XR%22&limit=10; https://www.accessdata.fda.gov/drugsatfda_docs/label/2024/216185s001lbl.pdf,No FDA boxed warning identified in selected current DailyMed label.,No FDA boxed warning identified in selected current FDA/openFDA labels for lacosamide (Vimpat/Motpoly XR).
lacosamide,proposed_row_update,medium,mechanism_source,proposed,False,Mechanism is supported by FDA labeling; DailyMed wording should be avoided in source fields when trusted FDA/accessdata/openFDA sources are available.,https://www.accessdata.fda.gov/drugsatfda_docs/label/2024/216185s001lbl.pdf,FDA/DailyMed labeling,FDA labeling
lacosamide,proposed_row_update,medium,fda_black_box_warning_source,proposed,False,"Black-box warning verification must use FDA/openFDA/Drugs@FDA/accessdata, not DailyMed.",https://api.fda.gov/drug/label.json?search=openfda.brand_name%3A%22VIMPAT%22&limit=10; https://api.fda.gov/drug/label.json?search=openfda.brand_name%3A%22MOTPOLY%20XR%22&limit=10,FDA/DailyMed SPL; status=no_boxed_warning_in_selected_label...,FDA/openFDA drug label API; status=no_boxed_warning_identified_in_selected_current_fda_labeling; api_urls=https://api.fda.gov/drug/label.json?search=openfda.brand_name%3A%22VIMPAT%22&limit=10 and https://api.fda.gov/drug/label.json?search=openfda.brand_name%3A%22MOTPOLY%20XR%22&limit=10
lacosamide,proposed_row_update,critical,rct_pubmed_verification_notes,proposed,True,Updates automated notes after manual concordance review.,https://pubmed.ncbi.nlm.nih.gov/28866338/; https://pubmed.ncbi.nlm.nih.gov/25933358/; https://pubmed.ncbi.nlm.nih.gov/26414341/,PubMed loop 26/65 on 2026-05-15: 9 qualifying placebo-controlled randomized clinical trial report(s) retained from 26 PubMed candidate(s). Links were rebuilt from fetched PubMed PMID metadata and named FirstAuthorYear. Differential effectiveness columns summarize extractable maximum effective dose/regimen values within qualifying RCT reports.,"Manual audit on 2026-05-20: retained Makedonska2024, Vossler2020, Farkas2019, Hong2016, Chung2010, Halasz2009, and BenMenachem2007 as qualifying lacosamide placebo-controlled phase II/III seizure-efficacy RCT reports. FoldvarySchaefer2017 is Phase IV sleepiness/cognition and Rudd2015 is pooled cardiac safety, so both require user approval before removal from the phase II/III RCT link field. Do not add Biton2015 as a missing RCT because it is a pooled safety/tolerability analysis of already represented trials, not an independent primary efficacy RCT."
lacosamide,proposed_row_update,medium,fda_black_box_warning_source,proposed,False,DailyMed is not permissible for boxed-warning verification.,https://api.fda.gov/drug/label.json?search=openfda.brand_name%3A%22VIMPAT%22&limit=10; https://api.fda.gov/drug/label.json?search=openfda.brand_name%3A%22MOTPOLY%20XR%22&limit=10; https://www.accessdata.fda.gov/drugsatfda_docs/label/2024/216185s001lbl.pdf,"FDA/DailyMed SPL; status=no_boxed_warning_in_selected_label; setid=9e79b42c-38a3-4b2c-a196-a5a1948250e2; published=May 13, 2026; title=VIMPAT (LACOSAMIDE) TABLET, FILM COATED VIMPAT (LACOSAMIDE) INJECTION VIMPAT (LACOSAMIDE) SOLUTION [UCB, INC.]; url=https://dailymed.nlm.nih.gov/dailymed/drugInfo.cfm?setid=9e79b42c-38a3-4b2c-a196-a5a1948250e2",FDA/openFDA drug label API; status=no_boxed_warning_identified_in_selected_current_fda_labeling; api_urls=https://api.fda.gov/drug/label.json?search=openfda.brand_name%3A%22VIMPAT%22&limit=10 and https://api.fda.gov/drug/label.json?search=openfda.brand_name%3A%22MOTPOLY%20XR%22&limit=10; FDA label reference=https://www.accessdata.fda.gov/drugsatfda_docs/label/2024/216185s001lbl.pdf
lacosamide,proposed_row_update,medium,pubmed_search_aliases,proposed,False,NCBI/PubMed review identifies harkoseride and ADD 234037 as prior names/aliases for lacosamide; aliases should not become separate drug rows.,https://pubmed.ncbi.nlm.nih.gov/?term=17461888,SPM 927,SPM 927; harkoseride; ADD 234037
lacosamide,proposed_row_update,critical,pubmed_phase_ii_iii_rct_links,proposed,True,"FoldvarySchaefer2017 is Phase IV sleepiness/cognition, not phase II/III seizure-efficacy RCT. Rudd2015 is a pooled cardiac safety analysis, not a primary phase II/III placebo-controlled seizure-efficacy RCT report.",https://pubmed.ncbi.nlm.nih.gov/28866338/; https://pubmed.ncbi.nlm.nih.gov/25933358/,FoldvarySchaefer2017 and Rudd2015 included in pubmed_phase_ii_iii_rct_links,Makedonska2024|https://pubmed.ncbi.nlm.nih.gov/38375995/; Vossler2020|https://pubmed.ncbi.nlm.nih.gov/32817358/; Farkas2019|https://pubmed.ncbi.nlm.nih.gov/31462582/; Hong2016|https://pubmed.ncbi.nlm.nih.gov/27669155/; Chung2010|https://pubmed.ncbi.nlm.nih.gov/20132285/; Halasz2009|https://pubmed.ncbi.nlm.nih.gov/19183227/; BenMenachem2007|https://pubmed.ncbi.nlm.nih.gov/17635557/
lacosamide,proposed_row_update,critical,diff_median_pct_change_maximum_effective_dose,proposed,True,"Makedonska2024 3.2% is placebo-adjusted electrographic ADF percent reduction, not a median percent-change differential.",https://pubmed.ncbi.nlm.nih.gov/38375995/; https://pubmed.ncbi.nlm.nih.gov/31462582/; https://pubmed.ncbi.nlm.nih.gov/20132285/; https://pubmed.ncbi.nlm.nih.gov/19183227/; https://pubmed.ncbi.nlm.nih.gov/17635557/,3.2-30 % (includes Makedonska2024 3.2%),15.9-30 % (drug minus placebo median percent-change differential at maximum effective dose/regimen: Farkas2019 lacosamide target weight-based pediatric regimen 30%; Chung2010 lacosamide 400 mg/day 16.5%; Halasz2009 lacosamide 400 mg/day 15.9%; BenMenachem2007 lacosamide 400 mg/day 29%)
lacosamide,proposed_row_update,critical,plot_diff_median_pct_change_maximum_effective_dose,proposed,True,Remove Makedonska2024 from the median-percent-change plot for the same reason as above.,https://pubmed.ncbi.nlm.nih.gov/38375995/,Makedonska2024|3.2|https://pubmed.ncbi.nlm.nih.gov/38375995/|255; Farkas2019|30|https://pubmed.ncbi.nlm.nih.gov/31462582/|338; Chung2010|16.5|https://pubmed.ncbi.nlm.nih.gov/20132285/|405; Halasz2009|15.9|https://pubmed.ncbi.nlm.nih.gov/19183227/|485; BenMenachem2007|29|https://pubmed.ncbi.nlm.nih.gov/17635557/|418,Farkas2019|30|https://pubmed.ncbi.nlm.nih.gov/31462582/|338; Chung2010|16.5|https://pubmed.ncbi.nlm.nih.gov/20132285/|405; Halasz2009|15.9|https://pubmed.ncbi.nlm.nih.gov/19183227/|485; BenMenachem2007|29|https://pubmed.ncbi.nlm.nih.gov/17635557/|418
lacosamide,proposed_row_update,critical,filter_enzyme_effect,proposed,True,FDA labeling supports no clinically meaningful enzyme induction/inhibition; current filter contradicts the fact field.,https://www.accessdata.fda.gov/drugsatfda_docs/label/2024/216185s001lbl.pdf,Inducer; Inhibitor,None
lacosamide,proposed_row_update,critical,filter_qt_effect,proposed,True,FDA labeling states lacosamide did not prolong QTc and can increase PR interval.,https://www.accessdata.fda.gov/drugsatfda_docs/label/2024/216185s001lbl.pdf,PR interval effect; QT prolongation,PR interval effect
lacosamide,proposed_row_update,critical,filter_formulation,proposed,True,"FDA labeling supports IV injection only, not IM injection.",https://www.accessdata.fda.gov/drugsatfda_docs/label/2024/216185s001lbl.pdf,Capsule; IV/IM injection; Liquid; Long acting; Tablet,Capsule; IV injection; Liquid; Long acting; Tablet
lacosamide,proposed_row_update,medium,evidence_sources,proposed,False,Replaces DailyMed/non-trusted list sources with trusted domains that support the retained facts.,https://www.accessdata.fda.gov/drugsatfda_docs/label/2024/216185s001lbl.pdf; https://www.ncbi.nlm.nih.gov/books/NBK547940/; https://www.ncbi.nlm.nih.gov/books/NBK493589/,NCBI LiverTox anticonvulsants table; Epilepsy Society ASM list; Epilepsy Foundation Australia ASM list; FDA/DailyMed labeling,FDA/accessdata FDA labeling; FDA/openFDA drug label API; NCBI LiverTox; NCBI Medical Genetics Summaries; PubMed RCT abstracts; ClinicalTrials.gov trial records
lamotrigine,fact_check,medium,trade_names,insufficient_evidence,True,Lamictal/ODT/XR are supported by FDA labeling. I could not verify Lamictal CD and Logem from the trusted domains available in this audit; Lamotrigine should not be added as a trade name because it is the generic name.,https://www.accessdata.fda.gov/drugsatfda_docs/label/2025/020241s068s069%2C020764s061s062%2C022251s032s033lbl.pdf; https://www.accessdata.fda.gov/drugsatfda_docs/label/2025/022115s031s032lbl.pdf; https://www.medicines.org.uk/emc/product/8052/smpc,Lamictal; Lamictal CD; Lamictal ODT; Lamictal XR; Logem,"No automatic change. FDA sources verify Lamictal, Lamictal ODT, and Lamictal XR; add trusted-source support for Lamictal CD and Logem, or user-approve narrowing to: Lamictal; Lamictal ODT; Lamictal XR"
lamotrigine,fact_check,high,pubmed_search_aliases,missing,False,LTG and Lamictal appear in lamotrigine trial literature and would improve alias capture without creating duplicate drug rows.,https://pubmed.ncbi.nlm.nih.gov/10403222/; https://pubmed.ncbi.nlm.nih.gov/2498073/,,LTG; Lamictal
lamotrigine,fact_check,critical,maximum_approved_daily_dose,incorrect,True,Immediate-release dosing supports up to 500 mg/day in some adjunctive regimens; FDA XR labeling lists an adjunctive target therapeutic range up to 600 mg/day.,https://www.accessdata.fda.gov/drugsatfda_docs/label/2025/020241s068s069%2C020764s061s062%2C022251s032s033lbl.pdf; https://www.accessdata.fda.gov/drugsatfda_docs/label/2025/022115s031s032lbl.pdf,Up to 500 mg/day for adjunctive therapy depending on interacting ASMs,Up to 500 mg/day for immediate-release adjunctive epilepsy depending on interacting ASMs; up to 600 mg/day for Lamictal XR adjunctive therapy depending on concomitant AEDs
lamotrigine,fact_check,high,mechanism_source,incorrect,False,Use FDA/accessdata rather than DailyMed as the named FDA-label source.,https://www.accessdata.fda.gov/drugsatfda_docs/label/2025/020241s068s069%2C020764s061s062%2C022251s032s033lbl.pdf,FDA/DailyMed labeling; Sills and Rogawski 2020 ASM mechanism review,FDA/accessdata labeling; Sills and Rogawski 2020 ASM mechanism review
lamotrigine,fact_check,critical,filter_mechanism,incorrect,True,"The label supports voltage-sensitive sodium-channel inhibition with modulation of glutamate/aspartate release, and specifically reports no NMDA receptor inhibition at tested concentrations. A glutamate receptor filter is misleading.",https://www.accessdata.fda.gov/drugsatfda_docs/label/2025/020241s068s069%2C020764s061s062%2C022251s032s033lbl.pdf,Glutamate receptor,Sodium channel; Reduced excitatory amino acid release
lamotrigine,fact_check,critical,filter_qt_effect,incorrect,True,"FDA evidence supports conduction/arrhythmia caution, not QT prolongation as a clinically meaningful effect.",https://www.accessdata.fda.gov/drugsatfda_docs/label/2025/020241s068s069%2C020764s061s062%2C022251s032s033lbl.pdf; https://www.fda.gov/drugs/drug-safety-and-availability/studies-show-increased-risk-heart-rhythm-problems-seizure-and-mental-health-medicine-lamotrigine,Conduction/arrhythmia caution; No known meaningful QT effect; QT prolongation,Conduction/arrhythmia caution; No known meaningful QT effect
lamotrigine,fact_check,medium,evidence_sources,missing_source,False,"Current evidence_sources includes non-trusted-domain sources for this audit and cites DailyMed. FDA/accessdata, eMC, PubMed/NCBI, and ClinicalTrials.gov better match the row-source policy.",https://www.accessdata.fda.gov/drugsatfda_docs/label/2025/020241s068s069%2C020764s061s062%2C022251s032s033lbl.pdf; https://www.medicines.org.uk/emc/product/8052/smpc; https://pmc.ncbi.nlm.nih.gov/articles/PMC10712213/; https://clinicaltrials.gov/study/NCT00104416; https://clinicaltrials.gov/study/NCT00113165,NCBI LiverTox anticonvulsants table; Epilepsy Society ASM list; Epilepsy Foundation Australia ASM list; FDA/DailyMed labeling; Sills and Rogawski 2020 ASM mechanism review,FDA/accessdata labeling; eMC SmPC; NCBI/PubMed reviews; PubMed randomized placebo-controlled trial reports; ClinicalTrials.gov trial records; Sills and Rogawski 2020 ASM mechanism review
lamotrigine,fact_check,high,fda_black_box_warning_source,incorrect,False,DailyMed is not permissible for FDA black-box-warning verification under the audit rules; FDA/accessdata is permissible and supports the warning.,https://www.accessdata.fda.gov/drugsatfda_docs/label/2025/020241s068s069%2C020764s061s062%2C022251s032s033lbl.pdf,"FDA/DailyMed SPL; status=boxed_warning_found; setid=d7e3572d-56fe-4727-2bb4-013ccca22678; published=Nov 17, 2025; title=LAMICTAL...; url=https://dailymed.nlm.nih.gov/dailymed/drugInfo.cfm?setid=d7e3572d-56fe-4727-2bb4-013ccca22678",FDA/accessdata drug label; status=boxed_warning_found; application=NDA 020241/020764/022251; revised=10/2025; reference_id=5675542; title=LAMICTAL (lamotrigine) tablets/tablets for oral suspension/LAMICTAL ODT; url=https://www.accessdata.fda.gov/drugsatfda_docs/label/2025/020241s068s069%2C020764s061s062%2C022251s032s033lbl.pdf
lamotrigine,rct_link_check,high,pubmed_phase_ii_iii_rct_links,not_phase_ii_iii,True,"Lamotrigine vs placebo randomized double-blind crossover in children with epilepsy, but primary endpoint is cognition and seizure frequency was similar; it does not support seizure efficacy outcomes.",https://pubmed.ncbi.nlm.nih.gov/16717207/,https://pubmed.ncbi.nlm.nih.gov/16717207/,User review before retaining in phase II/III efficacy list.
lamotrigine,rct_link_check,high,pubmed_phase_ii_iii_rct_links,not_phase_ii_iii,True,Secondary mood-symptom analysis of a randomized placebo-controlled PGTC study; does not provide independent seizure-efficacy outcomes for this row.,https://pubmed.ncbi.nlm.nih.gov/17071141/,https://pubmed.ncbi.nlm.nih.gov/17071141/,User review before retaining as a separate phase II/III efficacy RCT.
lamotrigine,rct_link_check,high,pubmed_phase_ii_iii_rct_links,not_phase_ii_iii,True,"Lamotrigine pharmacodynamic/interictal spike-count study, not a seizure-frequency phase II/III efficacy outcome report.",https://pubmed.ncbi.nlm.nih.gov/3530305/,https://pubmed.ncbi.nlm.nih.gov/3530305/,User review before retaining in phase II/III clinical efficacy list.
lamotrigine,missing_rct,high,pubmed_phase_ii_iii_rct_links,missing,False,"Multicenter randomized double-blind parallel-group placebo-controlled adjunctive lamotrigine trial in refractory partial seizures; FDA label describes n=216 and median seizure-frequency reductions of 8% placebo, 20% at 300 mg/day, and 36% at 500 mg/day.",https://pubmed.ncbi.nlm.nih.gov/8232944/,,Matsuo1993|https://pubmed.ncbi.nlm.nih.gov/8232944/
lamotrigine,missing_rct,high,pubmed_phase_ii_iii_rct_links,missing,False,Randomized double-blind placebo-controlled infant partial-seizure trial; relevant as a negative/young-pediatric study if the CSV retains negative placebo-controlled lamotrigine epilepsy trials.,https://pubmed.ncbi.nlm.nih.gov/18077797/,,PinaGarza2007|https://pubmed.ncbi.nlm.nih.gov/18077797/
lamotrigine,outcome_check,high,diff_median_pct_change_maximum_effective_dose,incorrect,False,"Existing values are supported; Matsuo1993 is a missing randomized placebo-controlled partial-seizure efficacy trial with 36% median reduction at 500 mg/day vs 8% placebo, differential 28%.",https://pubmed.ncbi.nlm.nih.gov/20937567/; https://pubmed.ncbi.nlm.nih.gov/17938371/; https://pubmed.ncbi.nlm.nih.gov/16847080/; https://pubmed.ncbi.nlm.nih.gov/16344515/; https://pubmed.ncbi.nlm.nih.gov/9400037/; https://pubmed.ncbi.nlm.nih.gov/8937535/; https://pubmed.ncbi.nlm.nih.gov/8112232/; https://pubmed.ncbi.nlm.nih.gov/8232944/; https://www.accessdata.fda.gov/drugsatfda_docs/label/2025/020241s068s069%2C020764s061s062%2C022251s032s033lbl.pdf,22.1-44.8 % (Biton2010 43.3%; Naritoku2007 22.1%; Trevathan2006 37%; Biton2005 32.3%; Motte1997 44.8%; Boas1996 30.3%; Messenheimer1994 25%),22.1-44.8 % (drug minus placebo MPC differential at maximum effective dose/regimen: Biton2010 lamotrigine XR individualized adjunctive dose 43.3%; Naritoku2007 lamotrigine XR individualized adjunctive dose 22.1%; Trevathan2006 lamotrigine individualized adjunctive dose 37%; Biton2005 lamotrigine individualized adjunctive dose 32.3%; Motte1997 lamotrigine individualized adjunctive dose 44.8%; Boas1996 lamotrigine 75-400 mg/day 30.3%; Messenheimer1994 lamotrigine mostly 400 mg/day 25%; Matsuo1993 lamotrigine 500 mg/day 28%)
lamotrigine,outcome_check,high,plot_diff_median_pct_change_maximum_effective_dose,incorrect,False,Add missing Matsuo1993 MPC differential; existing plot entries are concordant with cited outcomes.,https://pubmed.ncbi.nlm.nih.gov/8232944/; https://www.accessdata.fda.gov/drugsatfda_docs/label/2025/020241s068s069%2C020764s061s062%2C022251s032s033lbl.pdf,Biton2010|43.3|https://pubmed.ncbi.nlm.nih.gov/20937567/|153; Naritoku2007|22.1|https://pubmed.ncbi.nlm.nih.gov/17938371/|239; Trevathan2006|37|https://pubmed.ncbi.nlm.nih.gov/16847080/|45; Biton2005|32.3|https://pubmed.ncbi.nlm.nih.gov/16344515/|117; Motte1997|44.8|https://pubmed.ncbi.nlm.nih.gov/9400037/|169; Boas1996|30.3|https://pubmed.ncbi.nlm.nih.gov/8937535/|56; Messenheimer1994|25|https://pubmed.ncbi.nlm.nih.gov/8112232/|98,Biton2010|43.3|https://pubmed.ncbi.nlm.nih.gov/20937567/|153; Naritoku2007|22.1|https://pubmed.ncbi.nlm.nih.gov/17938371/|239; Trevathan2006|37|https://pubmed.ncbi.nlm.nih.gov/16847080/|45; Biton2005|32.3|https://pubmed.ncbi.nlm.nih.gov/16344515/|117; Motte1997|44.8|https://pubmed.ncbi.nlm.nih.gov/9400037/|169; Boas1996|30.3|https://pubmed.ncbi.nlm.nih.gov/8937535/|56; Messenheimer1994|25|https://pubmed.ncbi.nlm.nih.gov/8112232/|98; Matsuo1993|28|https://pubmed.ncbi.nlm.nih.gov/8232944/|216
lamotrigine,proposed_row_update,medium,fda_black_box_warning_source,proposed,False,"Black-box-warning verification must use FDA/openFDA/accessdata/Drugs@FDA sources, not DailyMed.",https://www.accessdata.fda.gov/drugsatfda_docs/label/2025/020241s068s069%2C020764s061s062%2C022251s032s033lbl.pdf,"FDA/DailyMed SPL; status=boxed_warning_found; setid=d7e3572d-56fe-4727-2bb4-013ccca22678; published=Nov 17, 2025; title=LAMICTAL...; url=https://dailymed.nlm.nih.gov/dailymed/drugInfo.cfm?setid=d7e3572d-56fe-4727-2bb4-013ccca22678",FDA/accessdata drug label; status=boxed_warning_found; application=NDA 020241/020764/022251; revised=10/2025; reference_id=5675542; title=LAMICTAL (lamotrigine) tablets/tablets for oral suspension/LAMICTAL ODT; url=https://www.accessdata.fda.gov/drugsatfda_docs/label/2025/020241s068s069%2C020764s061s062%2C022251s032s033lbl.pdf
lamotrigine,proposed_row_update,medium,evidence_sources,proposed,False,Replaces non-trusted or overbroad source names with trusted-domain sources that support the row facts.,https://www.accessdata.fda.gov/drugsatfda_docs/label/2025/020241s068s069%2C020764s061s062%2C022251s032s033lbl.pdf; https://www.medicines.org.uk/emc/product/8052/smpc; https://pmc.ncbi.nlm.nih.gov/articles/PMC10712213/; https://clinicaltrials.gov/study/NCT00104416; https://clinicaltrials.gov/study/NCT00113165,NCBI LiverTox anticonvulsants table; Epilepsy Society ASM list; Epilepsy Foundation Australia ASM list; FDA/DailyMed labeling; Sills and Rogawski 2020 ASM mechanism review,FDA/accessdata labeling; eMC SmPC; NCBI/PubMed reviews; PubMed randomized placebo-controlled trial reports; ClinicalTrials.gov trial records; Sills and Rogawski 2020 ASM mechanism review
lamotrigine,proposed_row_update,medium,mechanism_source,proposed,False,DailyMed should be replaced by FDA/accessdata labeling in named row sources.,https://www.accessdata.fda.gov/drugsatfda_docs/label/2025/020241s068s069%2C020764s061s062%2C022251s032s033lbl.pdf,FDA/DailyMed labeling; Sills and Rogawski 2020 ASM mechanism review,FDA/accessdata labeling; Sills and Rogawski 2020 ASM mechanism review
lamotrigine,proposed_row_update,medium,fda_black_box_warning_source,proposed,False,DailyMed is not permissible for black-box-warning verification; FDA/accessdata supports the field.,https://www.accessdata.fda.gov/drugsatfda_docs/label/2025/020241s068s069%2C020764s061s062%2C022251s032s033lbl.pdf,"FDA/DailyMed SPL; status=boxed_warning_found; setid=d7e3572d-56fe-4727-2bb4-013ccca22678; published=Nov 17, 2025; title=LAMICTAL...; url=https://dailymed.nlm.nih.gov/dailymed/drugInfo.cfm?setid=d7e3572d-56fe-4727-2bb4-013ccca22678",FDA/accessdata drug label; status=boxed_warning_found; application=NDA 020241/020764/022251; revised=10/2025; reference_id=5675542; title=LAMICTAL (lamotrigine) tablets/tablets for oral suspension/LAMICTAL ODT; url=https://www.accessdata.fda.gov/drugsatfda_docs/label/2025/020241s068s069%2C020764s061s062%2C022251s032s033lbl.pdf
lamotrigine,proposed_row_update,critical,maximum_approved_daily_dose,proposed,True,Current value omits FDA-approved XR adjunctive dosing up to 600 mg/day.,https://www.accessdata.fda.gov/drugsatfda_docs/label/2025/022115s031s032lbl.pdf,Up to 500 mg/day for adjunctive therapy depending on interacting ASMs,Up to 500 mg/day for immediate-release adjunctive epilepsy depending on interacting ASMs; up to 600 mg/day for Lamictal XR adjunctive therapy depending on concomitant AEDs
lamotrigine,proposed_row_update,critical,filter_mechanism,proposed,True,"FDA label supports sodium-channel inhibition and reduced glutamate/aspartate release, not glutamate-receptor antagonism.",https://www.accessdata.fda.gov/drugsatfda_docs/label/2025/020241s068s069%2C020764s061s062%2C022251s032s033lbl.pdf,Glutamate receptor,Sodium channel; Reduced excitatory amino acid release
lamotrigine,proposed_row_update,critical,filter_qt_effect,proposed,True,QT prolongation is not supported as a meaningful lamotrigine effect; conduction/arrhythmia caution is supported.,https://www.accessdata.fda.gov/drugsatfda_docs/label/2025/020241s068s069%2C020764s061s062%2C022251s032s033lbl.pdf; https://www.fda.gov/drugs/drug-safety-and-availability/studies-show-increased-risk-heart-rhythm-problems-seizure-and-mental-health-medicine-lamotrigine,Conduction/arrhythmia caution; No known meaningful QT effect; QT prolongation,Conduction/arrhythmia caution; No known meaningful QT effect
lamotrigine,proposed_row_update,medium,pubmed_search_aliases,proposed,False,Important literature aliases are missing; adding aliases avoids duplicate rows and improves search recall.,https://pubmed.ncbi.nlm.nih.gov/10403222/; https://pubmed.ncbi.nlm.nih.gov/2498073/,,LTG; Lamictal
lamotrigine,proposed_row_update,medium,pubmed_phase_ii_iii_rct_links,proposed,False,Matsuo1993 is a missing pivotal randomized placebo-controlled adjunctive partial-seizure efficacy trial; PinaGarza2007 is a negative infant placebo-controlled trial relevant if the dataset keeps negative pediatric studies.,https://pubmed.ncbi.nlm.nih.gov/8232944/; https://pubmed.ncbi.nlm.nih.gov/18077797/; https://www.accessdata.fda.gov/drugsatfda_docs/label/2025/020241s068s069%2C020764s061s062%2C022251s032s033lbl.pdf,Biton2010|https://pubmed.ncbi.nlm.nih.gov/20937567/; Naritoku2007|https://pubmed.ncbi.nlm.nih.gov/17938371/; Trevathan2006|https://pubmed.ncbi.nlm.nih.gov/16847080/; Pressler2006|https://pubmed.ncbi.nlm.nih.gov/16717207/; Ettinger2006|https://pubmed.ncbi.nlm.nih.gov/17071141/; Biton2005|https://pubmed.ncbi.nlm.nih.gov/16344515/; Frank1999|https://pubmed.ncbi.nlm.nih.gov/10403222/; Duchowny1999|https://pubmed.ncbi.nlm.nih.gov/10563619/; Eriksson1998|https://pubmed.ncbi.nlm.nih.gov/9596201/; Beran1998|https://pubmed.ncbi.nlm.nih.gov/9860069/; Motte1997|https://pubmed.ncbi.nlm.nih.gov/9400037/; Matsuo1996|https://pubmed.ncbi.nlm.nih.gov/8814098/; Boas1996|https://pubmed.ncbi.nlm.nih.gov/8937535/; Messenheimer1994|https://pubmed.ncbi.nlm.nih.gov/8112232/; Schapel1993|https://pubmed.ncbi.nlm.nih.gov/8505632/; Sander1990|https://pubmed.ncbi.nlm.nih.gov/2272345/; Loiseau1990|https://pubmed.ncbi.nlm.nih.gov/2127016/; Jawad1986|https://pubmed.ncbi.nlm.nih.gov/3530305/,Append Matsuo1993|https://pubmed.ncbi.nlm.nih.gov/8232944/; consider PinaGarza2007|https://pubmed.ncbi.nlm.nih.gov/18077797/ if negative infant placebo-controlled trials are retained.
lamotrigine,proposed_row_update,medium,plot_diff_median_pct_change_maximum_effective_dose,proposed,False,Adds missing placebo-adjusted median percent reduction from the omitted Matsuo1993 randomized placebo-controlled trial.,https://pubmed.ncbi.nlm.nih.gov/8232944/; https://www.accessdata.fda.gov/drugsatfda_docs/label/2025/020241s068s069%2C020764s061s062%2C022251s032s033lbl.pdf,Biton2010|43.3|https://pubmed.ncbi.nlm.nih.gov/20937567/|153; Naritoku2007|22.1|https://pubmed.ncbi.nlm.nih.gov/17938371/|239; Trevathan2006|37|https://pubmed.ncbi.nlm.nih.gov/16847080/|45; Biton2005|32.3|https://pubmed.ncbi.nlm.nih.gov/16344515/|117; Motte1997|44.8|https://pubmed.ncbi.nlm.nih.gov/9400037/|169; Boas1996|30.3|https://pubmed.ncbi.nlm.nih.gov/8937535/|56; Messenheimer1994|25|https://pubmed.ncbi.nlm.nih.gov/8112232/|98,Biton2010|43.3|https://pubmed.ncbi.nlm.nih.gov/20937567/|153; Naritoku2007|22.1|https://pubmed.ncbi.nlm.nih.gov/17938371/|239; Trevathan2006|37|https://pubmed.ncbi.nlm.nih.gov/16847080/|45; Biton2005|32.3|https://pubmed.ncbi.nlm.nih.gov/16344515/|117; Motte1997|44.8|https://pubmed.ncbi.nlm.nih.gov/9400037/|169; Boas1996|30.3|https://pubmed.ncbi.nlm.nih.gov/8937535/|56; Messenheimer1994|25|https://pubmed.ncbi.nlm.nih.gov/8112232/|98; Matsuo1993|28|https://pubmed.ncbi.nlm.nih.gov/8232944/|216
levetiracetam,fact_check,high,pubmed_search_aliases,missing,False,Important PubMed/search aliases are missing; older RCT abstracts and labels use LEV/UCB L059 and Keppra.,https://pubmed.ncbi.nlm.nih.gov/10897159/; https://pubmed.ncbi.nlm.nih.gov/30525116/,,LEV; UCB L059; Keppra
levetiracetam,fact_check,high,formulations_available,incorrect,False,"FDA labeling supports tablets, oral solution, IV injection, extended-release tablets, and Spritam tablets for oral suspension. 'Dissolvable tablet' is imprecise.",https://www.accessdata.fda.gov/drugsatfda_docs/label/2024/021035s115%2C021505s053lbl.pdf; https://www.accessdata.fda.gov/drugsatfda_docs/label/2014/021872s016lbl.pdf; https://www.accessdata.fda.gov/drugsatfda_docs/label/2024/022285s036lbl.pdf; https://www.accessdata.fda.gov/drugsatfda_docs/label/2024/207958s025lbl.pdf,Immediate-release tablet; oral solution; IV injection; extended-release tablet; dissolvable tablet,Immediate-release tablet; oral solution; IV injection; extended-release tablet; tablet for oral suspension
levetiracetam,fact_check,critical,filter_formulation,incorrect,True,Levetiracetam injection labeling supports intravenous use only; no IM formulation was verified.,https://www.accessdata.fda.gov/drugsatfda_docs/label/2014/021872s016lbl.pdf,Film/ODT; IV/IM injection; Liquid; Long acting; Tablet,Film/ODT; IV injection; Liquid; Long acting; Tablet
levetiracetam,fact_check,critical,enzyme_inducing_or_inhibiting; filter_enzyme_effect,incorrect,True,FDA labeling states levetiracetam is neither an inhibitor nor high-affinity substrate for CYP/epoxide hydrolase/UGT enzymes and does not influence other AED plasma concentrations. The 'Inducer' filter is directly contradicted.,https://www.accessdata.fda.gov/drugsatfda_docs/label/2024/021035s115%2C021505s053lbl.pdf,Not an enzyme inducer/inhibitor; filter_enzyme_effect=Inducer; No major enzyme effect,Not an enzyme inducer/inhibitor; filter_enzyme_effect=No major enzyme effect
levetiracetam,fact_check,critical,adverse_symptoms_percentages; filter_symptom_category,incorrect,True,"FDA adult placebo-controlled partial-onset seizure table supports somnolence 15%, asthenia 15%, infection 13%, dizziness 9%, nervousness 4%, and hostility 2%; the 10-13% hostility/nervousness value is not supported as written. Pediatric labeling supports irritability 12%.",https://www.accessdata.fda.gov/drugsatfda_docs/label/2024/021035s115%2C021505s053lbl.pdf,"CNS: somnolence 15%, constitutional: asthenia 15%, infectious: infection 13%, CNS: dizziness 9%, behavioral: hostility/nervousness 10-13%","CNS: somnolence 15%, constitutional: asthenia 15%, infectious: infection 13%, CNS: dizziness 9%, behavioral: adult partial-onset trial nervousness 4% and hostility 2%; pediatric 1 month to <4 years irritability 12%"
levetiracetam,rct_link_check,high,pubmed_phase_ii_iii_rct_links,wrong_drug,True,"Primary intervention is JNJ-40411813; levetiracetam/brivaracetam are background concomitant ASMs, so this is not a levetiracetam efficacy RCT.",https://pubmed.ncbi.nlm.nih.gov/41175011/,https://pubmed.ncbi.nlm.nih.gov/41175011/,Do not add to the levetiracetam RCT list.
levetiracetam,rct_link_check,high,pubmed_phase_ii_iii_rct_links,not_phase_ii_iii,True,"This is a secondary biomarker/Alzheimer's disease report, not a phase II/III placebo-controlled epilepsy efficacy trial for levetiracetam.",https://pubmed.ncbi.nlm.nih.gov/39949405/,https://pubmed.ncbi.nlm.nih.gov/39949405/,Do not add to the epilepsy levetiracetam RCT list.
levetiracetam,missing_rct,high,pubmed_phase_ii_iii_rct_links,missing,False,"Randomized double-blind placebo-controlled pediatric partial-onset seizure trial of adjunctive levetiracetam; abstract reports RR50, median seizure-frequency reduction, and seizure freedom values that alter MPC and seizure-freedom rollups if all qualifying placebo-controlled levetiracetam RCT reports are included.",https://pubmed.ncbi.nlm.nih.gov/19702752/,,Levisohn2009|https://pubmed.ncbi.nlm.nih.gov/19702752/
levetiracetam,missing_rct,high,pubmed_phase_ii_iii_rct_links,missing,False,Primary placebo-controlled levetiracetam trial supporting the myoclonic/JME indication; eMC/FDA efficacy summaries report 58.3% versus 23.3% myoclonic seizure-day responder rates.,https://pubmed.ncbi.nlm.nih.gov/18285535/,,Noachtar2008|https://pubmed.ncbi.nlm.nih.gov/18285535/
levetiracetam,outcome_check,high,diff_50_responder_maximum_effective_dose; plot_diff_50_responder_maximum_effective_dose,incorrect,False,Arithmetic in the currently cited RR50 entries is consistent with active minus placebo. Missing Noachtar2008 and Levisohn2009 add intermediate RR50 values and do not change the min/max range.,https://pubmed.ncbi.nlm.nih.gov/30525116/; https://pubmed.ncbi.nlm.nih.gov/18285535/; https://pubmed.ncbi.nlm.nih.gov/19702752/; https://pubmed.ncbi.nlm.nih.gov/19243423/; https://pubmed.ncbi.nlm.nih.gov/19317886/; https://pubmed.ncbi.nlm.nih.gov/18657175/; https://pubmed.ncbi.nlm.nih.gov/19176965/; https://pubmed.ncbi.nlm.nih.gov/17625106/; https://pubmed.ncbi.nlm.nih.gov/16641323/; https://pubmed.ncbi.nlm.nih.gov/16417534/; https://pubmed.ncbi.nlm.nih.gov/11051122/; https://pubmed.ncbi.nlm.nih.gov/10999557/; https://pubmed.ncbi.nlm.nih.gov/10908898/; https://pubmed.ncbi.nlm.nih.gov/10845730/,7.1-49.4 % with listed cited RR50 differentials,7.1-49.4 % (drug minus placebo RR50 differential at maximum effective dose/regimen: Wu2018 LEV 1000-3000 mg/day 49.4%; Noachtar2008 LEV 3000 mg/day 35.0%; PinaGarza2009 LEV 40-50 mg/kg/day 23.5%; Peltola2009 LEV XR 1000 mg/day 13.9%; Wu2008 LEV 1000-3000 mg/day 29.9%; Xiao2009 LEV 3000 mg/day 7.1%; Berkovic2007 LEV target 3000 mg/day adults or 60 mg/kg/day children 27%; Glauser2006 LEV target 60 mg/kg/day 25%; Tsai2006 LEV up to 2000 mg/day 32.9%; Levisohn2009 LEV 20-60 mg/kg/day 21.3%; BenMenachem2000 LEV 3000 mg/day 25.4%; Shorvon2000 LEV 2000 mg/day 21.2%; Cereghino2000 LEV 3000 mg/day 29%; Betts2000 LEV 2000 mg/day 32%)
levetiracetam,outcome_check,high,diff_median_pct_change_maximum_effective_dose; plot_diff_median_pct_change_maximum_effective_dose,incorrect,False,"Current cited MPC arithmetic is consistent, but missing Levisohn2009 reports median reductions of 91.5% versus 26.5%, changing the maximum differential to 65.0%.",https://pubmed.ncbi.nlm.nih.gov/19702752/; https://pubmed.ncbi.nlm.nih.gov/30525116/; https://pubmed.ncbi.nlm.nih.gov/19243423/; https://pubmed.ncbi.nlm.nih.gov/19317886/; https://pubmed.ncbi.nlm.nih.gov/18657175/; https://pubmed.ncbi.nlm.nih.gov/17625106/; https://pubmed.ncbi.nlm.nih.gov/16641323/; https://pubmed.ncbi.nlm.nih.gov/16417534/,12.7-56.2 % with listed cited MPC differentials,12.7-65.0 % (drug minus placebo MPC differential at maximum effective dose/regimen: Levisohn2009 LEV 20-60 mg/kg/day 65.0%; Wu2018 LEV 1000-3000 mg/day 56.2%; PinaGarza2009 LEV 40-50 mg/kg/day 36.5%; Peltola2009 LEV XR 1000 mg/day 12.7%; Wu2008 LEV 1000-3000 mg/day 42.2%; Berkovic2007 LEV target 3000 mg/day adults or 60 mg/kg/day children 28.3%; Glauser2006 LEV target 60 mg/kg/day 26.8%; Tsai2006 LEV up to 2000 mg/day 23.8%)
levetiracetam,outcome_check,high,diff_seizure_freedom_maximum_effective_dose; plot_diff_seizure_freedom_maximum_effective_dose,incorrect,False,"Current cited seizure-freedom arithmetic is consistent, but missing Levisohn2009 reports seizure freedom of 46.9% versus 8.8%, changing the maximum differential to 38.1%.",https://pubmed.ncbi.nlm.nih.gov/19702752/; https://pubmed.ncbi.nlm.nih.gov/30525116/; https://pubmed.ncbi.nlm.nih.gov/19317886/; https://pubmed.ncbi.nlm.nih.gov/18657175/; https://pubmed.ncbi.nlm.nih.gov/17625106/; https://pubmed.ncbi.nlm.nih.gov/16641323/; https://pubmed.ncbi.nlm.nih.gov/11823112/,5.1-26.5 % with listed cited seizure-freedom differentials,5.1-38.1 % (drug minus placebo seizure-freedom differential at maximum effective dose/regimen: Levisohn2009 LEV 20-60 mg/kg/day 38.1%; Wu2018 LEV 1000-3000 mg/day 26.5%; Peltola2009 LEV XR 1000 mg/day 8.8%; Wu2008 LEV 1000-3000 mg/day 8.8%; Berkovic2007 LEV target 3000 mg/day adults or 60 mg/kg/day children 23.5%; Glauser2006 LEV target 60 mg/kg/day 5.9%; Boon2002 LEV 2000 mg/day 5.1%)
levetiracetam,black_box_warning,high,fda_black_box_warning,incorrect,False,"The no-boxed-warning conclusion is supported by FDA labeling, but DailyMed is not permissible for this field. FDA has required DRESS warnings in Warnings and Precautions, not a boxed warning.",https://www.accessdata.fda.gov/drugsatfda_docs/label/2024/022285s036lbl.pdf; https://api.fda.gov/drug/label.json?search=openfda.spl_set_id%3A%222919e43b-69a8-434c-a2d2-1f3ecd7554c0%22&limit=5; https://www.fda.gov/drugs/drug-safety-and-availability/fda-warns-rare-serious-drug-reaction-antiseizure-medicines-levetiracetam-keppra-keppra-xr-elepsia-xr,No FDA boxed warning identified in selected current DailyMed label.,No FDA boxed warning identified in selected current FDA/openFDA label.
levetiracetam,proposed_row_update,medium,evidence_sources,proposed,False,Current evidence_sources includes non-trusted/unverified sources and DailyMed wording; replace with trusted source families actually used for the audited cells.,https://www.accessdata.fda.gov/drugsatfda_docs/label/2024/021035s115%2C021505s053lbl.pdf; https://www.fda.gov/drugs/drug-safety-and-availability/fda-warns-rare-serious-drug-reaction-antiseizure-medicines-levetiracetam-keppra-keppra-xr-elepsia-xr; https://www.ncbi.nlm.nih.gov/books/NBK548785/; https://www.ema.europa.eu/en/medicines/human/EPAR/keppra; https://www.medicines.org.uk/emc/product/5166/smpc; https://www.medicines.org.uk/emc/product/15730/smpc,NCBI LiverTox anticonvulsants table; Epilepsy Society ASM list; Epilepsy Foundation Australia ASM list; FDA/DailyMed labeling,FDA/accessdata labels and Drugs@FDA; FDA Drug Safety Communication; NCBI LiverTox/Bookshelf; EMA Keppra EPAR; eMC SmPCs for Desitrend and Eltam; PubMed and ClinicalTrials.gov RCT records
levetiracetam,proposed_row_update,medium,mechanism_source,proposed,False,Mechanism is supported by FDA labeling; DailyMed should not be named as the mechanism source when the source policy prefers FDA/accessdata.,https://www.accessdata.fda.gov/drugsatfda_docs/label/2024/021035s115%2C021505s053lbl.pdf,FDA/DailyMed labeling,FDA/accessdata labeling
levetiracetam,proposed_row_update,medium,fda_black_box_warning_source,proposed,False,"Black-box verification must use FDA/openFDA, FDA labels, or Drugs@FDA; DailyMed is not permissible for this field.",https://api.fda.gov/drug/label.json?search=openfda.spl_set_id%3A%222919e43b-69a8-434c-a2d2-1f3ecd7554c0%22&limit=5; https://www.accessdata.fda.gov/drugsatfda_docs/label/2024/022285s036lbl.pdf,"FDA/DailyMed SPL; status=no_boxed_warning_in_selected_label; setid=2919e43b-69a8-434c-a2d2-1f3ecd7554c0; published=Jun 26, 2025; title=KEPPRA XR (LEVETIRACETAM) TABLET, FILM COATED, EXTENDED RELEASE [UCB, INC.]; url=https://dailymed.nlm.nih.gov/dailymed/drugInfo.cfm?setid=2919e43b-69a8-434c-a2d2-1f3ecd7554c0",FDA/openFDA drug label API; status=no_boxed_warning_in_selected_fda_label; spl_set_id=2919e43b-69a8-434c-a2d2-1f3ecd7554c0; effective_time=20250624; title=Keppra XR / LEVETIRACETAM; api_url=https://api.fda.gov/drug/label.json?search=openfda.spl_set_id%3A%222919e43b-69a8-434c-a2d2-1f3ecd7554c0%22&limit=5
levetiracetam,proposed_row_update,medium,fda_black_box_warning,proposed,False,DailyMed is not permissible for boxed-warning verification; FDA labeling supports no boxed warning.,https://www.accessdata.fda.gov/drugsatfda_docs/label/2024/022285s036lbl.pdf; https://api.fda.gov/drug/label.json?search=openfda.spl_set_id%3A%222919e43b-69a8-434c-a2d2-1f3ecd7554c0%22&limit=5,No FDA boxed warning identified in selected current DailyMed label.,No FDA boxed warning identified in selected current FDA/openFDA label.
levetiracetam,proposed_row_update,medium,fda_black_box_warning_source,proposed,False,Replace impermissible DailyMed source with FDA/openFDA metadata.,https://api.fda.gov/drug/label.json?search=openfda.spl_set_id%3A%222919e43b-69a8-434c-a2d2-1f3ecd7554c0%22&limit=5,"FDA/DailyMed SPL; status=no_boxed_warning_in_selected_label; setid=2919e43b-69a8-434c-a2d2-1f3ecd7554c0; published=Jun 26, 2025; title=KEPPRA XR (LEVETIRACETAM) TABLET, FILM COATED, EXTENDED RELEASE [UCB, INC.]; url=https://dailymed.nlm.nih.gov/dailymed/drugInfo.cfm?setid=2919e43b-69a8-434c-a2d2-1f3ecd7554c0",FDA/openFDA drug label API; status=no_boxed_warning_in_selected_fda_label; spl_set_id=2919e43b-69a8-434c-a2d2-1f3ecd7554c0; effective_time=20250624; title=Keppra XR / LEVETIRACETAM; api_url=https://api.fda.gov/drug/label.json?search=openfda.spl_set_id%3A%222919e43b-69a8-434c-a2d2-1f3ecd7554c0%22&limit=5
levetiracetam,proposed_row_update,medium,pubmed_search_aliases,proposed,False,Important search aliases are missing.,https://pubmed.ncbi.nlm.nih.gov/10897159/; https://pubmed.ncbi.nlm.nih.gov/30525116/,,LEV; UCB L059; Keppra
levetiracetam,proposed_row_update,critical,adverse_symptoms_percentages,proposed,True,The behavioral 10-13% wording is not supported by the FDA adverse-reaction table.,https://www.accessdata.fda.gov/drugsatfda_docs/label/2024/021035s115%2C021505s053lbl.pdf,"CNS: somnolence 15%, constitutional: asthenia 15%, infectious: infection 13%, CNS: dizziness 9%, behavioral: hostility/nervousness 10-13%","CNS: somnolence 15%, constitutional: asthenia 15%, infectious: infection 13%, CNS: dizziness 9%, behavioral: adult partial-onset trial nervousness 4% and hostility 2%; pediatric 1 month to <4 years irritability 12%"
levetiracetam,proposed_row_update,medium,formulations_available,proposed,False,Use the FDA dosage-form wording for Spritam.,https://www.accessdata.fda.gov/drugsatfda_docs/label/2024/207958s025lbl.pdf,Immediate-release tablet; oral solution; IV injection; extended-release tablet; dissolvable tablet,Immediate-release tablet; oral solution; IV injection; extended-release tablet; tablet for oral suspension
levetiracetam,proposed_row_update,critical,filter_formulation,proposed,True,"FDA labeling supports IV injection only, not IM injection.",https://www.accessdata.fda.gov/drugsatfda_docs/label/2014/021872s016lbl.pdf,Film/ODT; IV/IM injection; Liquid; Long acting; Tablet,Film/ODT; IV injection; Liquid; Long acting; Tablet
levetiracetam,proposed_row_update,critical,filter_enzyme_effect,proposed,True,Levetiracetam is not an enzyme inducer/inhibitor; the Inducer filter is contradicted by FDA labeling.,https://www.accessdata.fda.gov/drugsatfda_docs/label/2024/021035s115%2C021505s053lbl.pdf,Inducer; No major enzyme effect,No major enzyme effect
lorazepam,fact_check,high,formulations_available,incorrect,False,"The current value is incomplete because FDA approved Loreev XR lorazepam extended-release capsules. Tablet, oral concentrate, and IV/IM injection are supported by FDA labels.",https://www.accessdata.fda.gov/drugsatfda_docs/label/2023/017794s049lbl.pdf; https://www.accessdata.fda.gov/drugsatfda_docs/label/2009/079244lbl.PDF; https://www.accessdata.fda.gov/drugsatfda_docs/label/2023/018140s051lbl.pdf; https://www.accessdata.fda.gov/drugsatfda_docs/label/2023/214826s003lbl.pdf,Tablet; oral concentrate; IV/IM injection,Tablet; oral concentrate; IV/IM injection; extended-release capsule
lorazepam,fact_check,critical,adverse_symptoms_percentages,incorrect,True,"FDA tablet/oral concentrate labeling gives sedation 15.9%, dizziness 6.9%, weakness 4.2%, and unsteadiness 3.4%. Respiratory depression is listed as an adverse reaction/warning but not as a 3% event in the cited labeling.",https://www.accessdata.fda.gov/drugsatfda_docs/label/2023/017794s049lbl.pdf; https://www.accessdata.fda.gov/drugsatfda_docs/label/2009/079244lbl.PDF,"CNS: sedation 16%, CNS: dizziness 7%, constitutional: weakness 4%, respiratory: respiratory depression 3%","CNS: sedation 15.9%, CNS: dizziness 6.9%, constitutional: weakness 4.2%, CNS: unsteadiness 3.4%"
lorazepam,fact_check,medium,epilepsy_type,missing_source,False,FDA injection labeling supports status epilepticus. The seizure-clusters/rescue portion is plausible clinically but needs a named trusted source in the row; the cited FDA label does not specifically support seizure clusters.,https://www.accessdata.fda.gov/drugsatfda_docs/label/2023/018140s051lbl.pdf,Status epilepticus; Seizure clusters / rescue,Status epilepticus; Seizure clusters / rescue
lorazepam,fact_check,high,maximum_approved_daily_dose,incorrect,False,The current text is too vague for a maximum-dose field. FDA labeling gives the adult status epilepticus regimen and oral daily dosage range.,https://www.accessdata.fda.gov/drugsatfda_docs/label/2023/018140s051lbl.pdf; https://www.accessdata.fda.gov/drugsatfda_docs/label/2023/017794s049lbl.pdf,Acute seizure dosing individualized,Status epilepticus: 4 mg IV slowly; may repeat 4 mg IV once after 10-15 minutes if seizures continue or recur; experience with further doses is very limited. Oral anxiety labeling: 1-10 mg/day.
lorazepam,fact_check,high,minimum_effective_dose,incorrect,False,"The row's value is directionally correct that this is acute/intermittent treatment, but FDA labeling supports a more precise status epilepticus regimen.",https://www.accessdata.fda.gov/drugsatfda_docs/label/2023/018140s051lbl.pdf,Acute seizure/status dosing individualized,"No chronic epilepsy minimum effective dose; status epilepticus adult FDA-labeled regimen is 4 mg IV slowly, with one repeat 4 mg dose after 10-15 minutes if needed."
lorazepam,fact_check,medium,qt_interval_effect,missing_source,False,"No contradiction was found in the reviewed FDA labels, but the row lacks a named source specifically supporting the QT statement.",,No clinically meaningful QT effect established,No clinically meaningful QT effect established
lorazepam,fact_check,high,evidence_sources,incorrect,False,"Wikipedia is not in the trusted source list, and DailyMed must not be used for FDA boxed-warning verification. The proposed source text names trusted FDA, PubMed/NCBI, and ClinicalTrials.gov sources actually used for the checked facts.",https://www.accessdata.fda.gov/drugsatfda_docs/label/2023/017794s049lbl.pdf; https://www.accessdata.fda.gov/drugsatfda_docs/label/2023/018140s051lbl.pdf; https://pubmed.ncbi.nlm.nih.gov/6378615/; https://pubmed.ncbi.nlm.nih.gov/11547716/; https://clinicaltrials.gov/study/NCT00004297,Wikipedia anticonvulsant drug-class list; American Epilepsy Society 2024 U.S. ASM summary; Sills and Rogawski 2020 ASM mechanism review; FDA/DailyMed labeling,FDA/Drugs@FDA labeling (Ativan tablets NDA 017794; Ativan injection NDA 018140; Loreev XR NDA 214826; lorazepam oral concentrate ANDA 079244); PubMed/NCBI RCT records; ClinicalTrials.gov NCT00004297
lorazepam,rct_link_check,high,pubmed_phase_ii_iii_rct_links,not_phase_ii_iii,True,"PubMed verifies lorazepam, randomized assignment, double-blind placebo-controlled crossover design, and PMID 6378615. PubMed publication type is Clinical Trial, not Phase II/III, and the trial had only eight patients.",https://pubmed.ncbi.nlm.nih.gov/6378615/,https://pubmed.ncbi.nlm.nih.gov/6378615/,Do not count as a phase II/III RCT unless the dataset permits historical non-phase placebo-controlled trials; otherwise replace with Alldredge2001 for the phase II/III field.
lorazepam,missing_rct,high,pubmed_phase_ii_iii_rct_links,missing,False,"PubMed verifies a randomized double-blind trial of IV lorazepam, diazepam, and placebo for out-of-hospital status epilepticus; ClinicalTrials.gov NCT00004297 identifies the study as phase III. Lorazepam 59.1% vs placebo 21.1% termination of status epilepticus on ED arrival is extractable as an acute seizure-termination endpoint, not RR50/MPC.",https://pubmed.ncbi.nlm.nih.gov/11547716/,,Alldredge2001|https://pubmed.ncbi.nlm.nih.gov/11547716/
lorazepam,proposed_row_update,medium,fda_black_box_warning_source,proposed,False,DailyMed is not permissible for the FDA black-box-warning field; the FDA accessdata label supports the current warning text.,https://www.accessdata.fda.gov/drugsatfda_docs/label/2023/018140s051lbl.pdf,"FDA/DailyMed SPL; status=boxed_warning_found; setid=5fc0e987-61c9-40c4-b0d5-fcea07c8733e; published=Apr 10, 2023; title=ATIVAN (LORAZEPAM) INJECTION [HIKMA PHARMACEUTICALS USA INC.]; url=https://dailymed.nlm.nih.gov/dailymed/drugInfo.cfm?setid=5fc0e987-61c9-40c4-b0d5-fcea07c8733e","FDA/Drugs@FDA label; status=boxed_warning_found; NDA=018140; Reference ID=5109772; title=ATIVAN Injection (lorazepam injection, USP); revised=Jan 2023; url=https://www.accessdata.fda.gov/drugsatfda_docs/label/2023/018140s051lbl.pdf"
lorazepam,proposed_row_update,medium,fda_black_box_warning_verified,proposed,False,Boxed warning was rechecked against an FDA label source during this audit.,https://www.accessdata.fda.gov/drugsatfda_docs/label/2023/018140s051lbl.pdf,05-20-2026,05-21-2026
lorazepam,proposed_row_update,medium,evidence_sources,proposed,False,Replaces non-trusted/impermissible source names with trusted source categories that support the checked cells.,https://www.accessdata.fda.gov/drugsatfda_docs/label/2023/017794s049lbl.pdf; https://www.accessdata.fda.gov/drugsatfda_docs/label/2023/018140s051lbl.pdf; https://www.accessdata.fda.gov/drugsatfda_docs/label/2009/079244lbl.PDF; https://www.accessdata.fda.gov/drugsatfda_docs/label/2023/214826s003lbl.pdf; https://pubmed.ncbi.nlm.nih.gov/11547716/; https://clinicaltrials.gov/study/NCT00004297,Wikipedia anticonvulsant drug-class list; American Epilepsy Society 2024 U.S. ASM summary; Sills and Rogawski 2020 ASM mechanism review; FDA/DailyMed labeling,FDA/Drugs@FDA labeling (Ativan tablets NDA 017794; Ativan injection NDA 018140; Loreev XR NDA 214826; lorazepam oral concentrate ANDA 079244); PubMed/NCBI RCT records; ClinicalTrials.gov NCT00004297
lorazepam,proposed_row_update,medium,mechanism_source,proposed,False,FDA labeling directly supports the GABA-benzodiazepine receptor mechanism used in the row; AES was not verified from a trusted URL in this audit.,https://www.accessdata.fda.gov/drugsatfda_docs/label/2023/018140s051lbl.pdf,American Epilepsy Society 2024 U.S. ASM summary; Sills and Rogawski 2020 ASM mechanism review,FDA Ativan Injection label
lorazepam,proposed_row_update,critical,adverse_symptoms_percentages,proposed,True,Corrects the FDA-labeled common adverse event percentages and replaces unsupported respiratory depression 3%.,https://www.accessdata.fda.gov/drugsatfda_docs/label/2023/017794s049lbl.pdf,"CNS: sedation 16%, CNS: dizziness 7%, constitutional: weakness 4%, respiratory: respiratory depression 3%","CNS: sedation 15.9%, CNS: dizziness 6.9%, constitutional: weakness 4.2%, CNS: unsteadiness 3.4%"
lorazepam,proposed_row_update,medium,formulations_available,proposed,False,Adds FDA-approved Loreev XR extended-release capsule formulation.,https://www.accessdata.fda.gov/drugsatfda_docs/label/2023/214826s003lbl.pdf; https://www.accessdata.fda.gov/drugsatfda_docs/nda/2022/214826Orig1s000Approv.pdf,Tablet; oral concentrate; IV/IM injection,Tablet; oral concentrate; IV/IM injection; extended-release capsule
lorazepam,proposed_row_update,medium,filter_formulation,proposed,False,Derived filter should include the FDA-approved Loreev XR extended-release capsule formulation.,https://www.accessdata.fda.gov/drugsatfda_docs/label/2023/214826s003lbl.pdf,IV/IM injection; Liquid; Tablet,Capsule; IV/IM injection; Liquid; Tablet
lorazepam,proposed_row_update,medium,maximum_approved_daily_dose,proposed,False,FDA labels provide more precise acute status epilepticus and oral dosing limits than the current vague wording.,https://www.accessdata.fda.gov/drugsatfda_docs/label/2023/018140s051lbl.pdf; https://www.accessdata.fda.gov/drugsatfda_docs/label/2023/017794s049lbl.pdf,Acute seizure dosing individualized,Status epilepticus: 4 mg IV slowly; may repeat 4 mg IV once after 10-15 minutes if seizures continue or recur; experience with further doses is very limited. Oral anxiety labeling: 1-10 mg/day.
lorazepam,proposed_row_update,medium,minimum_effective_dose,proposed,False,Clarifies that lorazepam does not have a chronic epilepsy minimum effective dose and cites the FDA status epilepticus regimen.,https://www.accessdata.fda.gov/drugsatfda_docs/label/2023/018140s051lbl.pdf,Acute seizure/status dosing individualized,"No chronic epilepsy minimum effective dose; status epilepticus adult FDA-labeled regimen is 4 mg IV slowly, with one repeat 4 mg dose after 10-15 minutes if needed."
lorazepam,proposed_row_update,critical,pubmed_phase_ii_iii_rct_links,proposed,True,Walker1984 is placebo-controlled and randomized but not verified as phase II/III. Alldredge2001 is the missing placebo-controlled lorazepam status epilepticus RCT associated with phase III NCT00004297.,https://pubmed.ncbi.nlm.nih.gov/6378615/; https://pubmed.ncbi.nlm.nih.gov/11547716/; https://clinicaltrials.gov/study/NCT00004297,Walker1984|https://pubmed.ncbi.nlm.nih.gov/6378615/,Alldredge2001|https://pubmed.ncbi.nlm.nih.gov/11547716/
lorazepam,proposed_row_update,critical,rct_pubmed_verification_notes,proposed,True,Corrects the retained/rejected RCT interpretation and documents the extractable acute endpoint separately from RR50/MPC/seizure freedom.,https://pubmed.ncbi.nlm.nih.gov/6378615/; https://pubmed.ncbi.nlm.nih.gov/11547716/; https://clinicaltrials.gov/study/NCT00004297,PubMed loop 29/65 on 2026-05-15: 1 qualifying placebo-controlled randomized clinical trial report(s) retained from 11 PubMed candidate(s). Links were rebuilt from fetched PubMed PMID metadata and named FirstAuthorYear. Differential effectiveness columns summarize extractable maximum effective dose/regimen values within qualifying RCT reports.,"Audit 2026-05-21: Walker1984 PMID 6378615 is a lorazepam double-blind placebo-controlled crossover clinical trial but is not verified as phase II/III. Alldredge2001 PMID 11547716 is a randomized double-blind lorazepam/diazepam/placebo out-of-hospital status epilepticus trial associated with phase III NCT00004297 and should be included if this field is restricted to phase II/III placebo-controlled RCTs. RR50, MPC, and standard seizure-freedom endpoints remain not extractable; Alldredge2001 reports acute status-termination 59.1% lorazepam vs 21.1% placebo."
lorazepam,proposed_row_update,medium,mechanism_source_tier,proposed,False,The reviewed trusted source directly supporting the mechanism is FDA labeling; AES was not cited from a trusted source URL in this audit bundle.,https://www.accessdata.fda.gov/drugsatfda_docs/label/2023/018140s051lbl.pdf,AES/FDA summary,FDA labeling
mephenytoin,fact_check,high,alternate_generic_names,missing,False,NCBI MeSH lists these as Mephenytoin entry terms. They should be captured as aliases rather than separate drug rows.,https://www.ncbi.nlm.nih.gov/mesh?Cmd=DetailsSearch&Db=mesh&Term=%22Mephenytoin%22%5BMeSH%20Terms%5D,,Methoin; methyl phenetoin; mefenetoin; 5-ethyl-3-methyl-5-phenylhydantoin; Phenantoin
mephenytoin,fact_check,high,pubmed_search_aliases,missing,False,The PubMed search alias list should include the NCBI MeSH entry terms so alias-only literature is not missed.,https://www.ncbi.nlm.nih.gov/mesh?Cmd=DetailsSearch&Db=mesh&Term=%22Mephenytoin%22%5BMeSH%20Terms%5D,Mesantoin,Mesantoin; Methoin; methyl phenetoin; mefenetoin; Phenantoin; 5-ethyl-3-methyl-5-phenylhydantoin
mephenytoin,fact_check,high,mechanism_of_action,missing,False,"The current FDA/Orange Book source does not provide a mechanism, but NCBI/PubMed sources support a limited non-label mechanism entry rather than N/A.",https://pubchem.ncbi.nlm.nih.gov/compound/Mephenytoin; https://pubmed.ncbi.nlm.nih.gov/32120063/,N/A - no current FDA/DailyMed label located; FDA Orange Book confirms historical U.S. product approval/listing but does not provide mechanism of action.,"Hydantoin-class antiseizure drug; exact drug-specific mechanism is limited, but mephenytoin/hydantoin sources describe reduced high-frequency neuronal firing through voltage-gated sodium-channel effects."
mephenytoin,fact_check,high,mechanism_source,incorrect,False,"Orange Book supports product identity, not mechanism. Mechanism should cite the NCBI/PubMed pharmacology sources if populated.",https://pubchem.ncbi.nlm.nih.gov/compound/Mephenytoin; https://pubmed.ncbi.nlm.nih.gov/32120063/,FDA Orange Book products file,NCBI PubChem pharmacology records; Sills and Rogawski 2020 ASM mechanism review
mephenytoin,fact_check,high,half_life_range,missing,False,"The FDA label is unavailable, but NCBI/PubMed-indexed pharmacokinetic evidence and PubChem report half-life values; the N/A value is missing available evidence.",https://pubmed.ncbi.nlm.nih.gov/42344/; https://pubchem.ncbi.nlm.nih.gov/compound/Mephenytoin,N/A - no current FDA/DailyMed label located and FDA Orange Book product listing does not provide half-life.,Mephenytoin approximately 7 hours; active metabolite 5-ethyl-5-phenylhydantoin/nirvanol approximately 96 hours (reported range about 95-144 hours).
mephenytoin,fact_check,high,major_organ_for_metabolism,missing,False,"PubMed/PMC literature identifies CYP2C19-mediated mephenytoin metabolism, so the metabolism field should not remain N/A solely because a current FDA label is unavailable.",https://pmc.ncbi.nlm.nih.gov/articles/PMC2014478/; https://pubmed.ncbi.nlm.nih.gov/9435198/; https://pubchem.ncbi.nlm.nih.gov/compound/Mephenytoin,N/A - no current FDA/DailyMed label located and FDA Orange Book product listing does not provide metabolism information.,"Hepatic CYP metabolism, especially CYP2C19-mediated S-mephenytoin hydroxylation; additional CYP enzymes are reported in NCBI/PubChem records."
mephenytoin,fact_check,medium,adverse_symptoms_percentages,missing_source,True,No adverse-event percentages are supported by the cited FDA sources. The embedded '0%' is not an evidence-based adverse-event percentage and should be removed if the field is intended to contain sourced percentages.,https://open.fda.gov/apis/drug/label/; https://www.fda.gov/drugs/drug-approvals-and-databases/orange-book-data-files,N/A 0%: no current FDA/DailyMed label identified; FDA Orange Book product listing does not provide adverse-event percentages.,N/A: no current FDA/openFDA label identified; FDA Orange Book product listing does not provide adverse-event percentages.
mephenytoin,fact_check,high,evidence_sources,incorrect,False,"DailyMed should not be used for the boxed-warning field, and the row needs NCBI/PubMed sources for aliases, mechanism, half-life, metabolism, and RCT absence.",https://www.fda.gov/drugs/drug-approvals-and-databases/orange-book-data-files; https://open.fda.gov/apis/drug/label/; https://www.ncbi.nlm.nih.gov/mesh?Cmd=DetailsSearch&Db=mesh&Term=%22Mephenytoin%22%5BMeSH%20Terms%5D; https://pubchem.ncbi.nlm.nih.gov/compound/Mephenytoin; https://pubmed.ncbi.nlm.nih.gov/?term=%28mephenytoin%20OR%20Mesantoin%29%20epilepsy%20placebo%20randomized,FDA Orange Book products file; FDA/DailyMed labeling,FDA Orange Book products file; FDA/openFDA labeling; NCBI MeSH; NCBI PubChem; PubMed/NCBI literature search
mephenytoin,black_box_warning,high,fda_black_box_warning,incorrect,False,"Underlying no-current-label conclusion is consistent with the provided FDA/openFDA audit finding, but DailyMed is not permissible for the boxed-warning field. Use FDA/openFDA wording only.",https://open.fda.gov/apis/drug/label/; https://api.fda.gov/drug/label.json?search=openfda.generic_name:%22MEPHENYTOIN%22&limit=1; https://api.fda.gov/drug/label.json?search=openfda.brand_name:%22MESANTOIN%22&limit=1,No current FDA/DailyMed label identified. Source: FDA/DailyMed search on 05-20-2026: no current label found for terms [mephenytoin; Mesantoin].,No current FDA/openFDA label identified. Source: FDA/openFDA label API search on 05-20-2026: no current FDA label found for terms [mephenytoin; Mesantoin].
mephenytoin,proposed_row_update,medium,evidence_sources,proposed,False,"DailyMed is not allowed for the boxed-warning field, and additional NCBI/PubMed sources are needed for aliases, mechanism, PK/metabolism, and RCT absence.",https://www.fda.gov/drugs/drug-approvals-and-databases/orange-book-data-files; https://open.fda.gov/apis/drug/label/; https://www.ncbi.nlm.nih.gov/mesh?Cmd=DetailsSearch&Db=mesh&Term=%22Mephenytoin%22%5BMeSH%20Terms%5D; https://pubchem.ncbi.nlm.nih.gov/compound/Mephenytoin; https://pubmed.ncbi.nlm.nih.gov/?term=%28mephenytoin%20OR%20Mesantoin%29%20epilepsy%20placebo%20randomized,FDA Orange Book products file; FDA/DailyMed labeling,FDA Orange Book products file; FDA/openFDA labeling; NCBI MeSH; NCBI PubChem; PubMed/NCBI literature search
mephenytoin,proposed_row_update,medium,fda_black_box_warning_source,proposed,False,"FDA boxed-warning verification must use FDA/openFDA, FDA label, or Drugs@FDA sources only.",https://open.fda.gov/apis/drug/label/; https://api.fda.gov/drug/label.json?search=openfda.generic_name:%22MEPHENYTOIN%22&limit=1; https://api.fda.gov/drug/label.json?search=openfda.brand_name:%22MESANTOIN%22&limit=1,FDA/DailyMed search on 05-20-2026: no current label found for terms [mephenytoin; Mesantoin].,FDA/openFDA label API search on 05-20-2026: no current FDA label found for terms [mephenytoin; Mesantoin].
mephenytoin,proposed_row_update,medium,mechanism_source,proposed,False,FDA Orange Book product data do not support mechanism of action.,https://pubchem.ncbi.nlm.nih.gov/compound/Mephenytoin; https://pubmed.ncbi.nlm.nih.gov/32120063/,FDA Orange Book products file,NCBI PubChem pharmacology records; Sills and Rogawski 2020 ASM mechanism review
mephenytoin,proposed_row_update,medium,alternate_generic_names,proposed,False,Important NCBI MeSH aliases are missing.,https://www.ncbi.nlm.nih.gov/mesh?Cmd=DetailsSearch&Db=mesh&Term=%22Mephenytoin%22%5BMeSH%20Terms%5D,,Methoin; methyl phenetoin; mefenetoin; 5-ethyl-3-methyl-5-phenylhydantoin; Phenantoin
mephenytoin,proposed_row_update,medium,pubmed_search_aliases,proposed,False,Add MeSH entry terms to improve PubMed retrieval.,https://www.ncbi.nlm.nih.gov/mesh?Cmd=DetailsSearch&Db=mesh&Term=%22Mephenytoin%22%5BMeSH%20Terms%5D,Mesantoin,Mesantoin; Methoin; methyl phenetoin; mefenetoin; Phenantoin; 5-ethyl-3-methyl-5-phenylhydantoin
mephenytoin,proposed_row_update,medium,evidence_sources,proposed,False,"Replace DailyMed wording for FDA boxed-warning compliance and add sources that support aliases, mechanism, PK/metabolism, and RCT absence.",https://www.fda.gov/drugs/drug-approvals-and-databases/orange-book-data-files; https://open.fda.gov/apis/drug/label/; https://www.ncbi.nlm.nih.gov/mesh?Cmd=DetailsSearch&Db=mesh&Term=%22Mephenytoin%22%5BMeSH%20Terms%5D; https://pubchem.ncbi.nlm.nih.gov/compound/Mephenytoin; https://pubmed.ncbi.nlm.nih.gov/?term=%28mephenytoin%20OR%20Mesantoin%29%20epilepsy%20placebo%20randomized,FDA Orange Book products file; FDA/DailyMed labeling,FDA Orange Book products file; FDA/openFDA labeling; NCBI MeSH; NCBI PubChem; PubMed/NCBI literature search
mephenytoin,proposed_row_update,medium,fda_black_box_warning,proposed,False,DailyMed is not permissible for FDA boxed-warning verification in this audit.,https://open.fda.gov/apis/drug/label/,No current FDA/DailyMed label identified.,No current FDA/openFDA label identified.
mephenytoin,proposed_row_update,medium,fda_black_box_warning_source,proposed,False,Use FDA/openFDA source wording only for boxed-warning metadata.,https://open.fda.gov/apis/drug/label/; https://api.fda.gov/drug/label.json?search=openfda.generic_name:%22MEPHENYTOIN%22&limit=1; https://api.fda.gov/drug/label.json?search=openfda.brand_name:%22MESANTOIN%22&limit=1,FDA/DailyMed search on 05-20-2026: no current label found for terms [mephenytoin; Mesantoin].,FDA/openFDA label API search on 05-20-2026: no current FDA label found for terms [mephenytoin; Mesantoin].
mephenytoin,proposed_row_update,medium,mechanism_of_action,proposed,False,NCBI/PubMed sources support a limited mechanism entry.,https://pubchem.ncbi.nlm.nih.gov/compound/Mephenytoin; https://pubmed.ncbi.nlm.nih.gov/32120063/,N/A - no current FDA/DailyMed label located; FDA Orange Book confirms historical U.S. product approval/listing but does not provide mechanism of action.,"Hydantoin-class antiseizure drug; exact drug-specific mechanism is limited, but mephenytoin/hydantoin sources describe reduced high-frequency neuronal firing through voltage-gated sodium-channel effects."
mephenytoin,proposed_row_update,medium,mechanism_source,proposed,False,Orange Book does not support mechanism.,https://pubchem.ncbi.nlm.nih.gov/compound/Mephenytoin; https://pubmed.ncbi.nlm.nih.gov/32120063/,FDA Orange Book products file,NCBI PubChem pharmacology records; Sills and Rogawski 2020 ASM mechanism review
mephenytoin,proposed_row_update,medium,mechanism_source_tier,proposed,False,Reflects historical/non-label mechanism support.,https://pubchem.ncbi.nlm.nih.gov/compound/Mephenytoin; https://pubmed.ncbi.nlm.nih.gov/32120063/,Historical/limited,Historical/limited; NCBI/PubMed secondary pharmacology
mephenytoin,proposed_row_update,medium,half_life_range,proposed,False,PK evidence is available from PubMed-indexed/PubChem sources.,https://pubmed.ncbi.nlm.nih.gov/42344/; https://pubchem.ncbi.nlm.nih.gov/compound/Mephenytoin,N/A - no current FDA/DailyMed label located and FDA Orange Book product listing does not provide half-life.,Mephenytoin approximately 7 hours; active metabolite 5-ethyl-5-phenylhydantoin/nirvanol approximately 96 hours (reported range about 95-144 hours).
mephenytoin,proposed_row_update,medium,major_organ_for_metabolism,proposed,False,Mephenytoin is a CYP2C19 phenotype probe with documented CYP metabolism.,https://pmc.ncbi.nlm.nih.gov/articles/PMC2014478/; https://pubmed.ncbi.nlm.nih.gov/9435198/; https://pubchem.ncbi.nlm.nih.gov/compound/Mephenytoin,N/A - no current FDA/DailyMed label located and FDA Orange Book product listing does not provide metabolism information.,"Hepatic CYP metabolism, especially CYP2C19-mediated S-mephenytoin hydroxylation; additional CYP enzymes are reported in NCBI/PubChem records."
mephenytoin,proposed_row_update,medium,formulations_available,proposed,False,FDA Orange Book product data support tablet/oral and 100 mg strength.,https://www.accessdata.fda.gov/scripts/cder/ob/results_product.cfm?Appl_Type=N&Appl_No=006008; https://www.fda.gov/drugs/drug-approvals-and-databases/orange-book-data-files,Historical oral tablet (not marketed in U.S.),"Historical oral tablet, 100 mg (Mesantoin; discontinued/not marketed in U.S.)"
mephenytoin,proposed_row_update,critical,adverse_symptoms_percentages,proposed,True,No sourced adverse-event percentages were found; '0%' is unsupported as a percentage fact.,https://open.fda.gov/apis/drug/label/; https://www.fda.gov/drugs/drug-approvals-and-databases/orange-book-data-files,N/A 0%: no current FDA/DailyMed label identified; FDA Orange Book product listing does not provide adverse-event percentages.,N/A: no current FDA/openFDA label identified; FDA Orange Book product listing does not provide adverse-event percentages.
mephenytoin,proposed_row_update,medium,qt_interval_effect,proposed,False,Source wording should use FDA/openFDA rather than DailyMed.,https://open.fda.gov/apis/drug/label/; https://www.fda.gov/drugs/drug-approvals-and-databases/orange-book-data-files,N/A - no current FDA/DailyMed label located and FDA Orange Book product listing does not describe QT effect.,N/A - no current FDA/openFDA label located and FDA Orange Book product listing does not describe QT effect.
mephenytoin,proposed_row_update,medium,typical_doses_per_day,proposed,False,Source wording should use FDA/openFDA rather than DailyMed.,https://open.fda.gov/apis/drug/label/; https://www.fda.gov/drugs/drug-approvals-and-databases/orange-book-data-files,N/A - no current FDA/DailyMed label located and FDA Orange Book product listing does not provide dosing.,N/A - no current FDA/openFDA label located and FDA Orange Book product listing does not provide dosing.
mephenytoin,proposed_row_update,medium,minimum_effective_dose,proposed,False,Source wording should use FDA/openFDA rather than DailyMed.,https://open.fda.gov/apis/drug/label/; https://www.fda.gov/drugs/drug-approvals-and-databases/orange-book-data-files,N/A - no current FDA/DailyMed label located and FDA Orange Book product listing does not provide a minimum effective dose.,N/A - no current FDA/openFDA label located and FDA Orange Book product listing does not provide a minimum effective dose.
mephenytoin,proposed_row_update,medium,maximum_approved_daily_dose,proposed,False,Source wording should use FDA/openFDA rather than DailyMed.,https://open.fda.gov/apis/drug/label/; https://www.fda.gov/drugs/drug-approvals-and-databases/orange-book-data-files,N/A - no current FDA/DailyMed label located and FDA Orange Book product listing does not provide a maximum approved daily dose.,N/A - no current FDA/openFDA label located and FDA Orange Book product listing does not provide a maximum approved daily dose.
metharbital,fact_check,high,alternate_generic_names,missing,False,"Important aliases are missing. PubChem/MeSH lists endiemal, metharbitone, and methobarbitone, and PubChem depositor synonyms include metarbital. These should be captured to avoid alias-based duplicate rows/search misses.",https://pubchem.ncbi.nlm.nih.gov/compound/Metharbital,,Endiemal; metharbitone; methobarbitone; metarbital
metharbital,fact_check,high,pubmed_search_aliases,incorrect,False,Current value is incomplete for literature search. Adding common NCBI/PubChem/MeSH aliases improves PubMed recall without creating a separate drug row.,https://pubchem.ncbi.nlm.nih.gov/compound/Metharbital,Gemonil,Gemonil; Endiemal; metharbitone; methobarbitone; metarbital
metharbital,fact_check,high,evidence_sources,incorrect,False,"DailyMed should not be used for boxed-warning verification, and the row now needs an explicit NCBI/PubChem alias source. openFDA is the appropriate FDA label-search source for the no-current-label finding.",https://www.fda.gov/drugs/drug-approvals-and-databases/orange-book-data-files; https://open.fda.gov/apis/drug/label/; https://pubchem.ncbi.nlm.nih.gov/compound/Metharbital,FDA Orange Book products file; FDA/DailyMed labeling,FDA Orange Book products file; FDA/openFDA labeling API; NCBI PubChem/MeSH aliases
metharbital,fact_check,high,mechanism_of_action,incorrect,False,"The substantive N/A mechanism conclusion is supported by absence of a current FDA label and Orange Book field limitations, but source wording should be FDA/openFDA rather than FDA/DailyMed.",https://open.fda.gov/apis/drug/label/; https://www.fda.gov/drugs/drug-approvals-and-databases/orange-book-data-files,N/A - no current FDA/DailyMed label located; FDA Orange Book confirms historical U.S. product approval/listing but does not provide mechanism of action.,N/A - no current FDA/openFDA label located; FDA Orange Book confirms historical U.S. product approval/listing but does not provide mechanism of action.
metharbital,black_box_warning,high,fda_black_box_warning,incorrect,False,"Substantive no-current-FDA-label finding is plausible, but boxed-warning verification must cite FDA/openFDA, FDA label, or Drugs@FDA only. DailyMed should not appear in this boxed-warning field.",https://open.fda.gov/apis/drug/label/; https://api.fda.gov/drug/label.json,No current FDA/DailyMed label identified.,No current FDA/openFDA label identified.
metharbital,proposed_row_update,medium,evidence_sources,proposed,False,Current source list cites DailyMed despite boxed-warning policy and omits alias source coverage.,https://www.fda.gov/drugs/drug-approvals-and-databases/orange-book-data-files; https://open.fda.gov/apis/drug/label/; https://pubchem.ncbi.nlm.nih.gov/compound/Metharbital,FDA Orange Book products file; FDA/DailyMed labeling,FDA Orange Book products file; FDA/openFDA labeling API; NCBI PubChem/MeSH aliases
metharbital,proposed_row_update,medium,fda_black_box_warning_source,proposed,False,FDA-only source wording required for boxed-warning verification.,https://open.fda.gov/apis/drug/label/; https://api.fda.gov/drug/label.json,FDA/DailyMed search on 05-20-2026: no current label found for terms [metharbital; Gemonil].,FDA/openFDA label API search on 05-20-2026: no current FDA label found for terms [metharbital; Gemonil].
metharbital,proposed_row_update,medium,alternate_generic_names,proposed,False,Add important aliases supported by NCBI/PubChem/MeSH.,https://pubchem.ncbi.nlm.nih.gov/compound/Metharbital,,Endiemal; metharbitone; methobarbitone; metarbital
metharbital,proposed_row_update,medium,pubmed_search_aliases,proposed,False,Improve PubMed recall and alias deduplication.,https://pubchem.ncbi.nlm.nih.gov/compound/Metharbital,Gemonil,Gemonil; Endiemal; metharbitone; methobarbitone; metarbital
metharbital,proposed_row_update,medium,evidence_sources,proposed,False,Replace DailyMed boxed-warning source dependency and add alias source coverage.,https://www.fda.gov/drugs/drug-approvals-and-databases/orange-book-data-files; https://open.fda.gov/apis/drug/label/; https://pubchem.ncbi.nlm.nih.gov/compound/Metharbital,FDA Orange Book products file; FDA/DailyMed labeling,FDA Orange Book products file; FDA/openFDA labeling API; NCBI PubChem/MeSH aliases
metharbital,proposed_row_update,medium,fda_black_box_warning,proposed,False,"Boxed-warning field must use FDA/openFDA, FDA labels, or Drugs@FDA only.",https://open.fda.gov/apis/drug/label/; https://api.fda.gov/drug/label.json,No current FDA/DailyMed label identified.,No current FDA/openFDA label identified.
metharbital,proposed_row_update,medium,fda_black_box_warning_source,proposed,False,DailyMed is not permissible for boxed-warning verification; use FDA/openFDA source wording.,https://open.fda.gov/apis/drug/label/; https://api.fda.gov/drug/label.json,FDA/DailyMed search on 05-20-2026: no current label found for terms [metharbital; Gemonil].,FDA/openFDA label API search on 05-20-2026: no current FDA label found for terms [metharbital; Gemonil].
methsuximide,fact_check,high,alternate_generic_names,missing,False,NCBI LiverTox states methsuximide is also called mesuximide. This alias should be captured to avoid duplicate-row treatment.,https://www.ncbi.nlm.nih.gov/books/NBK548535/,,mesuximide
methsuximide,fact_check,critical,trade_names,incorrect,True,"Celontin is the proprietary/brand name; methsuximide is the established generic name already captured in generic_name, not a separate trade name.",https://www.accessdata.fda.gov/drugsatfda_docs/label/2010/010596s22lbl.pdf; https://www.ncbi.nlm.nih.gov/books/NBK548535/,Celontin; Methsuximide,Celontin
methsuximide,fact_check,high,pubmed_search_aliases,missing,False,Mesuximide is a documented alternate name and should be included as a search alias.,https://www.ncbi.nlm.nih.gov/books/NBK548535/,Celontin,Celontin; mesuximide
methsuximide,fact_check,medium,mechanism_source,missing_source,False,The mechanism is supported by FDA labeling; DailyMed should not be the named source when FDA/accessdata and openFDA sources are available.,https://www.accessdata.fda.gov/drugsatfda_docs/label/2010/010596s22lbl.pdf; https://api.fda.gov/drug/label.json?search=openfda.spl_set_id%3A%2264a6ee88-c6b1-4e13-8208-b6772ef65a74%22&limit=5,FDA/DailyMed labeling,FDA Drugs@FDA/accessdata labeling; FDA/openFDA labeling
methsuximide,fact_check,critical,adverse_symptoms_percentages,incorrect,True,The current statement is directionally supported but the '0%' prefix is misleading and the list omits several labeled adverse reactions.,https://www.accessdata.fda.gov/drugsatfda_docs/label/2010/010596s22lbl.pdf,"N/A 0%: FDA label lists nausea/vomiting, anorexia, diarrhea, weight loss, epigastric/abdominal pain, constipation, drowsiness, ataxia/dizziness, irritability/nervousness, headache, blurred vision, photophobia, hiccups, insomnia, confusion, depression, psychosis, urticaria, SJS, rash, and blood dyscrasias without quantified incidence percentages.","N/A: FDA labeling reports adverse reactions without incidence percentages. Listed reactions include GI symptoms, hematologic abnormalities/blood dyscrasias, neurologic and sensory symptoms, psychiatric abnormalities including rare psychosis/suicidal behavior/auditory hallucinations, dermatologic reactions including Stevens-Johnson syndrome, hyperemia, proteinuria/microscopic hematuria, and periorbital edema."
methsuximide,fact_check,high,filter_symptom_category,missing,False,"FDA labeling also lists hyperemia, proteinuria/microscopic hematuria, and periorbital edema.",https://www.accessdata.fda.gov/drugsatfda_docs/label/2010/010596s22lbl.pdf,CNS; Dermatologic; GI; Hematologic; Neurologic; Psychiatric,CNS; Dermatologic; GI; Hematologic; Neurologic; Psychiatric; Cardiovascular; Genitourinary; General/Other
methsuximide,fact_check,high,half_life_range,missing,False,"The FDA label caveat is true, but a trusted PubMed pharmacology source provides half-life values for the principal plasma substance/active metabolite, so N/A is incomplete.",https://pubmed.ncbi.nlm.nih.gov/6403891/; https://www.accessdata.fda.gov/drugsatfda_docs/label/2010/010596s22lbl.pdf,N/A - selected FDA/DailyMed label does not provide a half-life value; label notes an active N-desmethylmethsuximide metabolite in overdose.,Active metabolite N-desmethylmethsuximide: accumulation half-life 49.7 hours and elimination half-life 72.2 hours in PubMed PMID 6403891; FDA labeling notes active N-desmethylmethsuximide in overdose but does not provide half-life.
methsuximide,fact_check,critical,major_organ_for_metabolism,missing,True,"The label-only limitation is true, but NCBI provides a trusted source for hepatic metabolism.",https://www.ncbi.nlm.nih.gov/books/NBK548535/; https://www.accessdata.fda.gov/drugsatfda_docs/label/2010/010596s22lbl.pdf,N/A - selected FDA/DailyMed label does not identify a major metabolic organ; label notes active N-desmethylmethsuximide metabolite and advises liver/renal caution.,Hepatic/liver; NCBI LiverTox states methsuximide is metabolized in the liver via the cytochrome P450 system (CYP3A4). FDA labeling notes active N-desmethylmethsuximide in overdose and advises liver/renal caution.
methsuximide,fact_check,critical,filter_metabolism,incorrect,True,"NCBI LiverTox identifies liver metabolism via CYP3A4, so the filter should not remain limited/unknown.",https://www.ncbi.nlm.nih.gov/books/NBK548535/,Limited/unknown,Hepatic
methsuximide,fact_check,medium,evidence_sources,missing_source,False,"DailyMed should not be used as the named FDA source for the boxed-warning field, and additional trusted sources are needed for aliases, metabolism, and half-life.",https://api.fda.gov/drug/label.json?search=openfda.spl_set_id%3A%2264a6ee88-c6b1-4e13-8208-b6772ef65a74%22&limit=5; https://www.accessdata.fda.gov/drugsatfda_docs/label/2010/010596s22lbl.pdf; https://www.accessdata.fda.gov/drugsatfda_docs/appletter/2010/010596s022ltr.pdf; https://www.fda.gov/drugs/generic-drugs/competitive-generic-therapy-approvals; https://www.ncbi.nlm.nih.gov/books/NBK548535/; https://pubmed.ncbi.nlm.nih.gov/6403891/,FDA Orange Book products file; FDA/DailyMed labeling,FDA/openFDA labeling; FDA Drugs@FDA/accessdata labeling and approval correspondence; FDA CGT approvals list; NCBI LiverTox; PubMed PMID 6403891
methsuximide,fact_check,high,fda_black_box_warning,incorrect,False,"The warning conclusion is supported, but the source wording must be changed from DailyMed to FDA/openFDA.",https://api.fda.gov/drug/label.json?search=openfda.spl_set_id%3A%2264a6ee88-c6b1-4e13-8208-b6772ef65a74%22&limit=5,No FDA boxed warning identified in selected current DailyMed label.,No FDA boxed warning identified in selected current FDA/openFDA label.
methsuximide,fact_check,high,fda_black_box_warning_source,incorrect,False,DailyMed is impermissible for black-box verification under the row audit policy; FDA/openFDA is acceptable.,https://api.fda.gov/drug/label.json?search=openfda.spl_set_id%3A%2264a6ee88-c6b1-4e13-8208-b6772ef65a74%22&limit=5,"FDA/DailyMed SPL; status=no_boxed_warning_in_selected_label; setid=64a6ee88-c6b1-4e13-8208-b6772ef65a74; published=Apr 09, 2026; title=CELONTIN (METHSUXIMIDE) CAPSULE [PARKE-DAVIS DIV OF PFIZER INC]; url=https://dailymed.nlm.nih.gov/dailymed/drugInfo.cfm?setid=64a6ee88-c6b1-4e13-8208-b6772ef65a74",FDA/openFDA drug label API; status=no_boxed_warning_in_selected_fda_label; spl_set_id=64a6ee88-c6b1-4e13-8208-b6772ef65a74; effective_time=20260407; title=Celontin / METHSUXIMIDE; api_url=https://api.fda.gov/drug/label.json?search=openfda.spl_set_id%3A%2264a6ee88-c6b1-4e13-8208-b6772ef65a74%22&limit=5
methsuximide,black_box_warning,high,fda_black_box_warning,incorrect,False,"The no-boxed-warning conclusion is supported, but the current row cites DailyMed for the boxed-warning field, which is not permissible under the audit policy. Use the FDA/openFDA label API metadata instead.",https://api.fda.gov/drug/label.json?search=openfda.spl_set_id%3A%2264a6ee88-c6b1-4e13-8208-b6772ef65a74%22&limit=5; https://www.accessdata.fda.gov/drugsatfda_docs/label/2010/010596s22lbl.pdf,No FDA boxed warning identified in selected current DailyMed label.,No FDA boxed warning identified in selected current FDA/openFDA label.
methsuximide,proposed_row_update,medium,fda_black_box_warning_source,proposed,False,"Black-box verification must use FDA/openFDA, FDA labels, or Drugs@FDA, not DailyMed.",https://api.fda.gov/drug/label.json?search=openfda.spl_set_id%3A%2264a6ee88-c6b1-4e13-8208-b6772ef65a74%22&limit=5,"FDA/DailyMed SPL; status=no_boxed_warning_in_selected_label; setid=64a6ee88-c6b1-4e13-8208-b6772ef65a74; published=Apr 09, 2026; title=CELONTIN (METHSUXIMIDE) CAPSULE [PARKE-DAVIS DIV OF PFIZER INC]; url=https://dailymed.nlm.nih.gov/dailymed/drugInfo.cfm?setid=64a6ee88-c6b1-4e13-8208-b6772ef65a74",FDA/openFDA drug label API; status=no_boxed_warning_in_selected_fda_label; spl_set_id=64a6ee88-c6b1-4e13-8208-b6772ef65a74; effective_time=20260407; title=Celontin / METHSUXIMIDE; api_url=https://api.fda.gov/drug/label.json?search=openfda.spl_set_id%3A%2264a6ee88-c6b1-4e13-8208-b6772ef65a74%22&limit=5
methsuximide,proposed_row_update,medium,evidence_sources,proposed,False,"The retained facts now need explicit trusted-source support for label, approval/availability, alias, metabolism, and half-life claims.",https://api.fda.gov/drug/label.json?search=openfda.spl_set_id%3A%2264a6ee88-c6b1-4e13-8208-b6772ef65a74%22&limit=5; https://www.accessdata.fda.gov/drugsatfda_docs/label/2010/010596s22lbl.pdf; https://www.accessdata.fda.gov/drugsatfda_docs/appletter/2010/010596s022ltr.pdf; https://www.fda.gov/drugs/generic-drugs/competitive-generic-therapy-approvals; https://www.ncbi.nlm.nih.gov/books/NBK548535/; https://pubmed.ncbi.nlm.nih.gov/6403891/,FDA Orange Book products file; FDA/DailyMed labeling,FDA/openFDA labeling; FDA Drugs@FDA/accessdata labeling and approval correspondence; FDA CGT approvals list; NCBI LiverTox; PubMed PMID 6403891
methsuximide,proposed_row_update,medium,mechanism_source,proposed,False,Use FDA-accessible labeling directly for mechanism support.,https://www.accessdata.fda.gov/drugsatfda_docs/label/2010/010596s22lbl.pdf; https://api.fda.gov/drug/label.json?search=openfda.spl_set_id%3A%2264a6ee88-c6b1-4e13-8208-b6772ef65a74%22&limit=5,FDA/DailyMed labeling,FDA Drugs@FDA/accessdata labeling; FDA/openFDA labeling
methsuximide,proposed_row_update,medium,alternate_generic_names,proposed,False,Documented NCBI alias.,https://www.ncbi.nlm.nih.gov/books/NBK548535/,,mesuximide
methsuximide,proposed_row_update,critical,trade_names,proposed,True,"Methsuximide is the generic name, not a separate trade name.",https://www.accessdata.fda.gov/drugsatfda_docs/label/2010/010596s22lbl.pdf; https://www.ncbi.nlm.nih.gov/books/NBK548535/,Celontin; Methsuximide,Celontin
methsuximide,proposed_row_update,medium,pubmed_search_aliases,proposed,False,Add documented alternate name for literature searches.,https://www.ncbi.nlm.nih.gov/books/NBK548535/,Celontin,Celontin; mesuximide
methsuximide,proposed_row_update,medium,mechanism_source,proposed,False,Use trusted FDA sources directly rather than DailyMed wording.,https://www.accessdata.fda.gov/drugsatfda_docs/label/2010/010596s22lbl.pdf; https://api.fda.gov/drug/label.json?search=openfda.spl_set_id%3A%2264a6ee88-c6b1-4e13-8208-b6772ef65a74%22&limit=5,FDA/DailyMed labeling,FDA Drugs@FDA/accessdata labeling; FDA/openFDA labeling
methsuximide,proposed_row_update,critical,adverse_symptoms_percentages,proposed,True,Avoid misleading '0%' wording and include omitted labeled adverse reactions.,https://www.accessdata.fda.gov/drugsatfda_docs/label/2010/010596s22lbl.pdf,"N/A 0%: FDA label lists nausea/vomiting, anorexia, diarrhea, weight loss, epigastric/abdominal pain, constipation, drowsiness, ataxia/dizziness, irritability/nervousness, headache, blurred vision, photophobia, hiccups, insomnia, confusion, depression, psychosis, urticaria, SJS, rash, and blood dyscrasias without quantified incidence percentages.","N/A: FDA labeling reports adverse reactions without incidence percentages. Listed reactions include GI symptoms, hematologic abnormalities/blood dyscrasias, neurologic and sensory symptoms, psychiatric abnormalities including rare psychosis/suicidal behavior/auditory hallucinations, dermatologic reactions including Stevens-Johnson syndrome, hyperemia, proteinuria/microscopic hematuria, and periorbital edema."
methsuximide,proposed_row_update,medium,filter_symptom_category,proposed,False,"FDA labeling includes hyperemia, urinary findings, and periorbital edema.",https://www.accessdata.fda.gov/drugsatfda_docs/label/2010/010596s22lbl.pdf,CNS; Dermatologic; GI; Hematologic; Neurologic; Psychiatric,CNS; Dermatologic; GI; Hematologic; Neurologic; Psychiatric; Cardiovascular; Genitourinary; General/Other
methsuximide,proposed_row_update,medium,half_life_range,proposed,False,Trusted PubMed source provides active-metabolite half-life values.,https://pubmed.ncbi.nlm.nih.gov/6403891/; https://www.accessdata.fda.gov/drugsatfda_docs/label/2010/010596s22lbl.pdf,N/A - selected FDA/DailyMed label does not provide a half-life value; label notes an active N-desmethylmethsuximide metabolite in overdose.,Active metabolite N-desmethylmethsuximide: accumulation half-life 49.7 hours and elimination half-life 72.2 hours in PubMed PMID 6403891; FDA labeling notes active N-desmethylmethsuximide in overdose but does not provide half-life.
methsuximide,proposed_row_update,critical,major_organ_for_metabolism,proposed,True,NCBI source identifies hepatic metabolism.,https://www.ncbi.nlm.nih.gov/books/NBK548535/; https://www.accessdata.fda.gov/drugsatfda_docs/label/2010/010596s22lbl.pdf,N/A - selected FDA/DailyMed label does not identify a major metabolic organ; label notes active N-desmethylmethsuximide metabolite and advises liver/renal caution.,Hepatic/liver; NCBI LiverTox states methsuximide is metabolized in the liver via the cytochrome P450 system (CYP3A4). FDA labeling notes active N-desmethylmethsuximide in overdose and advises liver/renal caution.
methsuximide,proposed_row_update,critical,filter_metabolism,proposed,True,NCBI LiverTox supports hepatic metabolism.,https://www.ncbi.nlm.nih.gov/books/NBK548535/,Limited/unknown,Hepatic
methsuximide,proposed_row_update,medium,year_fda_cleared,proposed,False,FDA accessdata approval correspondence provides the exact original approval date.,https://www.accessdata.fda.gov/drugsatfda_docs/appletter/2010/010596s022ltr.pdf,"Approved Prior to Jan 1, 1982 (FDA Orange Book)","Approved February 8, 1957 (NDA 010596; predates Jan 1, 1982)."
methsuximide,proposed_row_update,medium,fda_black_box_warning,proposed,False,DailyMed is not permissible for boxed-warning verification; FDA/openFDA is.,https://api.fda.gov/drug/label.json?search=openfda.spl_set_id%3A%2264a6ee88-c6b1-4e13-8208-b6772ef65a74%22&limit=5,No FDA boxed warning identified in selected current DailyMed label.,No FDA boxed warning identified in selected current FDA/openFDA label.
methsuximide,proposed_row_update,medium,fda_black_box_warning_source,proposed,False,Replace impermissible DailyMed boxed-warning source with FDA/openFDA source.,https://api.fda.gov/drug/label.json?search=openfda.spl_set_id%3A%2264a6ee88-c6b1-4e13-8208-b6772ef65a74%22&limit=5,"FDA/DailyMed SPL; status=no_boxed_warning_in_selected_label; setid=64a6ee88-c6b1-4e13-8208-b6772ef65a74; published=Apr 09, 2026; title=CELONTIN (METHSUXIMIDE) CAPSULE [PARKE-DAVIS DIV OF PFIZER INC]; url=https://dailymed.nlm.nih.gov/dailymed/drugInfo.cfm?setid=64a6ee88-c6b1-4e13-8208-b6772ef65a74",FDA/openFDA drug label API; status=no_boxed_warning_in_selected_fda_label; spl_set_id=64a6ee88-c6b1-4e13-8208-b6772ef65a74; effective_time=20260407; title=Celontin / METHSUXIMIDE; api_url=https://api.fda.gov/drug/label.json?search=openfda.spl_set_id%3A%2264a6ee88-c6b1-4e13-8208-b6772ef65a74%22&limit=5
methsuximide,proposed_row_update,medium,evidence_sources,proposed,False,"Add trusted sources for FDA label facts, FDA approval/availability, alias/metabolism, and half-life; remove DailyMed as named source.",https://api.fda.gov/drug/label.json?search=openfda.spl_set_id%3A%2264a6ee88-c6b1-4e13-8208-b6772ef65a74%22&limit=5; https://www.accessdata.fda.gov/drugsatfda_docs/label/2010/010596s22lbl.pdf; https://www.accessdata.fda.gov/drugsatfda_docs/appletter/2010/010596s022ltr.pdf; https://www.fda.gov/drugs/generic-drugs/competitive-generic-therapy-approvals; https://www.ncbi.nlm.nih.gov/books/NBK548535/; https://pubmed.ncbi.nlm.nih.gov/6403891/,FDA Orange Book products file; FDA/DailyMed labeling,FDA/openFDA labeling; FDA Drugs@FDA/accessdata labeling and approval correspondence; FDA CGT approvals list; NCBI LiverTox; PubMed PMID 6403891
methylphenobarbital,fact_check,high,mechanism_source_tier,incorrect,False,"The mechanism source is a Croatian HALMED SmPC, not an EMA SmPC or UK/eMC SmPC. EMA PSUSA supports national authorization but not the mechanism wording.",https://halmed.hr/upl/lijekovi/SPC/Phemiton-200-mg-tablete-SPC.pdf; https://www.ema.europa.eu/en/documents/psusa/methylphenobarbital-list-nationally-authorised-medicinal-products-psusa-00002025-202303_en.pdf,EMA/UK SmPC,National SmPC (HALMED/Croatia)
methylphenobarbital,fact_check,high,adverse_symptoms_percentages,incorrect,False,"The current phrase 'unknown frequency 0%' is wrong: unknown frequency means cannot be estimated from available data, not 0%. The replacement also adds adverse events listed in the SmPC but omitted from the row.",https://halmed.hr/upl/lijekovi/SPC/Phemiton-200-mg-tablete-SPC.pdf,"HALMED SmPC frequency categories: very rare events <0.01% include megaloblastic anemia; unknown frequency 0% exact percentage unavailable for CNS depression, mood changes/depression, dependence, nervousness, dizziness, somnolence, nystagmus, ataxia, headache, nausea, vomiting, constipation, bradycardia, respiratory insufficiency, SJS/TEN, rash, angioedema, osteomalacia/rickets.","HALMED SmPC frequency categories: very rare (<0.01%) includes megaloblastic anemia; frequency unknown (cannot be estimated from available data; exact percentages unavailable) includes folate deficiency, CNS depression, mood changes/depression, psychological and physical dependence, nervousness, dizziness, somnolence/drowsiness, nystagmus, ataxia, neuralgia, headache, tics, bradycardia, syncope/circulatory disorder, respiratory insufficiency/hypoventilation, nausea, vomiting, constipation, hepatitis/liver dysfunction, SJS/TEN, hypersensitivity rash, angioedema, exfoliative dermatitis, myalgia/arthralgia, rickets/osteomalacia, restlessness/confusion/paradoxical excitation, hyperexcitability/irritability in children, tolerance, reduced blood pressure, and pyrexia."
methylphenobarbital,fact_check,high,evidence_sources,incorrect,False,"The vague 'FDA/DailyMed labeling' source is not adequate, and DailyMed is impermissible for boxed-warning verification. Add specific trusted sources that support aliases, U.S. availability, enzyme induction, and FDA-search context.",https://labels.fda.gov/; https://www.accessdata.fda.gov/scripts/cder/daf/index.cfm; https://pubchem.ncbi.nlm.nih.gov/compound/Mephobarbital; https://www.ncbi.nlm.nih.gov/books/NBK548260/,HALMED Phemiton 200 mg SmPC (https://halmed.hr/upl/lijekovi/SPC/Phemiton-200-mg-tablete-SPC.pdf); EMA methylphenobarbital nationally authorised products PSUSA/00002025/202303 (https://www.ema.europa.eu/en/documents/psusa/methylphenobarbital-list-nationally-authorised-medicinal-products-psusa-00002025-202303_en.pdf); FDA/DailyMed labeling,HALMED Phemiton 200 mg SmPC (https://halmed.hr/upl/lijekovi/SPC/Phemiton-200-mg-tablete-SPC.pdf); EMA methylphenobarbital nationally authorised products PSUSA/00002025/202303 (https://www.ema.europa.eu/en/documents/psusa/methylphenobarbital-list-nationally-authorised-medicinal-products-psusa-00002025-202303_en.pdf); PubChem Mephobarbital CID 8271 (https://pubchem.ncbi.nlm.nih.gov/compound/Mephobarbital); NCBI LiverTox Barbiturates (https://www.ncbi.nlm.nih.gov/books/NBK548260/); FDA Label Search and Drugs@FDA searches (https://labels.fda.gov/; https://www.accessdata.fda.gov/scripts/cder/daf/index.cfm)
methylphenobarbital,fact_check,high,fda_black_box_warning,incorrect,False,"DailyMed should not appear in this field. FDA Label Search warns submitted labels may be unapproved/not FDA-verified, and Drugs@FDA is the FDA-approved-drug source. FDA web searches did not identify a current FDA-approved mephobarbital label.",https://labels.fda.gov/; https://www.accessdata.fda.gov/scripts/cder/daf/index.cfm,No current FDA/DailyMed label identified.,No FDA-approved label or FDA boxed warning identified; DailyMed should not be used for boxed-warning verification.
methylphenobarbital,fact_check,high,fda_black_box_warning_source,incorrect,False,DailyMed is impermissible for boxed-warning verification; source wording should be FDA-only and should not imply a DailyMed-based conclusion.,https://labels.fda.gov/; https://www.accessdata.fda.gov/scripts/cder/daf/index.cfm,FDA/DailyMed search on 05-20-2026: no current label found for terms [methylphenobarbital; mephobarbital; mephobarbitone; methylphenobarbitone; metilfenobarbital; Mebaral; Mephyltaletten; Phemiton; Prominal].,FDA-only search on 05-20-2026/05-21-2026: FDA Label Search and Drugs@FDA searches did not identify a current FDA-approved mephobarbital/methylphenobarbital label or boxed warning; searched terms [methylphenobarbital; mephobarbital; mephobarbitone; methylphenobarbitone; metilfenobarbital; Mebaral; Mephyltaletten; Phemiton; Prominal].
methylphenobarbital,fact_check,high,pubmed_search_aliases,missing,False,"Current aliases are valid, but PubChem supports additional important synonyms/trade-name-like aliases, and Mephyltaletten is already in trade_names but absent from PubMed search aliases.",https://pubchem.ncbi.nlm.nih.gov/compound/Mephobarbital; https://www.ncbi.nlm.nih.gov/books/NBK591157/bin/niceng217er6-appb-et1.pdf,mephobarbital; mephobarbitone; methylphenobarbitone; metilfenobarbital; Mebaral; Phemiton; Prominal,mephobarbital; mephobarbitone; methylphenobarbitone; metilfenobarbital; Metylfenemal; N-methylphenobarbital; Mebaral; Mephyltaletten; Phemiton; Prominal; Prominaletten; Phemetone; Isonal
methylphenobarbital,fact_check,high,year_fda_cleared,incorrect,False,'FDA-cleared' is device terminology and should be avoided for this drug row. The Croatia authorization dates are supported by HALMED; EMA supports nationally authorised methylphenobarbital products; NCBI supports U.S. non-availability.,https://www.accessdata.fda.gov/scripts/cder/daf/index.cfm; https://www.ncbi.nlm.nih.gov/books/NBK548260/; https://halmed.hr/upl/lijekovi/SPC/Phemiton-200-mg-tablete-SPC.pdf; https://www.ema.europa.eu/en/documents/psusa/methylphenobarbital-list-nationally-authorised-medicinal-products-psusa-00002025-202303_en.pdf,Not FDA-cleared/currently available in U.S.; Croatia Phemiton first authorization 06 Apr 1994 and renewal 30 Mar 2020 per HALMED; EMA PSUSA lists Croatia and Slovenia nationally authorized products.,No FDA-approved methylphenobarbital/mephobarbital drug product identified; mephobarbital is no longer available in the United States. Croatia Phemiton first authorization 06 Apr 1994 and renewal 30 Mar 2020 per HALMED; EMA PSUSA lists methylphenobarbital nationally authorised products.
methylphenobarbital,black_box_warning,high,fda_black_box_warning,incorrect,False,"The row's source text cites FDA/DailyMed, but DailyMed is not permissible for this field. FDA Label Search also warns that submitted labels may be unapproved and not FDA-verified, while Drugs@FDA is the FDA-approved-drug database. I did not identify a Drugs@FDA approved mephobarbital/methylphenobarbital product record in FDA web searches.",https://labels.fda.gov/; https://www.accessdata.fda.gov/scripts/cder/daf/index.cfm,No current FDA/DailyMed label identified.,No FDA-approved label or FDA boxed warning identified; DailyMed should not be used for boxed-warning verification.
methylphenobarbital,proposed_row_update,medium,evidence_sources,proposed,False,"Adds source coverage for aliases and U.S. availability, and replaces vague FDA/DailyMed wording with FDA-only sources for boxed-warning context.",https://pubchem.ncbi.nlm.nih.gov/compound/Mephobarbital; https://www.ncbi.nlm.nih.gov/books/NBK548260/; https://labels.fda.gov/; https://www.accessdata.fda.gov/scripts/cder/daf/index.cfm,HALMED Phemiton 200 mg SmPC (https://halmed.hr/upl/lijekovi/SPC/Phemiton-200-mg-tablete-SPC.pdf); EMA methylphenobarbital nationally authorised products PSUSA/00002025/202303 (https://www.ema.europa.eu/en/documents/psusa/methylphenobarbital-list-nationally-authorised-medicinal-products-psusa-00002025-202303_en.pdf); FDA/DailyMed labeling,HALMED Phemiton 200 mg SmPC (https://halmed.hr/upl/lijekovi/SPC/Phemiton-200-mg-tablete-SPC.pdf); EMA methylphenobarbital nationally authorised products PSUSA/00002025/202303 (https://www.ema.europa.eu/en/documents/psusa/methylphenobarbital-list-nationally-authorised-medicinal-products-psusa-00002025-202303_en.pdf); PubChem Mephobarbital CID 8271 (https://pubchem.ncbi.nlm.nih.gov/compound/Mephobarbital); NCBI LiverTox Barbiturates (https://www.ncbi.nlm.nih.gov/books/NBK548260/); FDA Label Search and Drugs@FDA searches (https://labels.fda.gov/; https://www.accessdata.fda.gov/scripts/cder/daf/index.cfm)
methylphenobarbital,proposed_row_update,medium,fda_black_box_warning_source,proposed,False,DailyMed is not an acceptable boxed-warning source under the audit policy.,https://labels.fda.gov/; https://www.accessdata.fda.gov/scripts/cder/daf/index.cfm,FDA/DailyMed search on 05-20-2026: no current label found for terms [methylphenobarbital; mephobarbital; mephobarbitone; methylphenobarbitone; metilfenobarbital; Mebaral; Mephyltaletten; Phemiton; Prominal].,FDA-only search on 05-20-2026/05-21-2026: FDA Label Search and Drugs@FDA searches did not identify a current FDA-approved mephobarbital/methylphenobarbital label or boxed warning; searched terms [methylphenobarbital; mephobarbital; mephobarbitone; methylphenobarbitone; metilfenobarbital; Mebaral; Mephyltaletten; Phemiton; Prominal].
methylphenobarbital,proposed_row_update,medium,adverse_symptoms_percentages,proposed,False,Corrects the misleading 'unknown frequency 0%' wording and aligns the adverse-event list to the SmPC table.,https://halmed.hr/upl/lijekovi/SPC/Phemiton-200-mg-tablete-SPC.pdf,"HALMED SmPC frequency categories: very rare events <0.01% include megaloblastic anemia; unknown frequency 0% exact percentage unavailable for CNS depression, mood changes/depression, dependence, nervousness, dizziness, somnolence, nystagmus, ataxia, headache, nausea, vomiting, constipation, bradycardia, respiratory insufficiency, SJS/TEN, rash, angioedema, osteomalacia/rickets.","HALMED SmPC frequency categories: very rare (<0.01%) includes megaloblastic anemia; frequency unknown (cannot be estimated from available data; exact percentages unavailable) includes folate deficiency, CNS depression, mood changes/depression, psychological and physical dependence, nervousness, dizziness, somnolence/drowsiness, nystagmus, ataxia, neuralgia, headache, tics, bradycardia, syncope/circulatory disorder, respiratory insufficiency/hypoventilation, nausea, vomiting, constipation, hepatitis/liver dysfunction, SJS/TEN, hypersensitivity rash, angioedema, exfoliative dermatitis, myalgia/arthralgia, rickets/osteomalacia, restlessness/confusion/paradoxical excitation, hyperexcitability/irritability in children, tolerance, reduced blood pressure, and pyrexia."
methylphenobarbital,proposed_row_update,medium,mechanism_source_tier,proposed,False,"The mechanism source is HALMED's Croatian national SmPC, not an EMA or UK SmPC.",https://halmed.hr/upl/lijekovi/SPC/Phemiton-200-mg-tablete-SPC.pdf,EMA/UK SmPC,National SmPC (HALMED/Croatia)
methylphenobarbital,proposed_row_update,medium,trade_names,proposed,False,Prominaletten is explicitly listed by PubChem for the same compound.,https://pubchem.ncbi.nlm.nih.gov/compound/Mephobarbital,Mebaral; Mephyltaletten; Phemiton; Prominal,Mebaral; Mephyltaletten; Phemiton; Prominal; Prominaletten
methylphenobarbital,proposed_row_update,medium,pubmed_search_aliases,proposed,False,"Adds supported aliases and includes Mephyltaletten, which is already listed as a trade name.",https://pubchem.ncbi.nlm.nih.gov/compound/Mephobarbital; https://www.ncbi.nlm.nih.gov/books/NBK591157/bin/niceng217er6-appb-et1.pdf,mephobarbital; mephobarbitone; methylphenobarbitone; metilfenobarbital; Mebaral; Phemiton; Prominal,mephobarbital; mephobarbitone; methylphenobarbitone; metilfenobarbital; Metylfenemal; N-methylphenobarbital; Mebaral; Mephyltaletten; Phemiton; Prominal; Prominaletten; Phemetone; Isonal
methylphenobarbital,proposed_row_update,medium,fda_black_box_warning,proposed,False,"DailyMed is not permissible for boxed-warning verification, and FDA approved-label sources did not identify an approved product label.",https://labels.fda.gov/; https://www.accessdata.fda.gov/scripts/cder/daf/index.cfm,No current FDA/DailyMed label identified.,No FDA-approved label or FDA boxed warning identified; DailyMed should not be used for boxed-warning verification.
methylphenobarbital,proposed_row_update,medium,fda_black_box_warning_source,proposed,False,Removes impermissible DailyMed reliance for the boxed-warning field.,https://labels.fda.gov/; https://www.accessdata.fda.gov/scripts/cder/daf/index.cfm,FDA/DailyMed search on 05-20-2026: no current label found for terms [methylphenobarbital; mephobarbital; mephobarbitone; methylphenobarbitone; metilfenobarbital; Mebaral; Mephyltaletten; Phemiton; Prominal].,FDA-only search on 05-20-2026/05-21-2026: FDA Label Search and Drugs@FDA searches did not identify a current FDA-approved mephobarbital/methylphenobarbital label or boxed warning; searched terms [methylphenobarbital; mephobarbital; mephobarbitone; methylphenobarbitone; metilfenobarbital; Mebaral; Mephyltaletten; Phemiton; Prominal].
methylphenobarbital,proposed_row_update,medium,year_fda_cleared,proposed,False,Avoids drug-inappropriate 'FDA-cleared' wording and cites U.S. non-availability plus European authorization support.,https://www.accessdata.fda.gov/scripts/cder/daf/index.cfm; https://www.ncbi.nlm.nih.gov/books/NBK548260/; https://halmed.hr/upl/lijekovi/SPC/Phemiton-200-mg-tablete-SPC.pdf; https://www.ema.europa.eu/en/documents/psusa/methylphenobarbital-list-nationally-authorised-medicinal-products-psusa-00002025-202303_en.pdf,Not FDA-cleared/currently available in U.S.; Croatia Phemiton first authorization 06 Apr 1994 and renewal 30 Mar 2020 per HALMED; EMA PSUSA lists Croatia and Slovenia nationally authorized products.,No FDA-approved methylphenobarbital/mephobarbital drug product identified; mephobarbital is no longer available in the United States. Croatia Phemiton first authorization 06 Apr 1994 and renewal 30 Mar 2020 per HALMED; EMA PSUSA lists methylphenobarbital nationally authorised products.
midazolam,fact_check,medium,trade_names,missing_source,False,"Nayzilam and Seizalam are verified from FDA sources. Versed is plausible as a historical midazolam trade name, but this row bundle does not provide a trusted source directly supporting it.",https://www.accessdata.fda.gov/drugsatfda_docs/label/2023/211321s008lbl.pdf; https://www.accessdata.fda.gov/drugsatfda_docs/label/2023/209566s003lbl.pdf; https://www.accessdata.fda.gov/scripts/opdlisting/oopd/detailedIndex.cfm?cfgridkey=508215,Nayzilam; Seizalam; Versed,Nayzilam; Seizalam; Versed
midazolam,fact_check,high,pubmed_search_aliases,missing,False,The phase III RCT and ClinicalTrials.gov records use USL261 for the intranasal midazolam product; adding it improves search recall without creating a duplicate drug row.,https://pubmed.ncbi.nlm.nih.gov/31140596/; https://clinicaltrials.gov/study/NCT01390220,Nayzilam; midazolam nasal spray,Nayzilam; midazolam nasal spray; USL261
midazolam,fact_check,high,year_fda_cleared,incorrect,False,The current value is directionally correct but omits the FDA-approved SEIZALAM status-epilepticus product approved in 2018.,https://www.accessdata.fda.gov/drugsatfda_docs/label/2022/215868s000lbl.pdf; https://www.accessdata.fda.gov/scripts/opdlisting/oopd/detailedIndex.cfm?cfgridkey=508215; https://www.accessdata.fda.gov/drugsatfda_docs/label/2023/211321s008lbl.pdf,1985 injection; 2019 nasal seizure-cluster product,1985 initial U.S. approval for midazolam injection/sedation; 2018 SEIZALAM IM injection for status epilepticus; 2019 NAYZILAM nasal spray for seizure clusters
midazolam,fact_check,medium,formulations_available,missing_source,False,Nasal spray and IM/IV injection are supported by FDA labels; buccal/oromucosal midazolam is supported by EMA/eMC sources. Oral syrup is plausible but needs a trusted row source if retained.,https://www.accessdata.fda.gov/drugsatfda_docs/label/2023/211321s008lbl.pdf; https://www.accessdata.fda.gov/drugsatfda_docs/label/2023/209566s003lbl.pdf; https://www.accessdata.fda.gov/drugsatfda_docs/label/2022/215868s000lbl.pdf; https://www.ema.europa.eu/en/medicines/human/EPAR/buccolam; https://www.medicines.org.uk/emc/search?q=buccolam,Nasal spray; buccal/oromucosal solution in some markets; IV/IM injection; oral syrup for sedation,Nasal spray; buccal/oromucosal solution in some non-US markets; IV/IM injection; oral syrup for procedural sedation
midazolam,fact_check,high,minimum_effective_dose,incorrect,False,FDA labels give product-specific approved dosing; the current wording is too vague for U.S. products.,https://www.accessdata.fda.gov/drugsatfda_docs/label/2023/211321s008lbl.pdf; https://www.accessdata.fda.gov/drugsatfda_docs/label/2023/209566s003lbl.pdf; https://www.ema.europa.eu/en/medicines/human/EPAR/buccolam,Rescue dosing individualized by product/age/weight,NAYZILAM: 5 mg intranasal initial dose for patients 12 years and older; SEIZALAM: 10 mg IM for adults with status epilepticus; non-US buccal/oromucosal dosing varies by age/weight and product
midazolam,fact_check,high,maximum_approved_daily_dose,incorrect,False,"The NAYZILAM label provides explicit maximum treatment frequency, and SEIZALAM provides a 10 mg IM recommended adult dose.",https://www.accessdata.fda.gov/drugsatfda_docs/label/2023/211321s008lbl.pdf; https://www.accessdata.fda.gov/drugsatfda_docs/label/2023/209566s003lbl.pdf,Rescue dosing individualized by product/age/weight,NAYZILAM: do not use more than 2 doses to treat a single seizure-cluster episode; recommended no more than 1 episode every 3 days and no more than 5 episodes per month. SEIZALAM: recommended dose 10 mg IM once for adults with status epilepticus.
midazolam,fact_check,high,half_life_range,incorrect,False,Checked FDA labels support 1.8-6.4 h for IV studies and 2.1-6.2 h for NAYZILAM; the row's 1.5 h lower bound was not verified.,https://www.accessdata.fda.gov/drugsatfda_docs/label/2022/215868s000lbl.pdf; https://www.accessdata.fda.gov/drugsatfda_docs/label/2023/211321s008lbl.pdf,1.5-6 h,1.8-6.4 h in healthy adult IV studies; 2.1-6.2 h following NAYZILAM in clinical trials
midazolam,fact_check,medium,enzyme_inducing_or_inhibiting,missing_source,False,"FDA labels support CYP3A4 metabolism and clinically relevant CYP3A inhibitor/inducer effects. The exact negative claim 'not an inducer/inhibitor' is not directly stated in the checked label text, so the proposed wording is more source-concordant.",https://www.accessdata.fda.gov/drugsatfda_docs/label/2023/211321s008lbl.pdf; https://www.accessdata.fda.gov/drugsatfda_docs/label/2023/209566s003lbl.pdf,Not an inducer/inhibitor; CYP3A substrate,CYP3A4 substrate; exposure is increased by CYP3A4 inhibitors and decreased by CYP3A4 inducers; not classified as an enzyme-inducing antiseizure medication
midazolam,fact_check,critical,filter_enzyme_effect,incorrect,True,"The row's 'Inhibitor' filter describes CYP3A inhibitors that affect midazolam, not midazolam itself. FDA labeling supports midazolam as a CYP3A4 substrate affected by inhibitors/inducers.",https://www.accessdata.fda.gov/drugsatfda_docs/label/2023/211321s008lbl.pdf; https://www.accessdata.fda.gov/drugsatfda_docs/label/2023/209566s003lbl.pdf,Inhibitor; Substrate / affected by modulators,Substrate / affected by modulators
midazolam,fact_check,high,mechanism_source,incorrect,False,"The checked FDA labels directly support mechanism. DailyMed is not in the trusted source list for this audit, and AES was not needed to support the mechanism cell.",https://www.accessdata.fda.gov/drugsatfda_docs/label/2023/211321s008lbl.pdf; https://www.accessdata.fda.gov/drugsatfda_docs/label/2023/209566s003lbl.pdf; https://www.accessdata.fda.gov/drugsatfda_docs/label/2022/215868s000lbl.pdf,American Epilepsy Society 2024 U.S. ASM summary; FDA/DailyMed labeling,FDA NAYZILAM label; FDA SEIZALAM label; FDA midazolam injection label
midazolam,fact_check,high,mechanism_source_tier,incorrect,False,FDA labeling directly supports the mechanism field and is the trusted source tier actually used here.,https://www.accessdata.fda.gov/drugsatfda_docs/label/2023/211321s008lbl.pdf; https://www.accessdata.fda.gov/drugsatfda_docs/label/2023/209566s003lbl.pdf,AES/FDA summary,FDA label
midazolam,fact_check,critical,adverse_symptoms_percentages,incorrect,True,"Nasal discomfort is an application-site adverse reaction, not a respiratory category. The checked FDA labels did not verify 'respiratory depression 2%' or 'nausea 2%' as written; FDA labeling supports different adverse-event terms and percentages.",https://www.accessdata.fda.gov/drugsatfda_docs/label/2023/211321s008lbl.pdf; https://www.accessdata.fda.gov/drugsatfda_docs/label/2023/209566s003lbl.pdf; https://www.accessdata.fda.gov/drugsatfda_docs/label/2022/215868s000lbl.pdf,"CNS: somnolence/sedation 10%, respiratory: nasal discomfort 16% for nasal product, throat irritation 3%, respiratory depression 2%, GI: nausea 2%","Clinical-trial adverse reactions (selected): NAYZILAM comparative phase: somnolence 10%, nasal discomfort 9% overall (16% in 5 mg + 5 mg subgroup), throat irritation 3%, rhinorrhea 3%; SEIZALAM status-epilepticus trial: upper airway obstruction 5%, agitation 4%, pyrexia 4%, mental status changes 3%, postictal state 3%, acute renal failure 2%; IV midazolam single-agent sedation: nausea 2.8%; pediatric IV literature: apnea 2.8%."
midazolam,fact_check,high,filter_symptom_category,missing,False,NAYZILAM adverse reactions include somnolence/CNS and nasal discomfort/throat irritation/rhinorrhea; the nasal discomfort item is best captured as application site/local as well as not purely respiratory.,https://www.accessdata.fda.gov/drugsatfda_docs/label/2023/211321s008lbl.pdf; https://www.accessdata.fda.gov/drugsatfda_docs/label/2023/209566s003lbl.pdf; https://www.accessdata.fda.gov/drugsatfda_docs/label/2022/215868s000lbl.pdf,CNS; GI; Respiratory,CNS; GI; Respiratory; Application site
midazolam,fact_check,medium,qt_interval_effect,missing_source,False,"This is plausible, but the row bundle does not cite a trusted source that directly evaluates QT effect. FDA labels checked for other facts do not establish a clinically meaningful QT signal.",https://www.accessdata.fda.gov/drugsatfda_docs/label/2023/211321s008lbl.pdf; https://www.accessdata.fda.gov/drugsatfda_docs/label/2023/209566s003lbl.pdf,No clinically meaningful QT effect established,No clinically meaningful QT effect established
midazolam,fact_check,medium,filter_qt_effect,missing_source,False,Same source limitation as qt_interval_effect; no direct trusted QT-specific source was supplied in the row.,https://www.accessdata.fda.gov/drugsatfda_docs/label/2023/211321s008lbl.pdf; https://www.accessdata.fda.gov/drugsatfda_docs/label/2023/209566s003lbl.pdf,No known meaningful QT effect,No known meaningful QT effect
midazolam,fact_check,high,evidence_sources,incorrect,False,"Wikipedia, Epilepsy Foundation Australia, AES, and DailyMed are not in the provided trusted-source domain list for this audit. The proposed sources directly support the row's regulatory, formulation, indication, mechanism, and RCT facts.",https://api.fda.gov/drug/label.json?search=openfda.spl_set_id%3A%222b29422e-54d5-4a49-8522-e9cf752368c3%22&limit=5; https://www.accessdata.fda.gov/drugsatfda_docs/label/2023/211321s008lbl.pdf; https://www.accessdata.fda.gov/drugsatfda_docs/label/2023/209566s003lbl.pdf; https://www.accessdata.fda.gov/scripts/opdlisting/oopd/detailedIndex.cfm?cfgridkey=508215; https://pubmed.ncbi.nlm.nih.gov/33140403/; https://pubmed.ncbi.nlm.nih.gov/31140596/,Epilepsy Foundation Australia ASM list; Wikipedia anticonvulsant drug-class list; American Epilepsy Society 2024 U.S. ASM summary; FDA/DailyMed labeling,"FDA/openFDA and FDA AccessData labels for NAYZILAM, SEIZALAM, and midazolam injection; FDA Orphan Drug Designations and Approvals for SEIZALAM; EMA/eMC SmPC for buccal/oromucosal midazolam; PubMed RCT records; ClinicalTrials.gov records"
midazolam,fact_check,high,fda_black_box_warning_source,incorrect,False,DailyMed is explicitly not permissible for the FDA black-box warning field; openFDA and FDA AccessData are permissible FDA sources.,https://api.fda.gov/drug/label.json?search=openfda.spl_set_id%3A%222b29422e-54d5-4a49-8522-e9cf752368c3%22&limit=5; https://www.accessdata.fda.gov/drugsatfda_docs/label/2023/211321s008lbl.pdf,"FDA/DailyMed SPL; status=boxed_warning_found; setid=2b29422e-54d5-4a49-8522-e9cf752368c3; published=Jan 31, 2023; title=NAYZILAM (MIDAZOLAM) SPRAY [UCB, INC.]; url=https://dailymed.nlm.nih.gov/dailymed/drugInfo.cfm?setid=2b29422e-54d5-4a49-8522-e9cf752368c3",FDA/openFDA drug label API; status=boxed_warning_found; spl_set_id=2b29422e-54d5-4a49-8522-e9cf752368c3; effective_time=20230119; title=NAYZILAM (MIDAZOLAM) nasal spray; api_url=https://api.fda.gov/drug/label.json?search=openfda.spl_set_id%3A%222b29422e-54d5-4a49-8522-e9cf752368c3%22&limit=5; fda_label_pdf=https://www.accessdata.fda.gov/drugsatfda_docs/label/2023/211321s008lbl.pdf
midazolam,outcome_check,high,diff_seizure_freedom_maximum_effective_dose,incorrect,False,"The numeric differentials are supported, but Detyniecki2019 reports treatment success, not a pure seizure-freedom endpoint. The wording should distinguish the endpoints.",https://pubmed.ncbi.nlm.nih.gov/33140403/; https://pubmed.ncbi.nlm.nih.gov/31140596/,16.1-19.3 % (drug minus placebo seizure-freedom differential at maximum effective dose/regimen: Spencer2020 midazolam nasal spray 5 mg 16.1%; Detyniecki2019 midazolam nasal spray 5 mg 19.3%),"16.1-19.3% drug-minus-placebo acute seizure-control differential at 5 mg intranasal midazolam: Spencer2020 6-hour seizure freedom 54.8% vs 38.7%, difference 16.1%; Detyniecki2019 treatment success/no recurrence through 6 hours 53.7% vs 34.4%, difference 19.3%."
midazolam,outcome_check,info,plot_diff_50_responder_maximum_effective_dose,not_applicable,False,Blank is appropriate because no RR50 differential was extractable from the retained acute rescue RCTs.,https://pubmed.ncbi.nlm.nih.gov/33140403/; https://pubmed.ncbi.nlm.nih.gov/31140596/,,
midazolam,outcome_check,info,plot_diff_median_pct_change_maximum_effective_dose,not_applicable,False,Blank is appropriate because no median percent change differential was extractable from the retained acute rescue RCTs.,https://pubmed.ncbi.nlm.nih.gov/33140403/; https://pubmed.ncbi.nlm.nih.gov/31140596/,,
midazolam,proposed_row_update,medium,fda_black_box_warning_source,proposed,False,"Black-box warning verification must use FDA/openFDA, FDA labels, or Drugs@FDA, not DailyMed.",https://api.fda.gov/drug/label.json?search=openfda.spl_set_id%3A%222b29422e-54d5-4a49-8522-e9cf752368c3%22&limit=5; https://www.accessdata.fda.gov/drugsatfda_docs/label/2023/211321s008lbl.pdf,"FDA/DailyMed SPL; status=boxed_warning_found; setid=2b29422e-54d5-4a49-8522-e9cf752368c3; published=Jan 31, 2023; title=NAYZILAM (MIDAZOLAM) SPRAY [UCB, INC.]; url=https://dailymed.nlm.nih.gov/dailymed/drugInfo.cfm?setid=2b29422e-54d5-4a49-8522-e9cf752368c3",FDA/openFDA drug label API; status=boxed_warning_found; spl_set_id=2b29422e-54d5-4a49-8522-e9cf752368c3; effective_time=20230119; title=NAYZILAM (MIDAZOLAM) nasal spray; api_url=https://api.fda.gov/drug/label.json?search=openfda.spl_set_id%3A%222b29422e-54d5-4a49-8522-e9cf752368c3%22&limit=5; fda_label_pdf=https://www.accessdata.fda.gov/drugsatfda_docs/label/2023/211321s008lbl.pdf
midazolam,proposed_row_update,medium,evidence_sources,proposed,False,Current source list includes non-trusted or non-specific sources; proposed list maps to the facts being retained.,https://api.fda.gov/drug/label.json?search=openfda.spl_set_id%3A%222b29422e-54d5-4a49-8522-e9cf752368c3%22&limit=5; https://www.accessdata.fda.gov/drugsatfda_docs/label/2023/211321s008lbl.pdf; https://www.accessdata.fda.gov/drugsatfda_docs/label/2023/209566s003lbl.pdf; https://www.accessdata.fda.gov/scripts/opdlisting/oopd/detailedIndex.cfm?cfgridkey=508215; https://pubmed.ncbi.nlm.nih.gov/33140403/; https://pubmed.ncbi.nlm.nih.gov/31140596/,Epilepsy Foundation Australia ASM list; Wikipedia anticonvulsant drug-class list; American Epilepsy Society 2024 U.S. ASM summary; FDA/DailyMed labeling,"FDA/openFDA and FDA AccessData labels for NAYZILAM, SEIZALAM, and midazolam injection; FDA Orphan Drug Designations and Approvals for SEIZALAM; EMA/eMC SmPC for buccal/oromucosal midazolam; PubMed RCT records; ClinicalTrials.gov records"
midazolam,proposed_row_update,medium,mechanism_source,proposed,False,FDA labels directly support mechanism and are trusted sources for this audit.,https://www.accessdata.fda.gov/drugsatfda_docs/label/2023/211321s008lbl.pdf; https://www.accessdata.fda.gov/drugsatfda_docs/label/2023/209566s003lbl.pdf; https://www.accessdata.fda.gov/drugsatfda_docs/label/2022/215868s000lbl.pdf,American Epilepsy Society 2024 U.S. ASM summary; FDA/DailyMed labeling,FDA NAYZILAM label; FDA SEIZALAM label; FDA midazolam injection label
midazolam,proposed_row_update,medium,fda_black_box_warning_source,proposed,False,Replace prohibited DailyMed source with FDA/openFDA/FDA label source.,https://api.fda.gov/drug/label.json?search=openfda.spl_set_id%3A%222b29422e-54d5-4a49-8522-e9cf752368c3%22&limit=5; https://www.accessdata.fda.gov/drugsatfda_docs/label/2023/211321s008lbl.pdf,"FDA/DailyMed SPL; status=boxed_warning_found; setid=2b29422e-54d5-4a49-8522-e9cf752368c3; published=Jan 31, 2023; title=NAYZILAM (MIDAZOLAM) SPRAY [UCB, INC.]; url=https://dailymed.nlm.nih.gov/dailymed/drugInfo.cfm?setid=2b29422e-54d5-4a49-8522-e9cf752368c3",FDA/openFDA drug label API; status=boxed_warning_found; spl_set_id=2b29422e-54d5-4a49-8522-e9cf752368c3; effective_time=20230119; title=NAYZILAM (MIDAZOLAM) nasal spray; api_url=https://api.fda.gov/drug/label.json?search=openfda.spl_set_id%3A%222b29422e-54d5-4a49-8522-e9cf752368c3%22&limit=5; fda_label_pdf=https://www.accessdata.fda.gov/drugsatfda_docs/label/2023/211321s008lbl.pdf
midazolam,proposed_row_update,medium,evidence_sources,proposed,False,Use trusted source domains that support the specific retained cell facts.,https://api.fda.gov/drug/label.json?search=openfda.spl_set_id%3A%222b29422e-54d5-4a49-8522-e9cf752368c3%22&limit=5; https://www.accessdata.fda.gov/drugsatfda_docs/label/2023/211321s008lbl.pdf; https://www.accessdata.fda.gov/drugsatfda_docs/label/2023/209566s003lbl.pdf; https://www.ema.europa.eu/en/medicines/human/EPAR/buccolam; https://pubmed.ncbi.nlm.nih.gov/33140403/; https://pubmed.ncbi.nlm.nih.gov/31140596/,Epilepsy Foundation Australia ASM list; Wikipedia anticonvulsant drug-class list; American Epilepsy Society 2024 U.S. ASM summary; FDA/DailyMed labeling,"FDA/openFDA and FDA AccessData labels for NAYZILAM, SEIZALAM, and midazolam injection; FDA Orphan Drug Designations and Approvals for SEIZALAM; EMA/eMC SmPC for buccal/oromucosal midazolam; PubMed RCT records; ClinicalTrials.gov records"
midazolam,proposed_row_update,medium,mechanism_source,proposed,False,FDA labeling directly supports mechanism and avoids non-trusted/unneeded source names.,https://www.accessdata.fda.gov/drugsatfda_docs/label/2023/211321s008lbl.pdf; https://www.accessdata.fda.gov/drugsatfda_docs/label/2023/209566s003lbl.pdf; https://www.accessdata.fda.gov/drugsatfda_docs/label/2022/215868s000lbl.pdf,American Epilepsy Society 2024 U.S. ASM summary; FDA/DailyMed labeling,FDA NAYZILAM label; FDA SEIZALAM label; FDA midazolam injection label
midazolam,proposed_row_update,medium,mechanism_source_tier,proposed,False,FDA labeling is the source tier actually supporting the mechanism fact.,https://www.accessdata.fda.gov/drugsatfda_docs/label/2023/211321s008lbl.pdf,AES/FDA summary,FDA label
midazolam,proposed_row_update,medium,pubmed_search_aliases,proposed,False,USL261 is used in the placebo-controlled phase III trial records and should be searchable as an alias/code.,https://pubmed.ncbi.nlm.nih.gov/31140596/; https://clinicaltrials.gov/study/NCT01390220,Nayzilam; midazolam nasal spray,Nayzilam; midazolam nasal spray; USL261
midazolam,proposed_row_update,medium,year_fda_cleared,proposed,False,Adds FDA-approved SEIZALAM status-epilepticus product year omitted by the row.,https://www.accessdata.fda.gov/drugsatfda_docs/label/2022/215868s000lbl.pdf; https://www.accessdata.fda.gov/scripts/opdlisting/oopd/detailedIndex.cfm?cfgridkey=508215; https://www.accessdata.fda.gov/drugsatfda_docs/label/2023/211321s008lbl.pdf,1985 injection; 2019 nasal seizure-cluster product,1985 initial U.S. approval for midazolam injection/sedation; 2018 SEIZALAM IM injection for status epilepticus; 2019 NAYZILAM nasal spray for seizure clusters
midazolam,proposed_row_update,critical,filter_enzyme_effect,proposed,True,Midazolam is affected by CYP3A inhibitors/inducers; it is not itself supported as an inhibitor in the checked sources.,https://www.accessdata.fda.gov/drugsatfda_docs/label/2023/211321s008lbl.pdf; https://www.accessdata.fda.gov/drugsatfda_docs/label/2023/209566s003lbl.pdf,Inhibitor; Substrate / affected by modulators,Substrate / affected by modulators
midazolam,proposed_row_update,medium,half_life_range,proposed,False,"FDA labels support these exact ranges, not the row's 1.5 h lower bound.",https://www.accessdata.fda.gov/drugsatfda_docs/label/2022/215868s000lbl.pdf; https://www.accessdata.fda.gov/drugsatfda_docs/label/2023/211321s008lbl.pdf,1.5-6 h,1.8-6.4 h in healthy adult IV studies; 2.1-6.2 h following NAYZILAM in clinical trials
midazolam,proposed_row_update,critical,adverse_symptoms_percentages,proposed,True,Corrects unsupported percentages and categorization from FDA labels.,https://www.accessdata.fda.gov/drugsatfda_docs/label/2023/211321s008lbl.pdf; https://www.accessdata.fda.gov/drugsatfda_docs/label/2023/209566s003lbl.pdf; https://www.accessdata.fda.gov/drugsatfda_docs/label/2022/215868s000lbl.pdf,"CNS: somnolence/sedation 10%, respiratory: nasal discomfort 16% for nasal product, throat irritation 3%, respiratory depression 2%, GI: nausea 2%","Clinical-trial adverse reactions (selected): NAYZILAM comparative phase: somnolence 10%, nasal discomfort 9% overall (16% in 5 mg + 5 mg subgroup), throat irritation 3%, rhinorrhea 3%; SEIZALAM status-epilepticus trial: upper airway obstruction 5%, agitation 4%, pyrexia 4%, mental status changes 3%, postictal state 3%, acute renal failure 2%; IV midazolam single-agent sedation: nausea 2.8%; pediatric IV literature: apnea 2.8%."
midazolam,proposed_row_update,medium,diff_seizure_freedom_maximum_effective_dose,proposed,False,Preserves verified numbers while correcting endpoint wording for Detyniecki2019.,https://pubmed.ncbi.nlm.nih.gov/33140403/; https://pubmed.ncbi.nlm.nih.gov/31140596/,16.1-19.3 % (drug minus placebo seizure-freedom differential at maximum effective dose/regimen: Spencer2020 midazolam nasal spray 5 mg 16.1%; Detyniecki2019 midazolam nasal spray 5 mg 19.3%),"16.1-19.3% drug-minus-placebo acute seizure-control differential at 5 mg intranasal midazolam: Spencer2020 6-hour seizure freedom 54.8% vs 38.7%, difference 16.1%; Detyniecki2019 treatment success/no recurrence through 6 hours 53.7% vs 34.4%, difference 19.3%."
oxcarbazepine,fact_check,high,minimum_effective_dose,incorrect,False,Barcs2000 explicitly reports 600 mg/day as the minimum effective dosage in adjunctive therapy; FDA labeling supports 1200 mg/day as a common recommended/effective adult dose.,https://pubmed.ncbi.nlm.nih.gov/11114219/; https://www.accessdata.fda.gov/drugsatfda_docs/label/2024/021014s050lbl.pdf,1200 mg/day common adult maintenance target,600 mg/day adjunctive minimum effective dosage in Barcs2000; 1200 mg/day common adult target/maintenance dose in FDA labeling
oxcarbazepine,fact_check,critical,adverse_symptoms_percentages,incorrect,True,"Current values understate several FDA-label active-dose adverse-reaction ranges, especially somnolence, nausea, vomiting, and diplopia. Oxtellar XR and Trileptal labels support the proposed active-dose ranges.",https://www.accessdata.fda.gov/drugsatfda_docs/label/2018/202810s010lbl.pdf; https://www.accessdata.fda.gov/drugsatfda_docs/label/2024/021014s050lbl.pdf,"CNS: dizziness 22-49%, CNS: somnolence 19-28%, GI: nausea 15%, GI: vomiting 13%, neurologic: diplopia 14%, metabolic: hyponatremia 2-3%","CNS: dizziness 20-49%, CNS: somnolence 12-36%, GI: nausea 15-29%, GI: vomiting 6-36%, neurologic/eye: diplopia 10-40%, metabolic: hyponatremia 1-5% (clinically significant sodium <125 mmol/L 2.5% in controlled epilepsy studies)"
oxcarbazepine,fact_check,critical,filter_mechanism,incorrect,True,FDA labeling supports voltage-sensitive sodium-channel blockade as the primary described mechanism and possible high-voltage calcium-channel modulation; it does not support alpha-2-delta binding.,https://www.accessdata.fda.gov/drugsatfda_docs/label/2024/021014s050lbl.pdf; https://www.ncbi.nlm.nih.gov/books/NBK482313/,Calcium channel / alpha-2-delta; Potassium channel,Sodium channel; Potassium channel; Calcium channel
oxcarbazepine,fact_check,critical,filter_metabolism,incorrect,True,"FDA labeling states oxcarbazepine is extensively metabolized and then predominantly excreted by the kidneys; the phrase ""Renal/no major metabolism"" is misleading for oxcarbazepine.",https://www.accessdata.fda.gov/drugsatfda_docs/label/2024/021014s050lbl.pdf; https://www.ncbi.nlm.nih.gov/books/NBK482313/,Liver/hepatic; Renal/no major metabolism,Liver/hepatic; Renal excretion
oxcarbazepine,fact_check,medium,qt_interval_effect; filter_qt_effect,missing_source,False,"Reviewed FDA labeling does not establish a therapeutic clinically meaningful QT effect, but Oxtellar XR labeling lists QT prolongation among isolated overdose events, so the current wording needs a source-qualified caveat.",https://www.accessdata.fda.gov/drugsatfda_docs/label/2018/202810s010lbl.pdf,No clinically meaningful QT effect established; filter_qt_effect=No known meaningful QT effect,No dedicated therapeutic QT-effect statement found in reviewed FDA labeling; QT prolongation is listed among overdose events.
oxcarbazepine,fact_check,high,alternate_generic_names; pubmed_search_aliases,missing,False,"No separate alternate generic name is needed, but PubMed/trial search aliases should include OXC/OXC XR and development codes SPN-804 and TRI476 to prevent missed oxcarbazepine trial records.",https://pubmed.ncbi.nlm.nih.gov/24359313/; https://clinicaltrials.gov/study/NCT00772603; https://clinicaltrials.gov/study/NCT00975715,alternate_generic_names=; pubmed_search_aliases=,"alternate_generic_names: """"; pubmed_search_aliases: ""OXC; OXC XR; SPN-804; TRI476"""
oxcarbazepine,fact_check,high,evidence_sources; mechanism_source,incorrect,False,"Epilepsy Society and Epilepsy Foundation Australia are not in the requested trusted-source domain list, and DailyMed is not acceptable for the black-box source. Row facts are better supported by FDA/accessdata/openFDA, NCBI, PubMed, and ClinicalTrials.gov.",https://www.accessdata.fda.gov/drugsatfda_docs/label/2024/021014s050lbl.pdf; https://api.fda.gov/drug/label.json?search=openfda.spl_set_id%3A%22aa610e56-1d1d-11e1-8bc2-0800200c9a66%22&limit=5; https://www.ncbi.nlm.nih.gov/books/NBK548414/; https://www.ncbi.nlm.nih.gov/books/NBK482313/,NCBI LiverTox anticonvulsants table; Epilepsy Society ASM list; Epilepsy Foundation Australia ASM list; FDA/DailyMed labeling,FDA/accessdata labeling; FDA/openFDA labeling; NCBI LiverTox; NCBI StatPearls; PubMed RCT abstracts; ClinicalTrials.gov
oxcarbazepine,rct_link_check,high,pubmed_phase_ii_iii_rct_links,not_phase_ii_iii,True,"PubMed lists this as a comment/letter on the Schachter monotherapy trial with no abstract, not an independent phase II/III placebo-controlled RCT report.",https://pubmed.ncbi.nlm.nih.gov/10599816/,https://pubmed.ncbi.nlm.nih.gov/10599816/,Remove from pubmed_phase_ii_iii_rct_links or move to notes; requires user approval because it removes an existing link.
oxcarbazepine,rct_link_check,high,pubmed_phase_ii_iii_rct_links,not_phase_ii_iii,True,"PubMed lists this as a comment/letter on the Schachter monotherapy trial with no abstract, not an independent phase II/III placebo-controlled RCT report.",https://pubmed.ncbi.nlm.nih.gov/10599817/,https://pubmed.ncbi.nlm.nih.gov/10599817/,Remove from pubmed_phase_ii_iii_rct_links or move to notes; requires user approval because it removes an existing link.
oxcarbazepine,missing_rct,high,pubmed_phase_ii_iii_rct_links,missing,False,PubMed abstract reports a multicenter randomized placebo-controlled pediatric adjunctive oxcarbazepine trial with extractable median percent reduction (35% vs 9%) and RR50 (41% vs 22%).,https://pubmed.ncbi.nlm.nih.gov/10881246/,,Glauser2000|https://pubmed.ncbi.nlm.nih.gov/10881246/
oxcarbazepine,outcome_check,high,diff_50_responder_maximum_effective_dose,incorrect,False,French and Barcs calculations are correct. Glauser2000 is a missing placebo-controlled RCT and adds an in-range RR50 differential of 19%.,https://pubmed.ncbi.nlm.nih.gov/24359313/; https://pubmed.ncbi.nlm.nih.gov/11114219/; https://pubmed.ncbi.nlm.nih.gov/10881246/,12.6-37 % (drug minus placebo RR50 differential at maximum effective dose/regimen: French2013 extended-release oxcarbazepine 2400 mg/day 12.6%; Barcs2000 oxcarbazepine 2400 mg/day 37%),12.6-37 % (drug minus placebo RR50 differential at maximum effective dose/regimen: French2013 extended-release oxcarbazepine 2400 mg/day 12.6%; Barcs2000 oxcarbazepine 2400 mg/day 37%; Glauser2000 oxcarbazepine 30-46 mg/kg/day 19%)
oxcarbazepine,outcome_check,high,diff_median_pct_change_maximum_effective_dose,incorrect,False,French and Barcs calculations are correct. Glauser2000 adds an in-range median-percent-change differential of 26%.,https://pubmed.ncbi.nlm.nih.gov/24359313/; https://pubmed.ncbi.nlm.nih.gov/11114219/; https://pubmed.ncbi.nlm.nih.gov/10881246/,14.2-42 % (drug minus placebo MPC differential at maximum effective dose/regimen: French2013 extended-release oxcarbazepine 2400 mg/day 14.2%; Barcs2000 oxcarbazepine 2400 mg/day 42%),14.2-42 % (drug minus placebo MPC differential at maximum effective dose/regimen: French2013 extended-release oxcarbazepine 2400 mg/day 14.2%; Barcs2000 oxcarbazepine 2400 mg/day 42%; Glauser2000 oxcarbazepine 30-46 mg/kg/day 26%)
oxcarbazepine,outcome_check,high,plot_diff_50_responder_maximum_effective_dose,incorrect,False,Existing plot values match cited abstracts; add Glauser2000 because it is a qualifying placebo-controlled RCT with extractable RR50 differential.,https://pubmed.ncbi.nlm.nih.gov/24359313/; https://pubmed.ncbi.nlm.nih.gov/11114219/; https://pubmed.ncbi.nlm.nih.gov/10881246/,French2013|12.6|https://pubmed.ncbi.nlm.nih.gov/24359313/|366; Barcs2000|37|https://pubmed.ncbi.nlm.nih.gov/11114219/|694,French2013|12.6|https://pubmed.ncbi.nlm.nih.gov/24359313/|366; Barcs2000|37|https://pubmed.ncbi.nlm.nih.gov/11114219/|694; Glauser2000|19|https://pubmed.ncbi.nlm.nih.gov/10881246/|267
oxcarbazepine,outcome_check,high,plot_diff_median_pct_change_maximum_effective_dose,incorrect,False,Existing plot values match cited abstracts; add Glauser2000 because it is a qualifying placebo-controlled RCT with extractable median-percent-change differential.,https://pubmed.ncbi.nlm.nih.gov/24359313/; https://pubmed.ncbi.nlm.nih.gov/11114219/; https://pubmed.ncbi.nlm.nih.gov/10881246/,French2013|14.2|https://pubmed.ncbi.nlm.nih.gov/24359313/|366; Barcs2000|42|https://pubmed.ncbi.nlm.nih.gov/11114219/|694,French2013|14.2|https://pubmed.ncbi.nlm.nih.gov/24359313/|366; Barcs2000|42|https://pubmed.ncbi.nlm.nih.gov/11114219/|694; Glauser2000|26|https://pubmed.ncbi.nlm.nih.gov/10881246/|267
oxcarbazepine,black_box_warning,high,fda_black_box_warning,incorrect,False,"The no-boxed-warning conclusion is supportable from FDA labeling/openFDA, but the current value and source rely on DailyMed, which is not permissible for this field.",https://api.fda.gov/drug/label.json?search=openfda.spl_set_id%3A%22aa610e56-1d1d-11e1-8bc2-0800200c9a66%22&limit=5; https://www.accessdata.fda.gov/drugsatfda_docs/label/2018/202810s010lbl.pdf; https://www.accessdata.fda.gov/drugsatfda_docs/label/2024/021014s050lbl.pdf,No FDA boxed warning identified in selected current DailyMed label.,No FDA boxed warning identified in selected current FDA/openFDA label.
oxcarbazepine,proposed_row_update,medium,fda_black_box_warning_source,proposed,False,"Black-box-warning verification must use FDA/openFDA, FDA labels, or Drugs@FDA, not DailyMed.",https://api.fda.gov/drug/label.json?search=openfda.spl_set_id%3A%22aa610e56-1d1d-11e1-8bc2-0800200c9a66%22&limit=5,"FDA/DailyMed SPL; status=no_boxed_warning_in_selected_label; setid=aa610e56-1d1d-11e1-8bc2-0800200c9a66; published=Nov 17, 2025; title=OXTELLAR XR (OXCARBAZEPINE) TABLET [SUPERNUS PHARMACEUTICALS, INC.]; url=https://dailymed.nlm.nih.gov/dailymed/drugInfo.cfm?setid=aa610e56-1d1d-11e1-8bc2-0800200c9a66",FDA/openFDA drug label API; status=no_boxed_warning_in_selected_fda_label; spl_set_id=aa610e56-1d1d-11e1-8bc2-0800200c9a66; effective_time=20251022; title=OXTELLAR XR / OXCARBAZEPINE; api_url=https://api.fda.gov/drug/label.json?search=openfda.spl_set_id%3A%22aa610e56-1d1d-11e1-8bc2-0800200c9a66%22&limit=5
oxcarbazepine,proposed_row_update,medium,evidence_sources,proposed,False,Current row source list includes non-trusted domains and does not name PubMed/ClinicalTrials.gov sources supporting RCT/outcome cells.,https://www.accessdata.fda.gov/drugsatfda_docs/label/2024/021014s050lbl.pdf; https://www.ncbi.nlm.nih.gov/books/NBK548414/; https://www.ncbi.nlm.nih.gov/books/NBK482313/; https://pubmed.ncbi.nlm.nih.gov/24359313/; https://clinicaltrials.gov/study/NCT00772603,NCBI LiverTox anticonvulsants table; Epilepsy Society ASM list; Epilepsy Foundation Australia ASM list; FDA/DailyMed labeling,FDA/accessdata labeling; FDA/openFDA labeling; NCBI LiverTox; NCBI StatPearls; PubMed RCT abstracts; ClinicalTrials.gov
oxcarbazepine,proposed_row_update,medium,mechanism_source,proposed,False,Mechanism wording is supported by FDA labeling; use an allowed FDA source URL rather than DailyMed wording.,https://www.accessdata.fda.gov/drugsatfda_docs/label/2024/021014s050lbl.pdf,FDA/DailyMed labeling,FDA/accessdata labeling
oxcarbazepine,proposed_row_update,medium,fda_black_box_warning_source,proposed,False,DailyMed is not permissible for FDA boxed-warning verification; use FDA/openFDA metadata instead.,https://api.fda.gov/drug/label.json?search=openfda.spl_set_id%3A%22aa610e56-1d1d-11e1-8bc2-0800200c9a66%22&limit=5,"FDA/DailyMed SPL; status=no_boxed_warning_in_selected_label; setid=aa610e56-1d1d-11e1-8bc2-0800200c9a66; published=Nov 17, 2025; title=OXTELLAR XR (OXCARBAZEPINE) TABLET [SUPERNUS PHARMACEUTICALS, INC.]; url=https://dailymed.nlm.nih.gov/dailymed/drugInfo.cfm?setid=aa610e56-1d1d-11e1-8bc2-0800200c9a66",FDA/openFDA drug label API; status=no_boxed_warning_in_selected_fda_label; spl_set_id=aa610e56-1d1d-11e1-8bc2-0800200c9a66; effective_time=20251022; title=OXTELLAR XR / OXCARBAZEPINE; api_url=https://api.fda.gov/drug/label.json?search=openfda.spl_set_id%3A%22aa610e56-1d1d-11e1-8bc2-0800200c9a66%22&limit=5
oxcarbazepine,proposed_row_update,medium,fda_black_box_warning,proposed,False,"Substantive no-boxed-warning conclusion is supportable, but the source wording must be FDA/openFDA, not DailyMed.",https://api.fda.gov/drug/label.json?search=openfda.spl_set_id%3A%22aa610e56-1d1d-11e1-8bc2-0800200c9a66%22&limit=5,No FDA boxed warning identified in selected current DailyMed label.,No FDA boxed warning identified in selected current FDA/openFDA label.
oxcarbazepine,proposed_row_update,medium,evidence_sources,proposed,False,Replace non-trusted and DailyMed source wording with the trusted sources actually used for row facts.,https://www.accessdata.fda.gov/drugsatfda_docs/label/2024/021014s050lbl.pdf; https://www.ncbi.nlm.nih.gov/books/NBK548414/; https://www.ncbi.nlm.nih.gov/books/NBK482313/; https://pubmed.ncbi.nlm.nih.gov/24359313/; https://clinicaltrials.gov/study/NCT00772603,NCBI LiverTox anticonvulsants table; Epilepsy Society ASM list; Epilepsy Foundation Australia ASM list; FDA/DailyMed labeling,FDA/accessdata labeling; FDA/openFDA labeling; NCBI LiverTox; NCBI StatPearls; PubMed RCT abstracts; ClinicalTrials.gov
oxcarbazepine,proposed_row_update,medium,mechanism_source,proposed,False,The mechanism facts are supported by FDA labeling; avoid DailyMed wording under the trusted-source policy.,https://www.accessdata.fda.gov/drugsatfda_docs/label/2024/021014s050lbl.pdf,FDA/DailyMed labeling,FDA/accessdata labeling
oxcarbazepine,proposed_row_update,medium,pubmed_search_aliases,proposed,False,Adds trial and PubMed aliases without treating them as alternate generic names.,https://pubmed.ncbi.nlm.nih.gov/24359313/; https://clinicaltrials.gov/study/NCT00772603; https://clinicaltrials.gov/study/NCT00975715,,OXC; OXC XR; SPN-804; TRI476
oxcarbazepine,proposed_row_update,critical,pubmed_phase_ii_iii_rct_links,proposed,True,Adds a missed randomized placebo-controlled pediatric adjunctive RCT and removes two comment/letter records that are not independent primary trial reports.,https://pubmed.ncbi.nlm.nih.gov/24359313/; https://pubmed.ncbi.nlm.nih.gov/11114219/; https://pubmed.ncbi.nlm.nih.gov/10078718/; https://pubmed.ncbi.nlm.nih.gov/10881246/,French2013|https://pubmed.ncbi.nlm.nih.gov/24359313/; Barcs2000|https://pubmed.ncbi.nlm.nih.gov/11114219/; Schachter1999b|https://pubmed.ncbi.nlm.nih.gov/10599816/; Schachter1999|https://pubmed.ncbi.nlm.nih.gov/10078718/; Cramer1999|https://pubmed.ncbi.nlm.nih.gov/10599817/,French2013|https://pubmed.ncbi.nlm.nih.gov/24359313/; Barcs2000|https://pubmed.ncbi.nlm.nih.gov/11114219/; Schachter1999|https://pubmed.ncbi.nlm.nih.gov/10078718/; Glauser2000|https://pubmed.ncbi.nlm.nih.gov/10881246/
oxcarbazepine,proposed_row_update,critical,rct_pubmed_verification_notes,proposed,True,Updates RCT verification notes to match PubMed evidence.,https://pubmed.ncbi.nlm.nih.gov/10078718/; https://pubmed.ncbi.nlm.nih.gov/10881246/,PubMed loop 37/65 on 2026-05-15: 5 qualifying placebo-controlled randomized clinical trial report(s) retained from 24 PubMed candidate(s). Links were rebuilt from fetched PubMed PMID metadata and named FirstAuthorYear. Differential effectiveness columns summarize extractable maximum effective dose/regimen values within qualifying RCT reports.,"Audit on 2026-05-20: French2013, Barcs2000, Schachter1999, and Glauser2000 are qualifying placebo-controlled randomized oxcarbazepine seizure trial reports. Schachter1999b (PMID 10599816) and Cramer1999 (PMID 10599817) are comment/letter records on the Schachter monotherapy trial and should not be counted as independent RCT reports. Differential effectiveness columns summarize extractable maximum effective dose/regimen values from French2013, Barcs2000, and Glauser2000; Schachter1999 reports exit/time-to-event outcomes but not extractable RR50, MPC, or seizure-freedom percentages."
oxcarbazepine,proposed_row_update,critical,filter_mechanism,proposed,True,"FDA labeling supports sodium-channel blockade and possible potassium/high-voltage calcium effects, not alpha-2-delta.",https://www.accessdata.fda.gov/drugsatfda_docs/label/2024/021014s050lbl.pdf,Calcium channel / alpha-2-delta; Potassium channel,Sodium channel; Potassium channel; Calcium channel
oxcarbazepine,proposed_row_update,critical,filter_metabolism,proposed,True,Oxcarbazepine is extensively metabolized; renal excretion is of metabolites.,https://www.accessdata.fda.gov/drugsatfda_docs/label/2024/021014s050lbl.pdf,Liver/hepatic; Renal/no major metabolism,Liver/hepatic; Renal excretion
paramethadione,fact_check,high,alternate_generic_names,missing,False,Important aliases are present in NCBI/PubChem synonym data and should be captured to avoid duplicate-row handling under alternate names.,https://pubchem.ncbi.nlm.nih.gov/compound/Paramethadione,,Parametadione; isoethadione
paramethadione,fact_check,high,pubmed_search_aliases,missing,False,Paradione is correct but search aliases are incomplete because parametadione and isoethadione are documented synonyms.,https://pubchem.ncbi.nlm.nih.gov/compound/Paramethadione,Paradione,Paradione; parametadione; isoethadione
paramethadione,fact_check,high,epilepsy_type,incorrect,False,NCBI/PubChem/HSDB describes paramethadione and trimethadione as indicated for absence/petit mal seizures refractory to other medications and notes older use for petit mal and atypical spike-and-wave absence attacks. Orange Book alone does not supply the indication.,https://pubchem.ncbi.nlm.nih.gov/compound/Paramethadione; https://pubmed.ncbi.nlm.nih.gov/14394344/,Historical/unspecified epilepsy (specific FDA-labeled seizure category not available from Orange Book listing),Historical absence (petit mal) epilepsy / atypical spike-and-wave absence attacks; no current FDA label identified.
paramethadione,fact_check,high,half_life_range,incorrect,False,NCBI/PubChem reports a 12-24 hour half-life for paramethadione and notes the active-metabolite half-life is not known. The current N/A is too conservative if non-label NCBI evidence is allowed.,https://pubchem.ncbi.nlm.nih.gov/compound/Paramethadione,N/A - no current FDA/DailyMed label located and FDA Orange Book product listing does not provide half-life.,12 to 24 hours for parent paramethadione; active-metabolite half-life not known.
paramethadione,fact_check,high,major_organ_for_metabolism,incorrect,False,NCBI/PubChem and PubMed metabolism literature support hepatic N-demethylation. Orange Book alone does not provide this cell fact.,https://pubchem.ncbi.nlm.nih.gov/compound/Paramethadione; https://pubmed.ncbi.nlm.nih.gov/13234040/,N/A - no current FDA/DailyMed label located and FDA Orange Book product listing does not provide metabolism information.,"Primarily hepatic; paramethadione is N-demethylated to 5-ethyl-5-methyl-2,4-oxazolidinedione, an active metabolite, with renal excretion described."
paramethadione,fact_check,high,mechanism_of_action,incorrect,False,FDA Orange Book is not a mechanism source. NCBI/PubChem provides a pharmacology summary supporting a limited T-type calcium-channel mechanism.,https://pubchem.ncbi.nlm.nih.gov/compound/Paramethadione,N/A - no current FDA/DailyMed label located; FDA Orange Book confirms historical U.S. product approval/listing but does not provide mechanism of action.,"Limited historical evidence: dione anticonvulsants such as paramethadione reduce T-type calcium currents in thalamic neurons, inhibiting corticothalamic transmission and dampening absence-seizure spike-wave rhythmicity."
paramethadione,fact_check,high,mechanism_source,incorrect,False,Orange Book product files do not support mechanism-of-action statements.,https://pubchem.ncbi.nlm.nih.gov/compound/Paramethadione; https://www.fda.gov/drugs/drug-approvals-and-databases/orange-book-data-files,FDA Orange Book products file,NCBI PubChem pharmacology summary; historical biomedical literature
paramethadione,fact_check,high,adverse_symptoms_percentages,incorrect,False,"No FDA-label percentage table was found, but DailyMed should not be used as the named source here and '0%' can be misread as zero adverse events.",https://api.fda.gov/drug/label.json?limit=1; https://www.fda.gov/drugs/drug-approvals-and-databases/orange-book-data-files; https://pubchem.ncbi.nlm.nih.gov/compound/Paramethadione,N/A 0%: no current FDA/DailyMed label identified; FDA Orange Book product listing does not provide adverse-event percentages.,N/A: no current FDA/openFDA label identified; available historical/secondary sources do not provide FDA-label adverse-event percentages for the current dataset scope.
paramethadione,fact_check,high,evidence_sources,incorrect,False,"Current row facts rely on more than Orange Book, and DailyMed is not an allowed FDA boxed-warning source. Add NCBI/PubMed for aliases, historical indication, formulation, metabolism, half-life, and mechanism.",https://www.fda.gov/drugs/drug-approvals-and-databases/orange-book-data-files; https://www.fda.gov/drugs/drug-approvals-and-databases/about-drugsfda; https://api.fda.gov/drug/label.json?limit=1; https://pubchem.ncbi.nlm.nih.gov/compound/Paramethadione; https://pubmed.ncbi.nlm.nih.gov/14394344/,FDA Orange Book products file; FDA/DailyMed labeling,FDA Orange Book/Drugs@FDA; FDA/openFDA label API; NCBI PubChem/HSDB; PubMed
paramethadione,fact_check,high,fda_black_box_warning,incorrect,False,"FDA boxed-warning verification must use FDA/openFDA, FDA labels, or Drugs@FDA only; remove DailyMed wording.",https://api.fda.gov/drug/label.json?limit=1; https://open.fda.gov/apis/drug/label/,No current FDA/DailyMed label identified.,No current FDA/openFDA label identified.
paramethadione,fact_check,high,fda_black_box_warning_source,incorrect,False,DailyMed is not permissible for this field under the audit policy.,https://api.fda.gov/drug/label.json?limit=1; https://open.fda.gov/apis/drug/label/,FDA/DailyMed search on 05-20-2026: no current label found for terms [paramethadione; Paradione].,FDA/openFDA label API search on 05-20-2026: no current FDA label found for terms [paramethadione; Paradione].
paramethadione,black_box_warning,high,fda_black_box_warning,incorrect,False,DailyMed is not permissible for FDA boxed-warning verification. Use FDA/openFDA wording only. I did not identify a current FDA label record for paramethadione/Paradione in the available FDA/openFDA sources.,https://api.fda.gov/drug/label.json?limit=1; https://open.fda.gov/apis/drug/label/; https://www.fda.gov/drugs/drug-approvals-and-databases/about-drugsfda,No current FDA/DailyMed label identified.,No current FDA/openFDA label identified.
paramethadione,proposed_row_update,medium,evidence_sources,proposed,False,The current source list is incomplete and includes DailyMed wording where FDA/openFDA should be used for boxed-warning verification.,https://www.fda.gov/drugs/drug-approvals-and-databases/orange-book-data-files; https://www.fda.gov/drugs/drug-approvals-and-databases/about-drugsfda; https://api.fda.gov/drug/label.json?limit=1; https://pubchem.ncbi.nlm.nih.gov/compound/Paramethadione; https://pubmed.ncbi.nlm.nih.gov/14394344/,FDA Orange Book products file; FDA/DailyMed labeling,FDA Orange Book/Drugs@FDA; FDA/openFDA label API; NCBI PubChem/HSDB; PubMed
paramethadione,proposed_row_update,medium,mechanism_source,proposed,False,FDA Orange Book product files do not support mechanism-of-action content.,https://pubchem.ncbi.nlm.nih.gov/compound/Paramethadione,FDA Orange Book products file,NCBI PubChem pharmacology summary; historical biomedical literature
paramethadione,proposed_row_update,medium,fda_black_box_warning_source,proposed,False,DailyMed is not permissible for the boxed-warning source field.,https://api.fda.gov/drug/label.json?limit=1; https://open.fda.gov/apis/drug/label/,FDA/DailyMed search on 05-20-2026: no current label found for terms [paramethadione; Paradione].,FDA/openFDA label API search on 05-20-2026: no current FDA label found for terms [paramethadione; Paradione].
paramethadione,proposed_row_update,medium,alternate_generic_names,proposed,False,Documented aliases are missing.,https://pubchem.ncbi.nlm.nih.gov/compound/Paramethadione,,Parametadione; isoethadione
paramethadione,proposed_row_update,medium,pubmed_search_aliases,proposed,False,Add documented aliases for search coverage and duplicate prevention.,https://pubchem.ncbi.nlm.nih.gov/compound/Paramethadione,Paradione,Paradione; parametadione; isoethadione
paramethadione,proposed_row_update,medium,available_in_us,proposed,False,FDA review material provides more precise discontinued/withdrawn status.,https://www.accessdata.fda.gov/drugsatfda_docs/nda/2016/204442Orig1s000NameR.pdf,No - discontinued FDA Orange Book product,No - Paradione discontinued; NDA 006800 withdrawn effective 06/04/2004.
paramethadione,proposed_row_update,medium,epilepsy_type,proposed,False,NCBI/PubChem/HSDB and PubMed support historical use in absence/petit mal epilepsy.,https://pubchem.ncbi.nlm.nih.gov/compound/Paramethadione; https://pubmed.ncbi.nlm.nih.gov/14394344/,Historical/unspecified epilepsy (specific FDA-labeled seizure category not available from Orange Book listing),Historical absence (petit mal) epilepsy / atypical spike-and-wave absence attacks; no current FDA label identified.
paramethadione,proposed_row_update,medium,filter_epilepsy_type,proposed,False,Filter should match the supported historical seizure type.,https://pubchem.ncbi.nlm.nih.gov/compound/Paramethadione,Historical/unspecified epilepsy,Absence/petit mal epilepsy (historical)
paramethadione,proposed_row_update,medium,formulations_available,proposed,False,Adds historically documented strengths and clarifies current U.S. marketing status.,https://pubchem.ncbi.nlm.nih.gov/compound/Paramethadione; https://www.accessdata.fda.gov/drugsatfda_docs/nda/2016/204442Orig1s000NameR.pdf,Historical oral capsule; historical oral solution (not marketed in U.S.),Historical oral capsules (150 mg and 300 mg) and oral solution (1.5 g/5 mL); not currently marketed in the U.S.
paramethadione,proposed_row_update,medium,half_life_range,proposed,False,NCBI/PubChem provides half-life information.,https://pubchem.ncbi.nlm.nih.gov/compound/Paramethadione,N/A - no current FDA/DailyMed label located and FDA Orange Book product listing does not provide half-life.,12 to 24 hours for parent paramethadione; active-metabolite half-life not known.
paramethadione,proposed_row_update,medium,major_organ_for_metabolism,proposed,False,NCBI/PubChem and PubMed metabolism evidence support hepatic metabolism.,https://pubchem.ncbi.nlm.nih.gov/compound/Paramethadione; https://pubmed.ncbi.nlm.nih.gov/13234040/,N/A - no current FDA/DailyMed label located and FDA Orange Book product listing does not provide metabolism information.,"Primarily hepatic; N-demethylated to 5-ethyl-5-methyl-2,4-oxazolidinedione, an active metabolite; renal excretion described."
paramethadione,proposed_row_update,medium,filter_metabolism,proposed,False,Filter should reflect the supported hepatic metabolism evidence while retaining the limited-data qualifier.,https://pubchem.ncbi.nlm.nih.gov/compound/Paramethadione,Limited/unknown,Hepatic metabolism; limited/legacy data
paramethadione,proposed_row_update,medium,mechanism_of_action,proposed,False,Orange Book is not a mechanism source; NCBI/PubChem supports a limited T-type calcium-channel mechanism.,https://pubchem.ncbi.nlm.nih.gov/compound/Paramethadione,N/A - no current FDA/DailyMed label located; FDA Orange Book confirms historical U.S. product approval/listing but does not provide mechanism of action.,"Limited historical evidence: dione anticonvulsants such as paramethadione reduce T-type calcium currents in thalamic neurons, inhibiting corticothalamic transmission and dampening absence-seizure spike-wave rhythmicity."
paramethadione,proposed_row_update,medium,mechanism_source,proposed,False,Mechanism is not supported by Orange Book product files.,https://pubchem.ncbi.nlm.nih.gov/compound/Paramethadione; https://www.fda.gov/drugs/drug-approvals-and-databases/orange-book-data-files,FDA Orange Book products file,NCBI PubChem pharmacology summary; historical biomedical literature
paramethadione,proposed_row_update,medium,filter_mechanism,proposed,False,Mechanism filter should reflect the supported limited/historical mechanism.,https://pubchem.ncbi.nlm.nih.gov/compound/Paramethadione,Other / unclear,T-type calcium channel inhibition (limited/historical)
paramethadione,proposed_row_update,medium,evidence_sources,proposed,False,Current sources do not support all retained facts and DailyMed should not be named for boxed-warning verification.,https://www.fda.gov/drugs/drug-approvals-and-databases/orange-book-data-files; https://www.fda.gov/drugs/drug-approvals-and-databases/about-drugsfda; https://api.fda.gov/drug/label.json?limit=1; https://pubchem.ncbi.nlm.nih.gov/compound/Paramethadione; https://pubmed.ncbi.nlm.nih.gov/14394344/,FDA Orange Book products file; FDA/DailyMed labeling,FDA Orange Book/Drugs@FDA; FDA/openFDA label API; NCBI PubChem/HSDB; PubMed
paramethadione,proposed_row_update,medium,fda_black_box_warning,proposed,False,DailyMed is not permissible for FDA boxed-warning verification.,https://api.fda.gov/drug/label.json?limit=1; https://open.fda.gov/apis/drug/label/,No current FDA/DailyMed label identified.,No current FDA/openFDA label identified.
paramethadione,proposed_row_update,medium,fda_black_box_warning_source,proposed,False,DailyMed is not permissible for this field.,https://api.fda.gov/drug/label.json?limit=1; https://open.fda.gov/apis/drug/label/,FDA/DailyMed search on 05-20-2026: no current label found for terms [paramethadione; Paradione].,FDA/openFDA label API search on 05-20-2026: no current FDA label found for terms [paramethadione; Paradione].
paramethadione,proposed_row_update,medium,status_or_notes,proposed,False,FDA review material supports the more precise discontinued/withdrawn status.,https://www.accessdata.fda.gov/drugsatfda_docs/nda/2016/204442Orig1s000NameR.pdf,FDA Orange Book pre-1982 legacy ASM product (Paradione); discontinued U.S. product listing.,FDA/legacy ASM product (Paradione/paramethadione); discontinued with no generic equivalent; NDA 006800 withdrawn effective 06/04/2004.
perampanel,fact_check,high,mechanism_source,incorrect,False,The mechanism is supported by FDA labeling; DailyMed should be removed from the named source to keep sources within the trusted-source policy.,https://www.accessdata.fda.gov/drugsatfda_docs/label/2024/202834Orig1s019lbl.pdf,FDA/DailyMed labeling,FDA/Drugs@FDA labeling
perampanel,fact_check,high,fda_black_box_warning_source,incorrect,False,DailyMed is not permissible for FDA boxed-warning verification under the audit policy. FDA accessdata label supports the boxed warning.,https://www.accessdata.fda.gov/drugsatfda_docs/label/2024/202834Orig1s019lbl.pdf; https://api.fda.gov/drug/label.json?search=openfda.generic_name%3A%22perampanel%22+OR+openfda.brand_name%3A%22perampanel%22+OR+openfda.substance_name%3A%22perampanel%22&limit=10,"FDA/DailyMed SPL; status=boxed_warning_found; setid=71cf3309-e182-473c-8b0b-280cabd0e122; published=Jan 28, 2026; title=FYCOMPA (PERAMPANEL) TABLET FYCOMPA (PERAMPANEL) SUSPENSION [EISAI INC.]; url=https://dailymed.nlm.nih.gov/dailymed/drugInfo.cfm?setid=71cf3309-e182-473c-8b0b-280cabd0e122",FDA/Drugs@FDA label; status=boxed_warning_found; application=NDA 202834; label=2024/202834Orig1s019lbl.pdf; title=FYCOMPA (perampanel) tablets/oral suspension; url=https://www.accessdata.fda.gov/drugsatfda_docs/label/2024/202834Orig1s019lbl.pdf
perampanel,fact_check,high,evidence_sources,incorrect,False,The current field includes non-trusted or non-preferred sources for this audit and does not name PubMed/ClinicalTrials sources supporting RCT and outcome cells. DailyMed should not be used for boxed-warning verification.,https://www.accessdata.fda.gov/drugsatfda_docs/label/2024/202834Orig1s019lbl.pdf; https://pubmed.ncbi.nlm.nih.gov/39576191/; https://pubmed.ncbi.nlm.nih.gov/29250772/; https://pubmed.ncbi.nlm.nih.gov/27221398/; https://pubmed.ncbi.nlm.nih.gov/26296511/; https://clinicaltrials.gov/study/NCT00144690,NCBI LiverTox anticonvulsants table; Epilepsy Society ASM list; Epilepsy Foundation Australia ASM list; FDA/DailyMed labeling,FDA/Drugs@FDA labeling; NCBI LiverTox; PubMed placebo-controlled RCTs; ClinicalTrials.gov trial records
perampanel,missing_rct,high,pubmed_phase_ii_iii_rct_links,missing,False,PubMed-indexed Phase II randomized placebo-controlled perampanel trial report in adolescents with partial-onset seizures. It supports RCT coverage but should not change RR50/MPC/seizure-freedom outcome fields.,https://pubmed.ncbi.nlm.nih.gov/26724782/,,Meador2016|https://pubmed.ncbi.nlm.nih.gov/26724782/
perampanel,missing_rct,high,pubmed_phase_ii_iii_rct_links,missing,False,Randomized double-blind placebo-controlled perampanel dose-escalation studies in refractory partial-onset seizures; ClinicalTrials.gov identifies related phase II study NCT00144690. Include only if the CSV field is intended to capture phase II safety/tolerability RCT reports as well as pivotal efficacy RCTs.,https://pubmed.ncbi.nlm.nih.gov/21883097/,,Krauss2012a|https://pubmed.ncbi.nlm.nih.gov/21883097/
perampanel,proposed_row_update,medium,fda_black_box_warning_source,proposed,False,DailyMed is not permissible for this field; FDA accessdata label is permissible.,https://www.accessdata.fda.gov/drugsatfda_docs/label/2024/202834Orig1s019lbl.pdf,"FDA/DailyMed SPL; status=boxed_warning_found; setid=71cf3309-e182-473c-8b0b-280cabd0e122; published=Jan 28, 2026; title=FYCOMPA (PERAMPANEL) TABLET FYCOMPA (PERAMPANEL) SUSPENSION [EISAI INC.]; url=https://dailymed.nlm.nih.gov/dailymed/drugInfo.cfm?setid=71cf3309-e182-473c-8b0b-280cabd0e122",FDA/Drugs@FDA label; status=boxed_warning_found; application=NDA 202834; label=2024/202834Orig1s019lbl.pdf; title=FYCOMPA (perampanel) tablets/oral suspension; url=https://www.accessdata.fda.gov/drugsatfda_docs/label/2024/202834Orig1s019lbl.pdf
perampanel,proposed_row_update,medium,mechanism_source,proposed,False,Use the FDA label source directly.,https://www.accessdata.fda.gov/drugsatfda_docs/label/2024/202834Orig1s019lbl.pdf,FDA/DailyMed labeling,FDA/Drugs@FDA labeling
perampanel,proposed_row_update,medium,evidence_sources,proposed,False,Align source list with trusted-source policy and actual support for row facts.,https://www.accessdata.fda.gov/drugsatfda_docs/label/2024/202834Orig1s019lbl.pdf; https://pubmed.ncbi.nlm.nih.gov/39576191/; https://clinicaltrials.gov/study/NCT00144690,NCBI LiverTox anticonvulsants table; Epilepsy Society ASM list; Epilepsy Foundation Australia ASM list; FDA/DailyMed labeling,FDA/Drugs@FDA labeling; NCBI LiverTox; PubMed placebo-controlled RCTs; ClinicalTrials.gov trial records
perampanel,proposed_row_update,medium,fda_black_box_warning_source,proposed,False,DailyMed is not permissible for boxed-warning verification; FDA accessdata label supports the boxed warning.,https://www.accessdata.fda.gov/drugsatfda_docs/label/2024/202834Orig1s019lbl.pdf,"FDA/DailyMed SPL; status=boxed_warning_found; setid=71cf3309-e182-473c-8b0b-280cabd0e122; published=Jan 28, 2026; title=FYCOMPA (PERAMPANEL) TABLET FYCOMPA (PERAMPANEL) SUSPENSION [EISAI INC.]; url=https://dailymed.nlm.nih.gov/dailymed/drugInfo.cfm?setid=71cf3309-e182-473c-8b0b-280cabd0e122",FDA/Drugs@FDA label; status=boxed_warning_found; application=NDA 202834; label=2024/202834Orig1s019lbl.pdf; title=FYCOMPA (perampanel) tablets/oral suspension; url=https://www.accessdata.fda.gov/drugsatfda_docs/label/2024/202834Orig1s019lbl.pdf
perampanel,proposed_row_update,medium,fda_black_box_warning_verified,proposed,False,Refresh the verification date if the FDA source update is applied.,https://www.accessdata.fda.gov/drugsatfda_docs/label/2024/202834Orig1s019lbl.pdf,05-20-2026,05-21-2026
perampanel,proposed_row_update,medium,evidence_sources,proposed,False,Replace non-trusted/non-preferred source names and add sources that support the RCT/outcome cells.,https://www.accessdata.fda.gov/drugsatfda_docs/label/2024/202834Orig1s019lbl.pdf; https://pubmed.ncbi.nlm.nih.gov/39576191/; https://clinicaltrials.gov/study/NCT00144690,NCBI LiverTox anticonvulsants table; Epilepsy Society ASM list; Epilepsy Foundation Australia ASM list; FDA/DailyMed labeling,FDA/Drugs@FDA labeling; NCBI LiverTox; PubMed placebo-controlled RCTs; ClinicalTrials.gov trial records
perampanel,proposed_row_update,medium,mechanism_source,proposed,False,Mechanism is supported by FDA labeling; remove DailyMed from the named source.,https://www.accessdata.fda.gov/drugsatfda_docs/label/2024/202834Orig1s019lbl.pdf,FDA/DailyMed labeling,FDA/Drugs@FDA labeling
perampanel,proposed_row_update,medium,pubmed_phase_ii_iii_rct_links,proposed,False,Meador2016 is a PubMed-indexed Phase II randomized placebo-controlled perampanel trial report. It should not alter outcome differentials.,https://pubmed.ncbi.nlm.nih.gov/26724782/,Vossler2024|https://pubmed.ncbi.nlm.nih.gov/39576191/; Nishida2017|https://pubmed.ncbi.nlm.nih.gov/29250772/; Lagae2016|https://pubmed.ncbi.nlm.nih.gov/27221398/; French2015|https://pubmed.ncbi.nlm.nih.gov/26296511/; Belousova2014|https://pubmed.ncbi.nlm.nih.gov/25345628/; Krauss2012|https://pubmed.ncbi.nlm.nih.gov/22517103/; French2012b|https://pubmed.ncbi.nlm.nih.gov/22905857/; French2012|https://pubmed.ncbi.nlm.nih.gov/22843280/,Vossler2024|https://pubmed.ncbi.nlm.nih.gov/39576191/; Nishida2017|https://pubmed.ncbi.nlm.nih.gov/29250772/; Lagae2016|https://pubmed.ncbi.nlm.nih.gov/27221398/; Meador2016|https://pubmed.ncbi.nlm.nih.gov/26724782/; French2015|https://pubmed.ncbi.nlm.nih.gov/26296511/; Belousova2014|https://pubmed.ncbi.nlm.nih.gov/25345628/; Krauss2012|https://pubmed.ncbi.nlm.nih.gov/22517103/; French2012b|https://pubmed.ncbi.nlm.nih.gov/22905857/; French2012|https://pubmed.ncbi.nlm.nih.gov/22843280/
perampanel,proposed_row_update,medium,rct_pubmed_verification_notes,proposed,False,Clarifies missing RCT coverage and rejects the Yang2015 add-to-RCT-link finding for this row’s seizure-efficacy RCT field.,https://pubmed.ncbi.nlm.nih.gov/26724782/; https://pubmed.ncbi.nlm.nih.gov/26088895/,PubMed loop 40/65 on 2026-05-15: 8 qualifying placebo-controlled randomized clinical trial report(s) retained from 50 PubMed candidate(s). Links were rebuilt from fetched PubMed PMID metadata and named FirstAuthorYear. Differential effectiveness columns summarize extractable maximum effective dose/regimen values within qualifying RCT reports.,Audit on 2026-05-21: existing efficacy/outcome RCT links and outcome differentials verified. Meador2016 (PMID 26724782) is an additional Phase II randomized placebo-controlled perampanel trial report but does not change RR50/MPC/seizure-freedom summaries. Yang2015 (PMID 26088895) supports QT assessment but should not be added as a seizure-efficacy RCT link.
phenacemide,fact_check,high,alternate_generic_names,missing,False,"NIH/PubChem lists phenylacetylurea and phenacetylurea as synonyms for phenacemide. Phenurone is a trade name and should remain in trade_names/pubmed_search_aliases, not as a separate drug row.",https://pubchem.ncbi.nlm.nih.gov/compound/Phenacemide,,phenylacetylurea; phenacetylurea
phenacemide,fact_check,high,pubmed_search_aliases,missing,False,Current alias list omits nonproprietary synonyms that may retrieve older literature.,https://pubchem.ncbi.nlm.nih.gov/compound/Phenacemide,Phenurone,Phenurone; phenylacetylurea; phenacetylurea
phenacemide,fact_check,high,evidence_sources,incorrect,False,DailyMed should be removed from boxed-warning support. Current row also needs NIH/NCBI/PubMed sources for aliases and any retained non-FDA pharmacology facts.,https://www.fda.gov/drugs/drug-approvals-and-databases/orange-book-data-files; https://api.fda.gov/drug/label.json?search=openfda.generic_name:%22phenacemide%22; https://pubchem.ncbi.nlm.nih.gov/compound/Phenacemide; https://pubmed.ncbi.nlm.nih.gov/?term=phenacemide+epilepsy+placebo+randomized+trial,FDA Orange Book products file; FDA/DailyMed labeling,FDA Orange Book products/data files; FDA/openFDA labeling; NIH/NCBI PubChem; PubMed search/audit
phenacemide,fact_check,critical,half_life_range,incorrect,True,NIH/PubChem lists phenacemide biological half-life as 22-25 hours. This contradicts retaining N/A if non-FDA pharmacokinetic sources are in scope.,https://pubchem.ncbi.nlm.nih.gov/compound/Phenacemide,N/A - no current FDA/DailyMed label located and FDA Orange Book product listing does not provide half-life.,22-25 hours (limited historical data)
phenacemide,fact_check,critical,major_organ_for_metabolism,incorrect,True,NIH/PubChem states phenacemide is metabolized in the liver by hepatic microsomal enzymes and inactivated by p-hydroxylation.,https://pubchem.ncbi.nlm.nih.gov/compound/Phenacemide,N/A - no current FDA/DailyMed label located and FDA Orange Book product listing does not provide metabolism information.,Liver (hepatic microsomal metabolism; p-hydroxylation; limited historical data)
phenacemide,fact_check,critical,filter_metabolism,incorrect,True,"If the PubChem metabolism statement is accepted, the filter should not remain fully unknown.",https://pubchem.ncbi.nlm.nih.gov/compound/Phenacemide,Limited/unknown,Hepatic (limited historical data)
phenacemide,fact_check,critical,mechanism_of_action,incorrect,True,"Orange Book does not support mechanism, but NIH/PubChem provides limited secondary pharmacology/mechanism summaries. Current N/A is incomplete if non-FDA sources are allowed.",https://pubchem.ncbi.nlm.nih.gov/compound/Phenacemide,N/A - no current FDA/DailyMed label located; FDA Orange Book confirms historical U.S. product approval/listing but does not provide mechanism of action.,Limited/uncertain: elevates seizure threshold and may prevent spread of seizure discharge; NIH/PubChem secondary summaries also describe neuronal sodium-channel or voltage-sensitive calcium-channel blockade.
phenacemide,fact_check,high,mechanism_source,incorrect,False,Orange Book data fields do not provide mechanism of action; it should not be cited as the mechanism source.,https://www.fda.gov/drugs/drug-approvals-and-databases/orange-book-data-files; https://pubchem.ncbi.nlm.nih.gov/compound/Phenacemide,FDA Orange Book products file,NIH/NCBI PubChem secondary pharmacology summaries
phenacemide,fact_check,medium,mechanism_source_tier,missing_source,False,The confidence tier is directionally correct but should identify that the supporting mechanism source is not Orange Book/FDA labeling.,https://pubchem.ncbi.nlm.nih.gov/compound/Phenacemide,Historical/limited,Historical/limited; NIH/NCBI secondary pharmacology
phenacemide,fact_check,info,plot_diff_50_responder_maximum_effective_dose,not_applicable,False,Plot field is appropriately blank because the corresponding RCT outcome is N/A.,,,
phenacemide,fact_check,info,plot_diff_median_pct_change_maximum_effective_dose,not_applicable,False,Plot field is appropriately blank because the corresponding RCT outcome is N/A.,,,
phenacemide,fact_check,info,plot_diff_seizure_freedom_maximum_effective_dose,not_applicable,False,Plot field is appropriately blank because the corresponding RCT outcome is N/A.,,,
phenacemide,black_box_warning,high,fda_black_box_warning,incorrect,False,The boxed-warning field must not rely on DailyMed. The row bundle's deterministic FDA/openFDA check found no current FDA label for phenacemide/Phenurone; update the wording and source to FDA/openFDA only.,https://api.fda.gov/drug/label.json?search=openfda.generic_name:%22phenacemide%22; https://api.fda.gov/drug/label.json?search=openfda.brand_name:%22PHENURONE%22; https://www.fda.gov/drugs/drug-approvals-and-databases/drugsfda-database,No current FDA/DailyMed label identified. Source cites FDA/DailyMed search.,No current FDA/openFDA label identified.
phenacemide,proposed_row_update,medium,evidence_sources,proposed,False,Current source list uses DailyMed wording and omits NIH/NCBI/PubMed support for aliases and non-FDA pharmacology facts.,https://www.fda.gov/drugs/drug-approvals-and-databases/orange-book-data-files; https://api.fda.gov/drug/label.json?search=openfda.generic_name:%22phenacemide%22; https://pubchem.ncbi.nlm.nih.gov/compound/Phenacemide; https://pubmed.ncbi.nlm.nih.gov/?term=phenacemide+epilepsy+placebo+randomized+trial,FDA Orange Book products file; FDA/DailyMed labeling,FDA Orange Book products/data files; FDA/openFDA labeling; NIH/NCBI PubChem; PubMed search/audit
phenacemide,proposed_row_update,medium,fda_black_box_warning_source,proposed,False,"Black-box verification must be FDA/openFDA, FDA labels, or Drugs@FDA only.",https://api.fda.gov/drug/label.json?search=openfda.generic_name:%22phenacemide%22; https://api.fda.gov/drug/label.json?search=openfda.brand_name:%22PHENURONE%22,FDA/DailyMed search on 05-20-2026: no current label found for terms [phenacemide; Phenurone].,FDA/openFDA label API search on 05-20-2026: no current FDA label found for terms [phenacemide; Phenurone].
phenacemide,proposed_row_update,medium,mechanism_source,proposed,False,FDA Orange Book does not support mechanism of action details.,https://www.fda.gov/drugs/drug-approvals-and-databases/orange-book-data-files; https://pubchem.ncbi.nlm.nih.gov/compound/Phenacemide,FDA Orange Book products file,NIH/NCBI PubChem secondary pharmacology summaries
phenacemide,proposed_row_update,medium,alternate_generic_names,proposed,False,"Important NIH/PubChem synonyms are missing; Phenurone should remain trade name/search alias, not a separate row.",https://pubchem.ncbi.nlm.nih.gov/compound/Phenacemide,,phenylacetylurea; phenacetylurea
phenacemide,proposed_row_update,medium,pubmed_search_aliases,proposed,False,Adds nonproprietary/chemical synonyms likely to retrieve older literature.,https://pubchem.ncbi.nlm.nih.gov/compound/Phenacemide,Phenurone,Phenurone; phenylacetylurea; phenacetylurea
phenacemide,proposed_row_update,medium,fda_black_box_warning,proposed,False,DailyMed is not permissible for black-box verification; row bundle supports FDA/openFDA-only wording.,https://api.fda.gov/drug/label.json?search=openfda.generic_name:%22phenacemide%22; https://api.fda.gov/drug/label.json?search=openfda.brand_name:%22PHENURONE%22,No current FDA/DailyMed label identified.,No current FDA/openFDA label identified.
phenacemide,proposed_row_update,medium,fda_black_box_warning_source,proposed,False,Source wording must use FDA/openFDA only for boxed-warning status.,https://api.fda.gov/drug/label.json?search=openfda.generic_name:%22phenacemide%22; https://api.fda.gov/drug/label.json?search=openfda.brand_name:%22PHENURONE%22,FDA/DailyMed search on 05-20-2026: no current label found for terms [phenacemide; Phenurone].,FDA/openFDA label API search on 05-20-2026: no current FDA label found for terms [phenacemide; Phenurone].
phenacemide,proposed_row_update,medium,evidence_sources,proposed,False,Removes DailyMed from black-box support and adds sources needed for aliases/pharmacology/RCT audit.,https://www.fda.gov/drugs/drug-approvals-and-databases/orange-book-data-files; https://api.fda.gov/drug/label.json?search=openfda.generic_name:%22phenacemide%22; https://pubchem.ncbi.nlm.nih.gov/compound/Phenacemide; https://pubmed.ncbi.nlm.nih.gov/?term=phenacemide+epilepsy+placebo+randomized+trial,FDA Orange Book products file; FDA/DailyMed labeling,FDA Orange Book products/data files; FDA/openFDA labeling; NIH/NCBI PubChem; PubMed search/audit
phenacemide,proposed_row_update,critical,half_life_range,proposed,True,NIH/PubChem provides a phenacemide half-life value.,https://pubchem.ncbi.nlm.nih.gov/compound/Phenacemide,N/A - no current FDA/DailyMed label located and FDA Orange Book product listing does not provide half-life.,22-25 hours (limited historical data)
phenacemide,proposed_row_update,critical,major_organ_for_metabolism,proposed,True,NIH/PubChem provides hepatic metabolism information.,https://pubchem.ncbi.nlm.nih.gov/compound/Phenacemide,N/A - no current FDA/DailyMed label located and FDA Orange Book product listing does not provide metabolism information.,Liver (hepatic microsomal metabolism; p-hydroxylation; limited historical data)
phenacemide,proposed_row_update,critical,filter_metabolism,proposed,True,Should align with the proposed hepatic metabolism update if accepted.,https://pubchem.ncbi.nlm.nih.gov/compound/Phenacemide,Limited/unknown,Hepatic (limited historical data)
phenacemide,proposed_row_update,critical,mechanism_of_action,proposed,True,"Orange Book is not a mechanism source, but NIH/PubChem provides limited secondary mechanism/pharmacology summaries.",https://pubchem.ncbi.nlm.nih.gov/compound/Phenacemide,N/A - no current FDA/DailyMed label located; FDA Orange Book confirms historical U.S. product approval/listing but does not provide mechanism of action.,Limited/uncertain: elevates seizure threshold and may prevent spread of seizure discharge; NIH/PubChem secondary summaries also describe neuronal sodium-channel or voltage-sensitive calcium-channel blockade.
phenacemide,proposed_row_update,medium,mechanism_source,proposed,False,Orange Book data fields do not support the mechanism cell.,https://www.fda.gov/drugs/drug-approvals-and-databases/orange-book-data-files; https://pubchem.ncbi.nlm.nih.gov/compound/Phenacemide,FDA Orange Book products file,NIH/NCBI PubChem secondary pharmacology summaries
phenacemide,proposed_row_update,medium,mechanism_source_tier,proposed,False,Clarifies source tier for the proposed mechanism value.,https://pubchem.ncbi.nlm.nih.gov/compound/Phenacemide,Historical/limited,Historical/limited; NIH/NCBI secondary pharmacology
phenobarbital,fact_check,high,pubmed_search_aliases,missing,False,"Important PubMed records, including Bacon1981, use phenobarbitone. Leaving this blank risks missing same-drug records and should not create a duplicate drug row.",https://pubmed.ncbi.nlm.nih.gov/6116084/,,phenobarbitone
phenobarbital,fact_check,medium,trade_names,missing_source,False,"FDA review supports historical Luminal and FDA approval/orphan records support current SEZABY. Phenobarb/Solfoton were not confirmed from FDA sources in this audit, but no direct contradiction was found, so do not delete them without user approval.",https://www.accessdata.fda.gov/drugsatfda_docs/nda/2023/215910Orig1s000MedR.pdf; https://www.accessdata.fda.gov/scripts/opdlisting/oopd/detailedIndex.cfm?cfgridkey=703819; https://www.epilepsy.com/stories/summary-anti-seizure-medications,Luminal; Phenobarb; Solfoton,Luminal; Phenobarb; Solfoton; Sezaby
phenobarbital,fact_check,critical,half_life_range,incorrect,True,"The selected FDA label does not support 53-118 h; FDA labeling states neonatal t1/2 is about 1 week, and eMC SmPC reports adult half-life about 75-120 h and pediatric about 21-75 h. Current value should be replaced or separately sourced if retained.",https://www.accessdata.fda.gov/drugsatfda_docs/label/2022/215910s000lbl.pdf; https://www.medicines.org.uk/emc/product/3607/smpc,53-118 h,Adults about 75-120 h; children about 21-75 h; neonates approximately 1 week
phenobarbital,fact_check,critical,maximum_approved_daily_dose,incorrect,True,The current text is too vague for approved/labelled dosing. FDA SEZABY label provides a maximum loading dose and maintenance regimen; eMC provides usual oral adult and pediatric dosing.,https://www.accessdata.fda.gov/drugsatfda_docs/label/2022/215910s000lbl.pdf; https://www.medicines.org.uk/emc/product/4920/smpc,Individualized by serum level/tolerability; no single fixed max,Depends on indication/formulation: SEZABY neonatal regimen maximum total loading dose 40 mg/kg and maintenance 4.5 mg/kg/day for up to 5 days; oral epilepsy SmPC usual adult daily dose 60-200 mg and pediatric 3-6 mg/kg/day
phenobarbital,fact_check,critical,qt_interval_effect,incorrect,True,"FDA label has a QT Prolongation warning and states SEZABY's QTc effect has not been adequately characterized, with nonclinical hERG signal and QTc prolongation reported in adult literature. Current wording is misleading.",https://www.accessdata.fda.gov/drugsatfda_docs/label/2022/215910s000lbl.pdf,No direct QT effect established,QTc effect not adequately characterized; FDA label warns to avoid concomitant use in patients at significant torsade de pointes risk and with drugs/products that may increase QTc-prolongation risk
phenobarbital,fact_check,critical,adverse_symptoms_percentages,incorrect,True,FDA label provides specific neonatal trial percentages that do not match the row. eMC supports behavioral and dermatologic categories but not the row's percentages. The respiratory '<1%' statement is not supported and conflicts with FDA neonatal abnormal-respiration incidence.,https://www.accessdata.fda.gov/drugsatfda_docs/label/2022/215910s000lbl.pdf; https://www.medicines.org.uk/emc/product/4920/smpc,"CNS: drowsiness/sedation 20-60%, behavioral: hyperactivity/irritability 5-15%, dermatologic: rash 1-3%, respiratory: respiratory depression <1% at therapeutic doses","CNS: sedation 16% in neonatal Study 1; respiratory: abnormal respiration 25% in neonatal Study 1 and respiratory depression reported/warned; GI/feeding: feeding disorder 16%; cardiovascular: hypotension 16%; behavioral/psychiatric symptoms including abnormal behavior, aggression, hyperactivity, agitation and irritability reported, frequency not reliably estimable; dermatologic reactions including rash, SJS/TEN and DRESS reported, frequency not reliably estimable"
phenobarbital,fact_check,high,evidence_sources,incorrect,False,Current evidence_sources includes DailyMed for FDA labeling and non-whitelisted sources. Replace with trusted domains actually used to support row facts.,https://www.accessdata.fda.gov/drugsatfda_docs/label/2022/215910s000lbl.pdf; https://api.fda.gov/drug/label.json?search=openfda.spl_set_id%3A%228c7d0402-4977-4c25-bc4b-11db91339e9a%22&limit=5; https://www.ncbi.nlm.nih.gov/books/NBK548269/; https://www.medicines.org.uk/emc/product/4920/smpc; https://www.medicines.org.uk/emc/product/3607/smpc; https://www.epilepsy.com/stories/summary-anti-seizure-medications,NCBI LiverTox anticonvulsants table; Epilepsy Society ASM list; Epilepsy Foundation Australia ASM list; FDA/DailyMed labeling; American Epilepsy Society 2024 U.S. ASM summary; Sills and Rogawski 2020 ASM mechanism review,"FDA/Drugs@FDA SEZABY label and approval review; FDA/openFDA SEZABY label API; NCBI Bookshelf LiverTox phenobarbital; NCBI Bookshelf StatPearls phenobarbital/barbiturates; eMC/medicines.org.uk Phenobarbital Elixir BP and Phenobarbital Sodium Injection SmPCs; Epilepsy Foundation ASM summary; PubMed RCT records for Takami2019, Crawley2000 and Bacon1981"
phenobarbital,fact_check,medium,mechanism_source,missing_source,False,Mechanism is supportable from FDA labeling and NCBI. DailyMed should be removed from the source wording; AES/Sills-Rogawski were not independently verified in this audit from whitelisted source URLs.,https://www.accessdata.fda.gov/drugsatfda_docs/label/2022/215910s000lbl.pdf; https://www.ncbi.nlm.nih.gov/books/NBK532277/,FDA/DailyMed labeling; American Epilepsy Society 2024 U.S. ASM summary; Sills and Rogawski 2020 ASM mechanism review,FDA/Drugs@FDA SEZABY label; NCBI Bookshelf Phenobarbital StatPearls
phenobarbital,missing_rct,high,pubmed_phase_ii_iii_rct_links,missing,False,"ClinicalTrials.gov describes a completed phase 3 randomized quadruple-masked placebo-controlled phenobarbital adjunctive trial, but no PMID was identified in the provided bundle.",https://clinicaltrials.gov/study/NCT01284556,,Do not add to pubmed_phase_ii_iii_rct_links unless a PMID/publication is identified; consider a separate ClinicalTrials.gov evidence field if unpublished trials are tracked.
phenobarbital,proposed_row_update,medium,fda_black_box_warning_source,proposed,False,DailyMed is not permissible for FDA boxed-warning verification; use FDA/openFDA or accessdata FDA labeling.,https://api.fda.gov/drug/label.json?search=openfda.spl_set_id%3A%228c7d0402-4977-4c25-bc4b-11db91339e9a%22&limit=5; https://www.accessdata.fda.gov/drugsatfda_docs/label/2022/215910s000lbl.pdf,"FDA/DailyMed SPL; status=boxed_warning_found; setid=8c7d0402-4977-4c25-bc4b-11db91339e9a; published=; title=These highlights do not include all the information needed to use SEZABY safely and effectively. See full prescribing information for SEZABY. SEZABY™ (phenobarbital sodium) for injection, for intravenous use, CIV Initial U.S. Approval: 2022; url=https://dailymed.nlm.nih.gov/dailymed/drugInfo.cfm?setid=8c7d0402-4977-4c25-bc4b-11db91339e9a",FDA/openFDA drug label API; status=boxed_warning_found; spl_set_id=8c7d0402-4977-4c25-bc4b-11db91339e9a; effective_time=20251223; title=SEZABY / PHENOBARBITAL SODIUM; api_url=https://api.fda.gov/drug/label.json?search=openfda.spl_set_id%3A%228c7d0402-4977-4c25-bc4b-11db91339e9a%22&limit=5
phenobarbital,proposed_row_update,medium,mechanism_source,proposed,False,The mechanism fact is supported by FDA and NCBI sources; DailyMed and unverified non-whitelisted sources should not be the named support.,https://www.accessdata.fda.gov/drugsatfda_docs/label/2022/215910s000lbl.pdf; https://www.ncbi.nlm.nih.gov/books/NBK532277/,FDA/DailyMed labeling; American Epilepsy Society 2024 U.S. ASM summary; Sills and Rogawski 2020 ASM mechanism review,FDA/Drugs@FDA SEZABY label; NCBI Bookshelf Phenobarbital StatPearls
phenobarbital,proposed_row_update,medium,pubmed_search_aliases,proposed,False,Important same-drug PubMed literature uses the non-US spelling.,https://pubmed.ncbi.nlm.nih.gov/6116084/,,phenobarbitone
phenobarbital,proposed_row_update,medium,trade_names,proposed,False,SEZABY is an FDA-approved phenobarbital sodium trade name; no deletion proposed for unverified names without direct contradiction.,https://www.accessdata.fda.gov/scripts/opdlisting/oopd/detailedIndex.cfm?cfgridkey=703819,Luminal; Phenobarb; Solfoton,Luminal; Phenobarb; Solfoton; Sezaby
phenobarbital,proposed_row_update,critical,qt_interval_effect,proposed,True,FDA label contains QT Prolongation warning and contradicts the current reassuring wording.,https://www.accessdata.fda.gov/drugsatfda_docs/label/2022/215910s000lbl.pdf,No direct QT effect established,QTc effect not adequately characterized; FDA label warns to avoid concomitant use in patients at significant torsade de pointes risk and with drugs/products that may increase QTc-prolongation risk
phenobarbital,proposed_row_update,critical,half_life_range,proposed,True,Current numeric range was not supported by the selected FDA/openFDA source; trusted FDA/eMC sources support different population-specific values.,https://www.accessdata.fda.gov/drugsatfda_docs/label/2022/215910s000lbl.pdf; https://www.medicines.org.uk/emc/product/3607/smpc,53-118 h,Adults about 75-120 h; children about 21-75 h; neonates approximately 1 week
phenobarbital,proposed_row_update,critical,maximum_approved_daily_dose,proposed,True,FDA/eMC labeling provides labelled regimen limits and usual dose ranges.,https://www.accessdata.fda.gov/drugsatfda_docs/label/2022/215910s000lbl.pdf; https://www.medicines.org.uk/emc/product/4920/smpc,Individualized by serum level/tolerability; no single fixed max,Depends on indication/formulation: SEZABY neonatal regimen maximum total loading dose 40 mg/kg and maintenance 4.5 mg/kg/day for up to 5 days; oral epilepsy SmPC usual adult daily dose 60-200 mg and pediatric 3-6 mg/kg/day
phensuximide,fact_check,high,alternate_generic_names,incorrect,False,The blank value is missing important aliases. NCBI MeSH lists phensuccimide as an entry term for phensuximide; PubMed PMID 13244795 identifies methylphenylsuccinimide (Milontin) and indexes phensuximide as the substance.,https://www.ncbi.nlm.nih.gov/mesh/67100129; https://pubmed.ncbi.nlm.nih.gov/13244795/,,phensuccimide; methylphenylsuccinimide
phensuximide,fact_check,high,pubmed_search_aliases,incorrect,False,"Milontin is verified, but PubMed/NCBI aliases useful for literature retrieval are missing.",https://pubmed.ncbi.nlm.nih.gov/13244795/; https://www.ncbi.nlm.nih.gov/mesh/67100129,Milontin,Milontin; methylphenylsuccinimide; phensuccimide
phensuximide,fact_check,high,year_fda_cleared,incorrect,False,The current value is an Orange Book legacy placeholder; FDA/openFDA Drugs@FDA gives the exact original approval date for NDA008855.,https://api.fda.gov/drug/drugsfda.json?search=application_number:%22NDA008855%22&limit=5; https://www.fda.gov/drugs/drug-approvals-and-databases/orange-book-data-files,"Approved Prior to Jan 1, 1982 (FDA Orange Book)",1953-09-08 (FDA/openFDA Drugs@FDA NDA008855 ORIG 1 approval date)
phensuximide,fact_check,high,evidence_sources,incorrect,False,"DailyMed should not be cited for boxed-warning verification, and PubMed/NCBI sources are needed for aliases, epilepsy type, and half-life facts.",https://api.fda.gov/drug/drugsfda.json?search=application_number:%22NDA008855%22&limit=5; https://api.fda.gov/drug/label.json?search=openfda.generic_name:%22phensuximide%22&limit=1; https://pubmed.ncbi.nlm.nih.gov/116142/; https://www.ncbi.nlm.nih.gov/books/NBK2597/,FDA Orange Book products file; FDA/DailyMed labeling,FDA/openFDA Drugs@FDA application endpoint; FDA/openFDA label API; FDA Orange Book data files; PubMed/NCBI Bookshelf
phensuximide,fact_check,high,adverse_symptoms_percentages,incorrect,False,The 0% wording is not supported by absence of a label and should not imply zero adverse events. FDA/openFDA label searches found no current phensuximide/Milontin label.,https://api.fda.gov/drug/label.json?search=openfda.generic_name:%22phensuximide%22&limit=1; https://api.fda.gov/drug/label.json?search=openfda.brand_name:%22MILONTIN%22&limit=1; https://api.fda.gov/drug/drugsfda.json?search=application_number:%22NDA008855%22&limit=5,N/A 0%: no current FDA/DailyMed label identified; FDA Orange Book product listing does not provide adverse-event percentages.,N/A: no current FDA/openFDA label identified; FDA/openFDA Drugs@FDA and Orange Book product listings do not provide adverse-event percentages.
phensuximide,fact_check,high,epilepsy_type,incorrect,False,"FDA/openFDA product data do not provide the labeled seizure category, but PubMed evidence specifically indexes phensuximide under absence epilepsy and older Milontin literature refers to petit mal epilepsy.",https://pubmed.ncbi.nlm.nih.gov/116142/; https://pubmed.ncbi.nlm.nih.gov/13422710/; https://api.fda.gov/drug/drugsfda.json?search=application_number:%22NDA008855%22&limit=5,Historical/unspecified epilepsy (specific FDA-labeled seizure category not available from Orange Book listing),Historical absence/petit mal epilepsy evidence; specific FDA-labeled seizure category not available from FDA/openFDA product listing.
phensuximide,fact_check,high,half_life_range,incorrect,False,PubMed PMID 116142 reports a mean phensuximide half-life of 7.8 hours in single- and chronic-dose studies in five patients with intractable seizures.,https://pubmed.ncbi.nlm.nih.gov/116142/,N/A - no current FDA/DailyMed label located and FDA Orange Book product listing does not provide half-life.,Mean 7.8 hours for phensuximide; desmethylphensuximide had a similar half-life (small 5-patient clinical pharmacokinetic study).
phensuximide,fact_check,medium,mechanism_of_action,missing_source,False,"FDA product data do not provide mechanism. NCBI Bookshelf lists phensuximide as an older succinimide and describes the succinimide anti-absence class mechanism; this is a class inference, not a phensuximide-specific FDA label claim.",https://www.ncbi.nlm.nih.gov/books/NBK2597/; https://www.ncbi.nlm.nih.gov/books/NBK544244/; https://pubmed.ncbi.nlm.nih.gov/116142/,N/A - no current FDA/DailyMed label located; FDA Orange Book confirms historical U.S. product approval/listing but does not provide mechanism of action.,"Succinimide anticonvulsant; anti-absence mechanism is limited/inferred from the succinimide class, which reduces thalamic low-threshold calcium currents and suppresses 3-Hz spike-wave activity. Phensuximide-specific mechanism evidence remains limited."
phensuximide,fact_check,medium,mechanism_source,missing_source,False,Orange Book/product data verify identity and approval status but do not support mechanism text.,https://www.ncbi.nlm.nih.gov/books/NBK2597/; https://pubmed.ncbi.nlm.nih.gov/116142/,FDA Orange Book products file,NCBI Bookshelf succinimide class discussion; PubMed PMID 116142; FDA/openFDA Drugs@FDA for product identity
phensuximide,fact_check,high,mechanism_source_tier,incorrect,False,"If the mechanism cell is updated, the source tier should reflect NCBI secondary evidence and older peer-reviewed clinical pharmacology rather than Orange Book alone.",https://www.ncbi.nlm.nih.gov/books/NBK2597/; https://pubmed.ncbi.nlm.nih.gov/116142/,Historical/limited,NCBI/peer-reviewed limited
phensuximide,outcome_check,info,plot_diff_50_responder_maximum_effective_dose,not_applicable,False,Plot field is not applicable because the corresponding outcome value is N/A.,,,
phensuximide,outcome_check,info,plot_diff_median_pct_change_maximum_effective_dose,not_applicable,False,Plot field is not applicable because the corresponding outcome value is N/A.,,,
phensuximide,outcome_check,info,plot_diff_seizure_freedom_maximum_effective_dose,not_applicable,False,Plot field is not applicable because the corresponding outcome value is N/A.,,,
phensuximide,black_box_warning,high,fda_black_box_warning,incorrect,False,FDA/openFDA label searches for generic name phensuximide and brand name MILONTIN returned no matching current FDA label. DailyMed should not be used or named for the boxed-warning field under the audit policy.,https://api.fda.gov/drug/label.json?search=openfda.generic_name:%22phensuximide%22&limit=1; https://api.fda.gov/drug/label.json?search=openfda.brand_name:%22MILONTIN%22&limit=1,No current FDA/DailyMed label identified.,No current FDA/openFDA label identified.
phensuximide,proposed_row_update,medium,evidence_sources,proposed,False,"DailyMed is not permissible for boxed-warning verification, and non-FDA trusted sources are needed for aliases, epilepsy type, and half-life.",https://api.fda.gov/drug/drugsfda.json?search=application_number:%22NDA008855%22&limit=5; https://api.fda.gov/drug/label.json?search=openfda.generic_name:%22phensuximide%22&limit=1; https://pubmed.ncbi.nlm.nih.gov/116142/; https://www.ncbi.nlm.nih.gov/books/NBK2597/,FDA Orange Book products file; FDA/DailyMed labeling,FDA/openFDA Drugs@FDA application endpoint; FDA/openFDA label API; FDA Orange Book data files; PubMed/NCBI Bookshelf
phensuximide,proposed_row_update,medium,fda_black_box_warning_source,proposed,False,Replace DailyMed wording with FDA/openFDA-only boxed-warning source wording.,https://api.fda.gov/drug/label.json?search=openfda.generic_name:%22phensuximide%22&limit=1; https://api.fda.gov/drug/label.json?search=openfda.brand_name:%22MILONTIN%22&limit=1,FDA/DailyMed search on 05-20-2026: no current label found for terms [phensuximide; Milontin].,"FDA/openFDA label API searches on 2026-05-21: no current FDA label found for openfda.generic_name:""phensuximide"" or openfda.brand_name:""MILONTIN""."
phensuximide,proposed_row_update,medium,fda_black_box_warning_verified,proposed,False,Reflects the FDA/openFDA label API verification date used in this audit.,https://api.fda.gov/drug/label.json?search=openfda.generic_name:%22phensuximide%22&limit=1,05-20-2026,05-21-2026
phensuximide,proposed_row_update,medium,mechanism_source,proposed,False,Orange Book/product data do not support mechanism text; NCBI/PubMed support only a limited class-level mechanism.,https://www.ncbi.nlm.nih.gov/books/NBK2597/; https://pubmed.ncbi.nlm.nih.gov/116142/,FDA Orange Book products file,NCBI Bookshelf succinimide class discussion; PubMed PMID 116142; FDA/openFDA Drugs@FDA for product identity
phensuximide,proposed_row_update,medium,alternate_generic_names,proposed,False,Missing important aliases for the same drug.,https://www.ncbi.nlm.nih.gov/mesh/67100129; https://pubmed.ncbi.nlm.nih.gov/13244795/,,phensuccimide; methylphenylsuccinimide
phensuximide,proposed_row_update,medium,pubmed_search_aliases,proposed,False,Add literature-search aliases without creating a duplicate drug row.,https://pubmed.ncbi.nlm.nih.gov/13244795/; https://www.ncbi.nlm.nih.gov/mesh/67100129,Milontin,Milontin; methylphenylsuccinimide; phensuccimide
phensuximide,proposed_row_update,medium,year_fda_cleared,proposed,False,FDA/openFDA Drugs@FDA provides the exact original approval date.,https://api.fda.gov/drug/drugsfda.json?search=application_number:%22NDA008855%22&limit=5,"Approved Prior to Jan 1, 1982 (FDA Orange Book)",1953-09-08 (FDA/openFDA Drugs@FDA NDA008855 ORIG 1 approval date)
phensuximide,proposed_row_update,medium,adverse_symptoms_percentages,proposed,False,Remove unsupported 0% implication and DailyMed wording.,https://api.fda.gov/drug/label.json?search=openfda.generic_name:%22phensuximide%22&limit=1; https://api.fda.gov/drug/label.json?search=openfda.brand_name:%22MILONTIN%22&limit=1,N/A 0%: no current FDA/DailyMed label identified; FDA Orange Book product listing does not provide adverse-event percentages.,N/A: no current FDA/openFDA label identified; FDA/openFDA Drugs@FDA and Orange Book product listings do not provide adverse-event percentages.
phensuximide,proposed_row_update,medium,epilepsy_type,proposed,False,PubMed evidence supports absence/petit mal historical use while FDA/openFDA product data do not expose a labeled seizure category.,https://pubmed.ncbi.nlm.nih.gov/116142/; https://pubmed.ncbi.nlm.nih.gov/13422710/,Historical/unspecified epilepsy (specific FDA-labeled seizure category not available from Orange Book listing),Historical absence/petit mal epilepsy evidence; specific FDA-labeled seizure category not available from FDA/openFDA product listing.
phensuximide,proposed_row_update,medium,half_life_range,proposed,False,PubMed PMID 116142 provides phensuximide-specific half-life evidence.,https://pubmed.ncbi.nlm.nih.gov/116142/,N/A - no current FDA/DailyMed label located and FDA Orange Book product listing does not provide half-life.,Mean 7.8 hours for phensuximide; desmethylphensuximide had a similar half-life (small 5-patient clinical pharmacokinetic study).
phensuximide,proposed_row_update,medium,mechanism_of_action,proposed,False,Current source does not support a mechanism; NCBI supports a limited class-level mechanism and phensuximide as an older succinimide.,https://www.ncbi.nlm.nih.gov/books/NBK2597/; https://www.ncbi.nlm.nih.gov/books/NBK544244/,N/A - no current FDA/DailyMed label located; FDA Orange Book confirms historical U.S. product approval/listing but does not provide mechanism of action.,"Succinimide anticonvulsant; anti-absence mechanism is limited/inferred from the succinimide class, which reduces thalamic low-threshold calcium currents and suppresses 3-Hz spike-wave activity. Phensuximide-specific mechanism evidence remains limited."
phensuximide,proposed_row_update,medium,fda_black_box_warning,proposed,False,"Boxed-warning verification must use FDA/openFDA, not DailyMed.",https://api.fda.gov/drug/label.json?search=openfda.generic_name:%22phensuximide%22&limit=1; https://api.fda.gov/drug/label.json?search=openfda.brand_name:%22MILONTIN%22&limit=1,No current FDA/DailyMed label identified.,No current FDA/openFDA label identified.
phenytoin,fact_check,high,alternate_generic_names,missing,False,"Diphenylhydantoin is an established phenytoin alias in PubMed RCT records, and phenytoin sodium is the labeled salt form used for capsules/injection.",https://pubmed.ncbi.nlm.nih.gov/4610196/; https://pubmed.ncbi.nlm.nih.gov/2686433/; https://www.accessdata.fda.gov/drugsatfda_docs/label/2022/084349s088lbl.pdf,,diphenylhydantoin; phenytoin sodium
phenytoin,fact_check,high,pubmed_search_aliases,missing,False,Missing diphenylhydantoin aliases can cause phenytoin RCTs to be missed or misclassified.,https://pubmed.ncbi.nlm.nih.gov/4610196/; https://pubmed.ncbi.nlm.nih.gov/2686433/,,diphenylhydantoin; diphenylhydantoin sodium; phenytoin sodium
phenytoin,fact_check,high,formulations_available,incorrect,False,"US FDA labeling supports extended capsules, chewable tablets, oral suspension, and parenteral phenytoin sodium injection for intravenous or intramuscular use.",https://www.accessdata.fda.gov/drugsatfda_docs/label/2022/084349s088lbl.pdf; https://www.accessdata.fda.gov/drugsatfda_docs/label/2015/084427Orig1s032lbl.pdf; https://www.accessdata.fda.gov/drugsatfda_docs/label/2013/008762s047lbl.pdf; https://www.accessdata.fda.gov/drugsatfda_docs/label/2017/010151s047s048lbl.pdf,Capsule; chewable tablet; oral suspension; IV injection,Capsule; chewable tablet; oral suspension; IV/IM injection
phenytoin,fact_check,critical,enzyme_inducing_or_inhibiting,incorrect,True,"FDA supports phenytoin as a strong CYP3A inducer and potent hepatic enzyme inducer. PubMed review supports CYP/UGT induction. FDA/eMC labeling supports CYP2C9/CYP2C19 metabolism and saturable metabolism, but the current wording overstates CYP2C9/19 as strong induced enzymes.",https://www.fda.gov/drugs/drug-interactions-labeling/drug-development-and-drug-interactions-table-substrates-inhibitors-and-inducers; https://pubmed.ncbi.nlm.nih.gov/9606477/; https://www.accessdata.fda.gov/drugsatfda_docs/label/2022/084349s088lbl.pdf; https://www.medicines.org.uk/emc/product/7558/smpc,"Strong enzyme inducer: CYP3A4, CYP2C9/19, and UGT; nonlinear metabolism",Strong CYP3A inducer and broad/potent hepatic enzyme inducer of CYP/UGT pathways; primarily metabolized by CYP2C9 and CYP2C19; saturable/nonlinear metabolism
phenytoin,fact_check,high,mechanism_source,incorrect,False,DailyMed is not in the trusted source list supplied for this audit. FDA accessdata labeling supports the mechanism cell.,https://www.accessdata.fda.gov/drugsatfda_docs/label/2022/084349s088lbl.pdf,FDA/DailyMed labeling; Sills and Rogawski 2020 ASM mechanism review,FDA accessdata labeling; Sills and Rogawski 2020 ASM mechanism review
phenytoin,fact_check,critical,year_fda_cleared,incorrect,True,FDA labeling lists Initial U.S. Approval as 1953; 1938 may refer to historical introduction/use but is not supported as the FDA clearance/approval year in the checked FDA labels.,https://www.accessdata.fda.gov/drugsatfda_docs/label/2022/084349s088lbl.pdf; https://www.accessdata.fda.gov/drugsatfda_docs/label/2017/010151s047s048lbl.pdf,1938 legacy approval,1953 (Initial U.S. Approval)
phenytoin,fact_check,medium,adverse_symptoms_percentages,insufficient_evidence,True,Checked sources support the adverse event types but not the current exact nystagmus/ataxia/dizziness percentages. NCBI sources give different gingival/rash estimates and describe SJS/TEN as rare serious reactions.,https://www.accessdata.fda.gov/drugsatfda_docs/label/2022/084349s088lbl.pdf; https://www.ncbi.nlm.nih.gov/books/NBK548889/; https://www.ncbi.nlm.nih.gov/books/NBK423938/; https://www.ncbi.nlm.nih.gov/books/NBK482444/,"Neurologic: nystagmus 20-40%, neurologic: ataxia 10-30%, CNS: dizziness 10-20%, gingival: gingival hyperplasia 20%, dermatologic: rash 5-10%, dermatologic: SJS/TEN <1%","Neurologic/CNS: nystagmus, ataxia, slurred speech/decreased coordination, somnolence/mental confusion, dizziness/vertigo (common or dose-related; exact percentages not consistently quantified in checked FDA/NCBI sources); gingival: gingival hyperplasia/overgrowth reported (13% clinically significant in one community study; estimates up to 50% in reviews); dermatologic: rash reported (morbilliform rash 2-5% in IARC review; LiverTox notes rash can occur in 10%); severe dermatologic: SJS/TEN rare serious reactions"
phenytoin,fact_check,high,evidence_sources,incorrect,False,Several current named sources are not in the trusted-source domain list or do not support the specific FDA boxed-warning field. Replace with sources actually used for checked cells.,https://www.accessdata.fda.gov/drugsatfda_docs/label/2022/084349s088lbl.pdf; https://api.fda.gov/drug/label.json?search=openfda.spl_set_id%3A%22a52cf1bd-dc1f-47be-aba8-29066d9a50fb%22&limit=5; https://www.ncbi.nlm.nih.gov/books/NBK548889/; https://www.ncbi.nlm.nih.gov/books/NBK423938/; https://www.medicines.org.uk/emc/product/7558/smpc,NCBI LiverTox anticonvulsants table; Epilepsy Society ASM list; Epilepsy Foundation Australia ASM list; FDA/DailyMed labeling; Sills and Rogawski 2020 ASM mechanism review,FDA accessdata labeling; FDA/openFDA drug label API for boxed warning; NCBI Bookshelf LiverTox/StatPearls/IARC phenytoin monographs; PubMed RCT records; eMC SmPC records for UK trade names; FDA drug-interaction table
phenytoin,rct_link_check,high,pubmed_phase_ii_iii_rct_links,not_placebo_rct,True,"PubMed abstract states the design was prospective open-label controlled; the control group did not receive phenytoin, so this is not a placebo-controlled trial despite randomization.",https://pubmed.ncbi.nlm.nih.gov/11903465/,https://pubmed.ncbi.nlm.nih.gov/11903465/,Remove from placebo-controlled RCT list or move to a non-placebo randomized-control field; user approval required because this deletes an existing link.
phenytoin,rct_link_check,high,pubmed_phase_ii_iii_rct_links,wrong_drug,True,The randomized intervention is oxcarbazepine vs placebo in patients receiving background carbamazepine/valproate/phenytoin; phenytoin is not the randomized study drug.,https://pubmed.ncbi.nlm.nih.gov/8148215/,https://pubmed.ncbi.nlm.nih.gov/8148215/,Do not add to the phenytoin row's placebo-controlled phenytoin RCT list.
phenytoin,rct_link_check,high,pubmed_phase_ii_iii_rct_links,wrong_drug,True,"The randomized intervention is folic acid vs lactose for phenytoin-induced gingival hyperplasia; phenytoin is background exposure/adverse-effect cause, not the trial drug for seizure efficacy.",https://pubmed.ncbi.nlm.nih.gov/1828561/,https://pubmed.ncbi.nlm.nih.gov/1828561/,Do not add to the phenytoin ASM RCT list.
phenytoin,missing_rct,high,pubmed_phase_ii_iii_rct_links,missing,False,Diphenylhydantoin is a phenytoin alias. PubMed classifies the report as Clinical Trial and Randomized Controlled Trial with placebo and seizure-prevention MeSH terms; include if alcohol-withdrawal seizure trials are in row scope.,https://pubmed.ncbi.nlm.nih.gov/4610196/,,Sampliner1974|https://pubmed.ncbi.nlm.nih.gov/4610196/
phenytoin,missing_rct,high,pubmed_phase_ii_iii_rct_links,missing,False,Prospective randomized double-blind placebo-controlled IV diphenylhydantoin/phenytoin trial for recurrent alcohol-withdrawal seizures; include if provoked seizure trials are in scope.,https://pubmed.ncbi.nlm.nih.gov/2686433/,,Alldredge1989|https://pubmed.ncbi.nlm.nih.gov/2686433/
phenytoin,missing_rct,high,pubmed_phase_ii_iii_rct_links,missing,False,Prospective randomized placebo-controlled double-blind phenytoin trial for recurrence of alcohol-withdrawal seizures; include if provoked seizure trials are in scope.,https://pubmed.ncbi.nlm.nih.gov/2024792/,,Chance1991|https://pubmed.ncbi.nlm.nih.gov/2024792/
phenytoin,black_box_warning,critical,fda_black_box_warning,incorrect,True,"FDA/openFDA confirms a boxed warning for IV phenytoin rapid infusion. DailyMed is not permissible for this field, and the current cell should use FDA/openFDA or accessdata FDA labeling metadata instead.",https://api.fda.gov/drug/label.json?search=openfda.spl_set_id%3A%22a52cf1bd-dc1f-47be-aba8-29066d9a50fb%22&limit=5; https://www.accessdata.fda.gov/drugsatfda_docs/label/2017/010151s047s048lbl.pdf,"Boxed warning text is populated but uses a DailyMed source, contains duplicated heading text, and includes internally inconsistent/typographic wording such as CARIOVASCULAR, per minutes, and pediatric 1 to 3 mg/min in part of the text.","WARNING: CARDIOVASCULAR RISK ASSOCIATED WITH RAPID INFUSION. Do not exceed IV phenytoin administration rates of 50 mg/min in adults or 1 to 3 mg/kg/min (or 50 mg/min, whichever is slower) in pediatric patients because rapid infusion can cause severe hypotension and cardiac arrhythmias. Monitor cardiac status during and after administration; reduce the rate or stop dosing if needed."
phenytoin,proposed_row_update,medium,FDA/DailyMed source usage,proposed,False,The audit policy forbids DailyMed for FDA boxed-warning verification and trusted-source list does not include DailyMed.,https://api.fda.gov/drug/label.json?search=openfda.spl_set_id%3A%22a52cf1bd-dc1f-47be-aba8-29066d9a50fb%22&limit=5; https://www.accessdata.fda.gov/drugsatfda_docs/label/2022/084349s088lbl.pdf; https://www.accessdata.fda.gov/drugsatfda_docs/label/2017/010151s047s048lbl.pdf,FDA/DailyMed labeling in evidence_sources and mechanism_source; DailyMed URL in fda_black_box_warning_source,Use FDA accessdata labeling and FDA/openFDA drug label API for FDA facts; remove DailyMed as black-box-warning support
phenytoin,proposed_row_update,medium,latest_deterministic_update_check_findings_for_row,proposed,False,"McKee1994 randomizes oxcarbazepine, not phenytoin; Brown1991 randomizes folic acid, not phenytoin.",https://pubmed.ncbi.nlm.nih.gov/8148215/; https://pubmed.ncbi.nlm.nih.gov/1828561/,update_check proposed McKee1994 and Brown1991 as new qualifying phenytoin RCTs,Reject McKee1994 and Brown1991 for this row's phenytoin placebo-controlled ASM RCT list
phenytoin,proposed_row_update,medium,fda_black_box_warning_source,proposed,False,DailyMed is not permissible for FDA boxed-warning verification; use FDA/openFDA metadata.,https://api.fda.gov/drug/label.json?search=openfda.spl_set_id%3A%22a52cf1bd-dc1f-47be-aba8-29066d9a50fb%22&limit=5,FDA/DailyMed SPL; status=boxed_warning_found; setid=a52cf1bd-dc1f-47be-aba8-29066d9a50fb; ... url=https://dailymed.nlm.nih.gov/dailymed/drugInfo.cfm?setid=a52cf1bd-dc1f-47be-aba8-29066d9a50fb,FDA/openFDA drug label API; status=boxed_warning_found; spl_set_id=a52cf1bd-dc1f-47be-aba8-29066d9a50fb; effective_time=20241226; title=PHENYTOIN SODIUM / PHENYTOIN SODIUM; api_url=https://api.fda.gov/drug/label.json?search=openfda.spl_set_id%3A%22a52cf1bd-dc1f-47be-aba8-29066d9a50fb%22&limit=5
phenytoin,proposed_row_update,critical,fda_black_box_warning,proposed,True,Normalizes the boxed warning to FDA-supported content and removes duplicated/erroneous wording.,https://www.accessdata.fda.gov/drugsatfda_docs/label/2017/010151s047s048lbl.pdf; https://api.fda.gov/drug/label.json?search=openfda.spl_set_id%3A%22a52cf1bd-dc1f-47be-aba8-29066d9a50fb%22&limit=5,Current long boxed-warning text with duplicated heading and DailyMed-derived typographic inconsistencies,"WARNING: CARDIOVASCULAR RISK ASSOCIATED WITH RAPID INFUSION. Do not exceed IV phenytoin administration rates of 50 mg/min in adults or 1 to 3 mg/kg/min (or 50 mg/min, whichever is slower) in pediatric patients because rapid infusion can cause severe hypotension and cardiac arrhythmias. Monitor cardiac status during and after administration; reduce the rate or stop dosing if needed."
phenytoin,proposed_row_update,critical,year_fda_cleared,proposed,True,Checked FDA labels list 1953 as Initial U.S. Approval.,https://www.accessdata.fda.gov/drugsatfda_docs/label/2022/084349s088lbl.pdf; https://www.accessdata.fda.gov/drugsatfda_docs/label/2017/010151s047s048lbl.pdf,1938 legacy approval,1953 (Initial U.S. Approval)
phenytoin,proposed_row_update,medium,alternate_generic_names,proposed,False,Adds important alias/salt names to prevent duplicate-row or PubMed-search misses.,https://pubmed.ncbi.nlm.nih.gov/4610196/; https://pubmed.ncbi.nlm.nih.gov/2686433/; https://www.accessdata.fda.gov/drugsatfda_docs/label/2022/084349s088lbl.pdf,,diphenylhydantoin; phenytoin sodium
phenytoin,proposed_row_update,medium,pubmed_search_aliases,proposed,False,Diphenylhydantoin appears in placebo-controlled phenytoin RCT titles/records.,https://pubmed.ncbi.nlm.nih.gov/4610196/; https://pubmed.ncbi.nlm.nih.gov/2686433/,,diphenylhydantoin; diphenylhydantoin sodium; phenytoin sodium
phenytoin,proposed_row_update,medium,formulations_available,proposed,False,Parenteral phenytoin sodium injection labeling includes IV or IM use.,https://www.accessdata.fda.gov/drugsatfda_docs/label/2017/010151s047s048lbl.pdf,Capsule; chewable tablet; oral suspension; IV injection,Capsule; chewable tablet; oral suspension; IV/IM injection
phenytoin,proposed_row_update,critical,filter_mechanism,proposed,True,"FDA labeling supports voltage-dependent sodium channel blockade as the thought mechanism, while noting the precise mechanism is not established.",https://www.accessdata.fda.gov/drugsatfda_docs/label/2022/084349s088lbl.pdf,Other / unclear,Sodium channel blocker
phenytoin,proposed_row_update,critical,filter_qt_effect,proposed,True,Checked FDA labeling supports arrhythmia/conduction risk but not a QT-prolongation classification.,https://www.accessdata.fda.gov/drugsatfda_docs/label/2017/010151s047s048lbl.pdf; https://www.accessdata.fda.gov/drugsatfda_docs/label/2022/084349s088lbl.pdf,Conduction/arrhythmia caution; QT prolongation,Conduction/arrhythmia caution
phenytoin,proposed_row_update,critical,pubmed_phase_ii_iii_rct_links,proposed,True,DeSantis2002 is randomized open-label/no-treatment control rather than placebo-controlled. The three added records are phenytoin/diphenylhydantoin placebo-controlled RCTs if alcohol-withdrawal seizure trials are in scope.,https://pubmed.ncbi.nlm.nih.gov/11903465/; https://pubmed.ncbi.nlm.nih.gov/4610196/; https://pubmed.ncbi.nlm.nih.gov/2686433/; https://pubmed.ncbi.nlm.nih.gov/2024792/,Young2004|https://pubmed.ncbi.nlm.nih.gov/15039684/; DeSantis2002|https://pubmed.ncbi.nlm.nih.gov/11903465/; Dikmen1991|https://pubmed.ncbi.nlm.nih.gov/1995974/; Temkin1990|https://pubmed.ncbi.nlm.nih.gov/2115976/; Bacon1981|https://pubmed.ncbi.nlm.nih.gov/6116084/; North1980|https://pubmed.ncbi.nlm.nih.gov/6101843/,Young2004|https://pubmed.ncbi.nlm.nih.gov/15039684/; Dikmen1991|https://pubmed.ncbi.nlm.nih.gov/1995974/; Temkin1990|https://pubmed.ncbi.nlm.nih.gov/2115976/; Bacon1981|https://pubmed.ncbi.nlm.nih.gov/6116084/; North1980|https://pubmed.ncbi.nlm.nih.gov/6101843/; Sampliner1974|https://pubmed.ncbi.nlm.nih.gov/4610196/; Alldredge1989|https://pubmed.ncbi.nlm.nih.gov/2686433/; Chance1991|https://pubmed.ncbi.nlm.nih.gov/2024792/
piracetam,fact_check,high,alternate_generic_names,missing,False,NCBI MeSH lists these entry terms for Piracetam; leaving aliases blank risks duplicate-row creation or missed searches.,https://www.ncbi.nlm.nih.gov/mesh/68010889,,Pyracetam; Pirazetam; 2-Pyrrolidone-N-Acetamide
piracetam,fact_check,high,pubmed_search_aliases,missing,False,NCBI MeSH lists these entry terms for Piracetam; adding them helps prevent alias-driven duplicate rows and missed PubMed retrievals.,https://www.ncbi.nlm.nih.gov/mesh/68010889,,Nootropil; Nootropyl; Nootrop; Normabrain; UCB-6215; UCB6215; Pyramem
piracetam,fact_check,high,year_fda_cleared,incorrect,False,"Drug products are FDA-approved, not FDA-cleared. FDA/openFDA and Drugs@FDA/NDC searches support no current FDA approval/marketing record found for these terms.",https://api.fda.gov/drug/drugsfda.json?search=piracetam&limit=1; https://api.fda.gov/drug/ndc.json?search=generic_name:%22PIRACETAM%22&limit=1; https://www.fda.gov/drugs/drug-approvals-and-databases/drugsfda-database,Not FDA-cleared for epilepsy or not marketed in U.S.,"Not FDA-approved for epilepsy; no current FDA/openFDA label, Drugs@FDA record, or NDC listing found for piracetam/Nootropil."
piracetam,fact_check,critical,formulations_available,incorrect,True,UK eMC verifies 800/1200 mg film-coated tablets and 33% oral solution. EMA nationally authorised product list verifies injection/infusion products in some EU member states. Capsule is not supported by the reviewed trusted sources.,https://www.medicines.org.uk/emc/ingredient/813; https://www.medicines.org.uk/emc/product/101132/smpc; https://www.ema.europa.eu/en/documents/psusa/piracetam-list-nationally-authorised-medicinal-products-psusa00002429202204_en.pdf,Tablet/capsule; oral solution; injection in some markets,Film-coated tablets; oral solution; solution for injection/infusion in some EU markets
piracetam,fact_check,critical,filter_formulation,incorrect,True,"Trusted sources support oral solution, film-coated tablets, and injection/infusion products, but not capsule or specifically IV/IM route wording.",https://www.medicines.org.uk/emc/ingredient/813; https://www.ema.europa.eu/en/documents/psusa/piracetam-list-nationally-authorised-medicinal-products-psusa00002429202204_en.pdf,Capsule; IV/IM injection; Liquid; Tablet,Injection/infusion solution; Liquid/oral solution; Tablet
piracetam,fact_check,high,half_life_range,incorrect,False,The UK SmPC states plasma half-life is 5.0 hours in young adult men; the 4 h lower bound was not supported by reviewed trusted sources.,https://www.medicines.org.uk/emc/product/101132/smpc,4-5 h,Approximately 5 h (plasma half-life in young adult men)
piracetam,fact_check,high,enzyme_inducing_or_inhibiting,incorrect,False,"SmPC supports low interaction potential and no inhibition of major CYP isoforms at tested concentrations, with only minor high-concentration CYP2A6/CYP3A4/5 effects. It does not directly prove absence of CYP induction.",https://www.medicines.org.uk/emc/product/101132/smpc,Not a CYP inducer/inhibitor,No clinically meaningful CYP inhibition expected; metabolic interaction with other drugs is unlikely
piracetam,fact_check,critical,filter_mechanism,incorrect,True,The SmPC says piracetam's mode of action in cortical myoclonus is unknown. A GABA filter implies a direct GABAergic mechanism that the row itself warns against.,https://www.medicines.org.uk/emc/product/101131/smpc,GABA,Unknown/Other
piracetam,fact_check,high,mechanism_source_tier,incorrect,False,The cited mechanism source is UK eMC SmPC. EMA product-list evidence supports formulations but is not the mechanism source.,https://www.medicines.org.uk/emc/product/101131/smpc,EMA/UK SmPC,UK SmPC
piracetam,fact_check,critical,adverse_symptoms_percentages,incorrect,True,"Current trusted SmPC supports adverse reaction frequency categories, not the exact percentages. It lists diarrhea/diarrhoea as frequency not known, which conflicts with an exact 0.8% value.",https://www.medicines.org.uk/emc/product/101132/smpc,"CNS: hyperkinesia 1.7%, metabolic: weight gain 1.3%, psychiatric: nervousness 1.1%, CNS: somnolence 0.9%, GI: diarrhea 0.8%","CNS: hyperkinesia (common); CNS: somnolence (uncommon); psychiatric: nervousness (common); weight increased (common, investigations); GI: diarrhea/diarrhoea (frequency not known)"
piracetam,fact_check,medium,qt_interval_effect,insufficient_evidence,False,"No trusted source reviewed established a clinically meaningful QT effect, but the row also lacks a positive source explicitly supporting this negative statement. Treat as insufficiently sourced rather than contradicted.",https://www.medicines.org.uk/emc/product/101131/smpc,No clinically meaningful QT effect established,No clinically meaningful QT effect established
piracetam,fact_check,medium,filter_qt_effect,insufficient_evidence,False,"No QT warning/effect was identified in reviewed trusted labeling, but the exact filter claim is not directly supported by a dedicated QT source.",https://www.medicines.org.uk/emc/product/101131/smpc,No known meaningful QT effect,No known meaningful QT effect
piracetam,fact_check,high,evidence_sources,incorrect,False,"Epilepsy Society is outside the requested trusted-source domains, and FDA/DailyMed labeling is misleading because no FDA label was found and DailyMed is not permissible for boxed-warning verification.",https://www.medicines.org.uk/emc/product/101131/smpc; https://www.ema.europa.eu/en/documents/psusa/piracetam-list-nationally-authorised-medicinal-products-psusa00002429202204_en.pdf; https://open.fda.gov/apis/drug/label/; https://www.ncbi.nlm.nih.gov/mesh/68010889; https://www.ilae.org/index.cfm?objectid=6C4D71BD-EE34-B816-27EB767D97DE334A,Epilepsy Society ASM list; UK eMC SmPC labeling; FDA/DailyMed labeling,"UK eMC SmPC/PIL labeling; EMA PSUSA nationally authorised product list; FDA/openFDA label, Drugs@FDA, and NDC APIs; PubMed/NCBI MeSH and RCT records; ILAE guidance"
piracetam,fact_check,medium,status_or_notes,missing_source,False,"Cortical/progressive myoclonic epilepsy use is supported by eMC/ILAE. The reviewed trusted sources support nootropic classification, but not the broader cognitive-indication marketing claim.",https://www.medicines.org.uk/emc/product/101131/smpc; https://www.ilae.org/index.cfm?objectid=6C4D71BD-EE34-B816-27EB767D97DE334A,Used for cortical myoclonus/myoclonic seizures in some jurisdictions; also marketed as nootropic/for cognitive indications in some markets.,Used for cortical myoclonus/progressive myoclonic epilepsies in some jurisdictions; pharmacotherapeutic group: nootropics (ATC N06BX03).
piracetam,missing_rct,high,pubmed_phase_ii_iii_rct_links,missing,False,"PubMed abstract identifies a placebo-controlled, double-blind crossover trial in which patients were randomly allocated to piracetam 2.4-16.8 g/day or placebo for cortical myoclonus. It is not phase-tagged, but is relevant placebo-controlled randomized piracetam evidence for the row's cortical myoclonus indication.",https://pubmed.ncbi.nlm.nih.gov/8419809/,,Brown1993|https://pubmed.ncbi.nlm.nih.gov/8419809/
piracetam,outcome_check,info,plot_diff_50_responder_maximum_effective_dose,not_applicable,False,Blank plot value is consistent with non-extractable RR50 differential.,https://pubmed.ncbi.nlm.nih.gov/9527146/,,
piracetam,outcome_check,info,plot_diff_median_pct_change_maximum_effective_dose,not_applicable,False,Blank plot value is consistent with non-extractable seizure-frequency MPC differential.,https://pubmed.ncbi.nlm.nih.gov/9527146/,,
piracetam,outcome_check,info,plot_diff_seizure_freedom_maximum_effective_dose,not_applicable,False,Blank plot value is consistent with non-extractable seizure-freedom differential.,https://pubmed.ncbi.nlm.nih.gov/9527146/,,
piracetam,black_box_warning,high,fda_black_box_warning,incorrect,False,openFDA label API searches for piracetam and Nootropil returned no matches. DailyMed should not be named for boxed-warning verification under the audit policy.,https://api.fda.gov/drug/label.json?search=piracetam&limit=1; https://api.fda.gov/drug/label.json?search=Nootropil&limit=1; https://open.fda.gov/apis/drug/label/,No current FDA/DailyMed label identified.,No current FDA/openFDA label identified.
piracetam,proposed_row_update,medium,fda_black_box_warning_source,proposed,False,Boxed-warning verification must use FDA sources only; DailyMed should be removed.,https://api.fda.gov/drug/label.json?search=piracetam&limit=1; https://api.fda.gov/drug/label.json?search=Nootropil&limit=1; https://open.fda.gov/apis/drug/label/,FDA/DailyMed search on 05-20-2026: no current label found for terms [piracetam; Nootropil].,FDA/openFDA label API search on 05-20-2026: no current FDA label found for terms [piracetam; Nootropil].
piracetam,proposed_row_update,medium,evidence_sources,proposed,False,Replaces unsupported/non-policy sources with trusted sources that support the row facts.,https://www.medicines.org.uk/emc/product/101131/smpc; https://www.medicines.org.uk/emc/product/101131/pil; https://www.ema.europa.eu/en/documents/psusa/piracetam-list-nationally-authorised-medicinal-products-psusa00002429202204_en.pdf; https://www.ncbi.nlm.nih.gov/mesh/68010889; https://www.ilae.org/index.cfm?objectid=6C4D71BD-EE34-B816-27EB767D97DE334A,Epilepsy Society ASM list; UK eMC SmPC labeling; FDA/DailyMed labeling,"UK eMC SmPC/PIL labeling; EMA PSUSA nationally authorised product list; FDA/openFDA label, Drugs@FDA, and NDC APIs; PubMed/NCBI MeSH and RCT records; ILAE guidance"
piracetam,proposed_row_update,critical,rct_pubmed_verification_notes,proposed,True,Updates notes to reflect verified PubMed metadata and the additional relevant placebo-controlled RCT candidate.,https://pubmed.ncbi.nlm.nih.gov/9527146/; https://pubmed.ncbi.nlm.nih.gov/8419809/,PubMed loop 46/65 on 2026-05-15: 1 qualifying placebo-controlled randomized clinical trial report(s) retained from 64 PubMed candidate(s). Links were rebuilt from fetched PubMed PMID metadata and named FirstAuthorYear. Differential effectiveness columns summarize extractable maximum effective dose/regimen values within qualifying RCT reports.,"PubMed/NCBI audit: Koskiniemi1998 (PMID 9527146) verified as a randomized, double-blind, placebo-controlled crossover piracetam trial in progressive myoclonus epilepsy; Brown1993 (PMID 8419809) is a relevant placebo-controlled randomized crossover piracetam trial in cortical myoclonus to consider for inclusion. RR50/MPC/seizure-freedom differentials are not extractable because outcomes use myoclonus rating scales rather than seizure-frequency endpoints."
piracetam,proposed_row_update,medium,alternate_generic_names,proposed,False,NCBI MeSH entry terms are missing.,https://www.ncbi.nlm.nih.gov/mesh/68010889,,Pyracetam; Pirazetam; 2-Pyrrolidone-N-Acetamide
piracetam,proposed_row_update,medium,pubmed_search_aliases,proposed,False,NCBI MeSH entry terms should be searchable aliases and help avoid duplicate alias rows.,https://www.ncbi.nlm.nih.gov/mesh/68010889,,Nootropil; Nootropyl; Nootrop; Normabrain; UCB-6215; UCB6215; Pyramem
piracetam,proposed_row_update,medium,fda_black_box_warning,proposed,False,DailyMed is not permissible for boxed-warning verification; FDA/openFDA searches found no label.,https://api.fda.gov/drug/label.json?search=piracetam&limit=1; https://api.fda.gov/drug/label.json?search=Nootropil&limit=1; https://open.fda.gov/apis/drug/label/,No current FDA/DailyMed label identified.,No current FDA/openFDA label identified.
piracetam,proposed_row_update,medium,fda_black_box_warning_source,proposed,False,Remove DailyMed from boxed-warning source wording and use FDA/openFDA only.,https://api.fda.gov/drug/label.json?search=piracetam&limit=1; https://api.fda.gov/drug/label.json?search=Nootropil&limit=1,FDA/DailyMed search on 05-20-2026: no current label found for terms [piracetam; Nootropil].,FDA/openFDA label API search on 05-20-2026: no current FDA label found for terms [piracetam; Nootropil].
piracetam,proposed_row_update,medium,evidence_sources,proposed,False,Use only trusted-source families actually used for the row; remove DailyMed and unsupported Epilepsy Society citation.,https://www.medicines.org.uk/emc/product/101131/smpc; https://www.ema.europa.eu/en/documents/psusa/piracetam-list-nationally-authorised-medicinal-products-psusa00002429202204_en.pdf; https://www.ncbi.nlm.nih.gov/mesh/68010889; https://www.ilae.org/index.cfm?objectid=6C4D71BD-EE34-B816-27EB767D97DE334A,Epilepsy Society ASM list; UK eMC SmPC labeling; FDA/DailyMed labeling,"UK eMC SmPC/PIL labeling; EMA PSUSA nationally authorised product list; FDA/openFDA label, Drugs@FDA, and NDC APIs; PubMed/NCBI MeSH and RCT records; ILAE guidance"
piracetam,proposed_row_update,critical,adverse_symptoms_percentages,proposed,True,"Current trusted SmPC supports frequency categories, not exact percentages; diarrhea is listed as frequency not known.",https://www.medicines.org.uk/emc/product/101132/smpc,"CNS: hyperkinesia 1.7%, metabolic: weight gain 1.3%, psychiatric: nervousness 1.1%, CNS: somnolence 0.9%, GI: diarrhea 0.8%","CNS: hyperkinesia (common); CNS: somnolence (uncommon); psychiatric: nervousness (common); weight increased (common, investigations); GI: diarrhea/diarrhoea (frequency not known)"
piracetam,proposed_row_update,critical,formulations_available,proposed,True,eMC and EMA support these formulations; capsule was not supported in reviewed trusted sources.,https://www.medicines.org.uk/emc/ingredient/813; https://www.ema.europa.eu/en/documents/psusa/piracetam-list-nationally-authorised-medicinal-products-psusa00002429202204_en.pdf,Tablet/capsule; oral solution; injection in some markets,Film-coated tablets; oral solution; solution for injection/infusion in some EU markets
piracetam,proposed_row_update,critical,filter_formulation,proposed,True,Remove unsupported capsule and overly specific IV/IM wording.,https://www.medicines.org.uk/emc/ingredient/813; https://www.ema.europa.eu/en/documents/psusa/piracetam-list-nationally-authorised-medicinal-products-psusa00002429202204_en.pdf,Capsule; IV/IM injection; Liquid; Tablet,Injection/infusion solution; Liquid/oral solution; Tablet
piracetam,proposed_row_update,medium,half_life_range,proposed,False,"UK SmPC supports 5.0 h, not a 4-5 h range.",https://www.medicines.org.uk/emc/product/101132/smpc,4-5 h,Approximately 5 h (plasma half-life in young adult men)
piracetam,proposed_row_update,medium,enzyme_inducing_or_inhibiting,proposed,False,SmPC supports low CYP inhibition/interaction potential but does not directly establish no induction.,https://www.medicines.org.uk/emc/product/101132/smpc,Not a CYP inducer/inhibitor,No clinically meaningful CYP inhibition expected; metabolic interaction with other drugs is unlikely
piracetam,proposed_row_update,critical,filter_mechanism,proposed,True,SmPC says mechanism in cortical myoclonus is unknown; direct GABA classification is misleading.,https://www.medicines.org.uk/emc/product/101131/smpc,GABA,Unknown/Other
piracetam,proposed_row_update,medium,mechanism_source_tier,proposed,False,"The mechanism source is UK eMC SmPC; EMA source used here is a product-list/formulation source, not a mechanism SmPC.",https://www.medicines.org.uk/emc/product/101131/smpc,EMA/UK SmPC,UK SmPC
piracetam,proposed_row_update,medium,year_fda_cleared,proposed,False,Use FDA drug-approval terminology and reflect FDA/openFDA findings.,https://api.fda.gov/drug/drugsfda.json?search=piracetam&limit=1; https://api.fda.gov/drug/ndc.json?search=generic_name:%22PIRACETAM%22&limit=1,Not FDA-cleared for epilepsy or not marketed in U.S.,"Not FDA-approved for epilepsy; no current FDA/openFDA label, Drugs@FDA record, or NDC listing found for piracetam/Nootropil."
piracetam,proposed_row_update,critical,pubmed_phase_ii_iii_rct_links,proposed,True,"Brown1993 is a relevant placebo-controlled randomized crossover piracetam trial in cortical myoclonus, though not phase-tagged; curator review recommended before applying.",https://pubmed.ncbi.nlm.nih.gov/9527146/; https://pubmed.ncbi.nlm.nih.gov/8419809/,Koskiniemi1998|https://pubmed.ncbi.nlm.nih.gov/9527146/,Koskiniemi1998|https://pubmed.ncbi.nlm.nih.gov/9527146/; Brown1993|https://pubmed.ncbi.nlm.nih.gov/8419809/
piracetam,proposed_row_update,medium,status_or_notes,proposed,False,"Reviewed trusted sources support cortical/progressive myoclonic epilepsy use and nootropic classification, but not the cognitive-indication marketing claim.",https://www.medicines.org.uk/emc/product/101131/smpc; https://www.ilae.org/index.cfm?objectid=6C4D71BD-EE34-B816-27EB767D97DE334A,Used for cortical myoclonus/myoclonic seizures in some jurisdictions; also marketed as nootropic/for cognitive indications in some markets.,Used for cortical myoclonus/progressive myoclonic epilepsies in some jurisdictions; pharmacotherapeutic group: nootropics (ATC N06BX03).
potassium bromide,fact_check,high,alternate_generic_names,incorrect,False,"Kaliumbromid, KBr, kalii bromidum, and kali bromatum are supported synonyms. 'bromide' is broader than potassium bromide and is better kept only as a search alias.",https://pubchem.ncbi.nlm.nih.gov/compound/Potassium-Bromide,bromide; kaliumbromid,kaliumbromid; KBr; kalii bromidum; kali bromatum
potassium bromide,fact_check,medium,trade_names,missing_source,False,Kaliumbromid DESITIN is verified from the German Fachinformation. FDA sources verify KBroVet/KBroVet-CA1 as potassium bromide chewable tablets for dogs. DIBRO-BE mono appears plausible but lacks a trusted named source in the current row.,https://www.desitin.de/wp-content/uploads/2020/01/Kaliumbromid-DESITIN-850-mg-Tabletten.pdf; https://www.fda.gov/animal-veterinary/cvm-updates/fda-grants-full-approval-drug-control-seizures-dogs-idiopathic-epilepsy; https://animaldrugsatfda.fda.gov/adafda/app/search/public/document/downloadFoi/17867,DIBRO-BE mono; Kaliumbromid DESITIN,"DIBRO-BE mono; Kaliumbromid DESITIN; KBroVet; KBroVet-CA1 (veterinary, US)"
potassium bromide,fact_check,high,pubmed_search_aliases,incorrect,False,Add exact chemical abbreviation and newly verified US veterinary brand aliases; retain broad 'bromide' only for search sensitivity.,https://pubchem.ncbi.nlm.nih.gov/compound/Potassium-Bromide; https://www.fda.gov/animal-veterinary/cvm-updates/fda-grants-full-approval-drug-control-seizures-dogs-idiopathic-epilepsy,kaliumbromid; bromide; DIBRO-BE mono; Kaliumbromid DESITIN,potassium bromide; KBr; kaliumbromid; bromide; DIBRO-BE mono; Kaliumbromid DESITIN; KBroVet; KBroVet-CA1
potassium bromide,fact_check,critical,available_in_us,incorrect,True,The current wording is too broad after FDA's 2026 full approval of KBroVet for dogs. Human-vs-veterinary scope should be explicit.,https://www.fda.gov/animal-veterinary/cvm-updates/fda-grants-full-approval-drug-control-seizures-dogs-idiopathic-epilepsy; https://animaldrugsatfda.fda.gov/adafda/app/search/public/document/downloadFoi/17867; https://www.desitin.de/wp-content/uploads/2020/01/Kaliumbromid-DESITIN-850-mg-Tabletten.pdf,No - not available in U.S. for seizure control; German nationally authorized product information identified.,"No for FDA-approved human seizure control; however, FDA granted full approval to veterinary KBroVet (potassium bromide chewable tablets) for control of seizures associated with idiopathic epilepsy in dogs on January 21, 2026. German nationally authorized human product information is identified."
potassium bromide,fact_check,high,adverse_symptoms_percentages,incorrect,False,"Bromacne, GI categories, and respiratory events are supported. The CNS '1-10% category' and '0%' respiratory wording are not directly supported and should be removed.",https://www.desitin.de/wp-content/uploads/2020/01/Kaliumbromid-DESITIN-850-mg-Tabletten.pdf,Dermatologic: bromacne about 25%; CNS: fatigue rare at low bromide levels and more common with higher levels (1-10% category); GI: coated tongue/mouth odor/aphthae/constipation/diarrhea rare (0.01-0.1% category); GI: gastritis/ulcer/pancreatitis very rare (<0.01% category); respiratory: rhinitis/bronchitis/sinusitis frequency not estimable (0% exact percentage unavailable).,"Dermatologic: papulopustular skin changes/bromacne very common, about 25%; CNS: fatigue and psychomotor slowing are serum-level related, with fatigue rare at low bromide levels and more frequent at middle/high levels, but exact percentages are not provided; GI: coated tongue, mouth odor, aphthae, constipation, or diarrhea rare (>=0.01% to <0.1%); GI: gastritis, ulcers/perforation, and pancreatitis very rare (<0.01%); Respiratory: serous rhinitis, mucus hypersecretion, bronchitis, sinusitis, and asthma exacerbation can occur, frequency not estimable from available data."
potassium bromide,fact_check,high,enzyme_inducing_or_inhibiting,incorrect,False,"The Fachinformation supports no pharmacological interaction with other ASMs, no metabolism, renal excretion, and salt/diuretic effects. It does not specifically state CYP induction/inhibition.",https://www.desitin.de/wp-content/uploads/2020/01/Kaliumbromid-DESITIN-850-mg-Tabletten.pdf,No pharmacologic interaction with other ASMs described; not a CYP inducer/inhibitor; bromide clearance affected by chloride/salt balance and diuretics.,"No pharmacological interactions with other antiseizure medications are described in the German Fachinformation; bromide is not metabolized and is excreted unchanged, mainly renally; bromide levels/half-life are affected by chloride/salt balance and diuretics."
potassium bromide,fact_check,high,mechanism_source_tier,incorrect,False,"The URL is a Desitin German Fachinformation PDF, not EMA or UK eMC/SmPC.",https://www.desitin.de/wp-content/uploads/2020/01/Kaliumbromid-DESITIN-850-mg-Tabletten.pdf,EMA/UK SmPC,German national Fachinformation / manufacturer product information (not EMA/UK SmPC)
potassium bromide,fact_check,critical,year_fda_cleared,incorrect,True,"The German authorization date is supported. The broad 'Not FDA-cleared' statement is contradicted in the veterinary context by FDA's 2026 KBroVet full approval, so human/veterinary scope must be explicit.",https://www.desitin.de/wp-content/uploads/2020/01/Kaliumbromid-DESITIN-850-mg-Tabletten.pdf; https://www.fda.gov/animal-veterinary/cvm-updates/fda-grants-full-approval-drug-control-seizures-dogs-idiopathic-epilepsy; https://animaldrugsatfda.fda.gov/adafda/app/search/public/document/downloadFoi/17867,Not FDA-cleared; German Kaliumbromid DESITIN authorization 07.01.2019 in Fachinformation.,"Not FDA-approved for human seizure control; FDA granted full approval to veterinary KBroVet (potassium bromide chewable tablets) for dogs on January 21, 2026; German Kaliumbromid DESITIN authorization date 07.01.2019."
potassium bromide,fact_check,high,evidence_sources,incorrect,False,"DailyMed should not be used for the boxed-warning field and the AX powder label is an animal bulk ingredient, not a human antiseizure label. Add FDA veterinary and PubMed sources that support row status/aliases/clinical context. Note that Desitin is not EMA/eMC and is outside the listed trusted domains, although it supports many label-specific German facts.",https://www.desitin.de/wp-content/uploads/2020/01/Kaliumbromid-DESITIN-850-mg-Tabletten.pdf; https://pubmed.ncbi.nlm.nih.gov/31111774/; https://pubmed.ncbi.nlm.nih.gov/22430156/; https://www.fda.gov/animal-veterinary/cvm-updates/fda-grants-full-approval-drug-control-seizures-dogs-idiopathic-epilepsy; https://animaldrugsatfda.fda.gov/adafda/app/search/public/document/downloadFoi/17867,Desitin Kaliumbromid DESITIN 850 mg Fachinformation (https://www.desitin.de/wp-content/uploads/2020/01/Kaliumbromid-DESITIN-850-mg-Tabletten.pdf); FDA/DailyMed labeling,Kaliumbromid DESITIN 850 mg Fachinformation (German national Fachinformation; https://www.desitin.de/wp-content/uploads/2020/01/Kaliumbromid-DESITIN-850-mg-Tabletten.pdf); PubMed PMID 31111774; PubMed PMID 22430156; FDA CVM KBroVet update (https://www.fda.gov/animal-veterinary/cvm-updates/fda-grants-full-approval-drug-control-seizures-dogs-idiopathic-epilepsy); FDA Animal Drugs@FDA FOI Summary NADA 141-615 (https://animaldrugsatfda.fda.gov/adafda/app/search/public/document/downloadFoi/17867)
potassium bromide,rct_link_check,high,pubmed_phase_ii_iii_rct_links,wrong_drug,True,"Dog hemp extract study, not potassium bromide epilepsy RCT for this row.",https://pubmed.ncbi.nlm.nih.gov/35967998/,https://pubmed.ncbi.nlm.nih.gov/35967998/,Keep rejected; do not add to pubmed_phase_ii_iii_rct_links.
potassium bromide,rct_link_check,high,pubmed_phase_ii_iii_rct_links,wrong_drug,True,"Canine medium-chain TAG diet trial, not potassium bromide placebo-controlled RCT.",https://pubmed.ncbi.nlm.nih.gov/26337751/,https://pubmed.ncbi.nlm.nih.gov/26337751/,Keep rejected; do not add to pubmed_phase_ii_iii_rct_links.
potassium bromide,rct_link_check,high,pubmed_phase_ii_iii_rct_links,not_phase_ii_iii,True,"Potassium bromide/methimazole Graves' disease study, not epilepsy and not placebo-controlled phase II/III ASM evidence.",https://pubmed.ncbi.nlm.nih.gov/22186223/,https://pubmed.ncbi.nlm.nih.gov/22186223/,Keep rejected; do not add to pubmed_phase_ii_iii_rct_links.
potassium bromide,rct_link_check,high,pubmed_phase_ii_iii_rct_links,wrong_drug,True,"Levetiracetam adjunctive canine epilepsy RCT, not potassium bromide.",https://pubmed.ncbi.nlm.nih.gov/22295869/,https://pubmed.ncbi.nlm.nih.gov/22295869/,Keep rejected; do not add to pubmed_phase_ii_iii_rct_links.
potassium bromide,rct_link_check,high,pubmed_phase_ii_iii_rct_links,wrong_drug,True,"Asthma study, not epilepsy and not potassium bromide ASM evidence.",https://pubmed.ncbi.nlm.nih.gov/21434340/,https://pubmed.ncbi.nlm.nih.gov/21434340/,Keep rejected; do not add to pubmed_phase_ii_iii_rct_links.
potassium bromide,outcome_check,info,plot_diff_50_responder_maximum_effective_dose,not_applicable,False,Plot field should remain blank when the differential RCT value is N/A.,,,
potassium bromide,outcome_check,info,plot_diff_median_pct_change_maximum_effective_dose,not_applicable,False,Plot field should remain blank when the differential RCT value is N/A.,,,
potassium bromide,outcome_check,info,plot_diff_seizure_freedom_maximum_effective_dose,not_applicable,False,Plot field should remain blank when the differential RCT value is N/A.,,,
potassium bromide,black_box_warning,high,fda_black_box_warning,incorrect,False,"The current source is DailyMed, which is disallowed by the audit rule for boxed-warning verification. FDA sources support veterinary approval for dogs and the FDA FOI summary states the product is not for human use; they do not support a human FDA boxed-warning claim for potassium bromide.",https://www.fda.gov/animal-veterinary/cvm-updates/fda-grants-full-approval-drug-control-seizures-dogs-idiopathic-epilepsy; https://animaldrugsatfda.fda.gov/adafda/app/search/public/document/downloadFoi/17867; https://www.fda.gov/animal-veterinary/unapproved-animal-drugs/how-can-i-use-fda-online-label-repository-tell-if-drug-legally-marketed,No FDA boxed warning identified in selected current DailyMed label.,Not applicable/no FDA human antiseizure boxed-warning verification: no FDA-approved human potassium bromide antiseizure label was identified; FDA has approved veterinary KBroVet (potassium bromide chewable tablets) for dogs. Do not use DailyMed for this field.
potassium bromide,proposed_row_update,medium,fda_black_box_warning_source,proposed,False,"DailyMed is impermissible for this field, and the cited AX product is a bulk ingredient for animal drug compounding rather than a human antiseizure FDA label.",https://www.fda.gov/animal-veterinary/cvm-updates/fda-grants-full-approval-drug-control-seizures-dogs-idiopathic-epilepsy; https://animaldrugsatfda.fda.gov/adafda/app/search/public/document/downloadFoi/17867,"FDA/DailyMed SPL; status=no_boxed_warning_in_selected_label; setid=c77c8feb-0240-4ea3-9c89-3b972feb0538; published=May 07, 2026; title=POTASSIUM BROMIDE POWDER [AX PHARMACEUTICAL CORP]; url=https://dailymed.nlm.nih.gov/dailymed/drugInfo.cfm?setid=c77c8feb-0240-4ea3-9c89-3b972feb0538",FDA CVM KBroVet update and FDA Animal Drugs@FDA FOI Summary NADA 141-615 for veterinary FDA status; no DailyMed source for boxed-warning verification.
potassium bromide,proposed_row_update,medium,evidence_sources,proposed,False,"Replace the vague/disallowed DailyMed reference and add trusted FDA/PubMed sources for availability, aliases, and clinical context. Desitin supports many label facts but is not EMA/eMC/UK SmPC.",https://www.desitin.de/wp-content/uploads/2020/01/Kaliumbromid-DESITIN-850-mg-Tabletten.pdf; https://pubmed.ncbi.nlm.nih.gov/31111774/; https://pubmed.ncbi.nlm.nih.gov/22430156/; https://www.fda.gov/animal-veterinary/cvm-updates/fda-grants-full-approval-drug-control-seizures-dogs-idiopathic-epilepsy; https://animaldrugsatfda.fda.gov/adafda/app/search/public/document/downloadFoi/17867,Desitin Kaliumbromid DESITIN 850 mg Fachinformation (https://www.desitin.de/wp-content/uploads/2020/01/Kaliumbromid-DESITIN-850-mg-Tabletten.pdf); FDA/DailyMed labeling,Kaliumbromid DESITIN 850 mg Fachinformation (German national Fachinformation; https://www.desitin.de/wp-content/uploads/2020/01/Kaliumbromid-DESITIN-850-mg-Tabletten.pdf); PubMed PMID 31111774; PubMed PMID 22430156; FDA CVM KBroVet update; FDA Animal Drugs@FDA FOI Summary NADA 141-615
potassium bromide,proposed_row_update,medium,mechanism_source_tier,proposed,False,Corrects source-tier misclassification.,https://www.desitin.de/wp-content/uploads/2020/01/Kaliumbromid-DESITIN-850-mg-Tabletten.pdf,EMA/UK SmPC,German national Fachinformation / manufacturer product information (not EMA/UK SmPC)
potassium bromide,proposed_row_update,medium,alternate_generic_names,proposed,False,Use exact synonyms; move broad 'bromide' to search aliases only.,https://pubchem.ncbi.nlm.nih.gov/compound/Potassium-Bromide,bromide; kaliumbromid,kaliumbromid; KBr; kalii bromidum; kali bromatum
potassium bromide,proposed_row_update,medium,trade_names,proposed,False,FDA sources verify KBroVet/KBroVet-CA1 as same active ingredient in a US veterinary seizure product; retaining DIBRO-BE mono pending a trusted source avoids unsupported deletion.,https://www.fda.gov/animal-veterinary/cvm-updates/fda-grants-full-approval-drug-control-seizures-dogs-idiopathic-epilepsy; https://animaldrugsatfda.fda.gov/adafda/app/search/public/document/downloadFoi/17867,DIBRO-BE mono; Kaliumbromid DESITIN,"DIBRO-BE mono; Kaliumbromid DESITIN; KBroVet; KBroVet-CA1 (veterinary, US)"
potassium bromide,proposed_row_update,critical,available_in_us,proposed,True,Current text is overbroad after 2026 FDA veterinary approval.,https://www.fda.gov/animal-veterinary/cvm-updates/fda-grants-full-approval-drug-control-seizures-dogs-idiopathic-epilepsy; https://animaldrugsatfda.fda.gov/adafda/app/search/public/document/downloadFoi/17867,No - not available in U.S. for seizure control; German nationally authorized product information identified.,"No for FDA-approved human seizure control; however, FDA granted full approval to veterinary KBroVet (potassium bromide chewable tablets) for control of seizures associated with idiopathic epilepsy in dogs on January 21, 2026. German nationally authorized human product information is identified."
potassium bromide,proposed_row_update,medium,adverse_symptoms_percentages,proposed,False,Removes unsupported CNS 1-10% category and confusing 0% respiratory wording.,https://www.desitin.de/wp-content/uploads/2020/01/Kaliumbromid-DESITIN-850-mg-Tabletten.pdf,Dermatologic: bromacne about 25%; CNS: fatigue rare at low bromide levels and more common with higher levels (1-10% category); GI: coated tongue/mouth odor/aphthae/constipation/diarrhea rare (0.01-0.1% category); GI: gastritis/ulcer/pancreatitis very rare (<0.01% category); respiratory: rhinitis/bronchitis/sinusitis frequency not estimable (0% exact percentage unavailable).,"Dermatologic: papulopustular skin changes/bromacne very common, about 25%; CNS: fatigue and psychomotor slowing are serum-level related, with fatigue rare at low bromide levels and more frequent at middle/high levels, but exact percentages are not provided; GI: coated tongue, mouth odor, aphthae, constipation, or diarrhea rare (>=0.01% to <0.1%); GI: gastritis, ulcers/perforation, and pancreatitis very rare (<0.01%); Respiratory: serous rhinitis, mucus hypersecretion, bronchitis, sinusitis, and asthma exacerbation can occur, frequency not estimable from available data."
potassium bromide,proposed_row_update,medium,enzyme_inducing_or_inhibiting,proposed,False,CYP-specific statement is not directly supported by the cited source.,https://www.desitin.de/wp-content/uploads/2020/01/Kaliumbromid-DESITIN-850-mg-Tabletten.pdf,No pharmacologic interaction with other ASMs described; not a CYP inducer/inhibitor; bromide clearance affected by chloride/salt balance and diuretics.,"No pharmacological interactions with other antiseizure medications are described in the German Fachinformation; bromide is not metabolized and is excreted unchanged, mainly renally; bromide levels/half-life are affected by chloride/salt balance and diuretics."
potassium bromide,proposed_row_update,medium,mechanism_source_tier,proposed,False,"The mechanism source is a German Desitin Fachinformation PDF, not EMA/eMC/UK SmPC.",https://www.desitin.de/wp-content/uploads/2020/01/Kaliumbromid-DESITIN-850-mg-Tabletten.pdf,EMA/UK SmPC,German national Fachinformation / manufacturer product information (not EMA/UK SmPC)
potassium bromide,proposed_row_update,critical,year_fda_cleared,proposed,True,Clarifies human versus veterinary FDA approval status and preserves German authorization date.,https://www.fda.gov/animal-veterinary/cvm-updates/fda-grants-full-approval-drug-control-seizures-dogs-idiopathic-epilepsy; https://animaldrugsatfda.fda.gov/adafda/app/search/public/document/downloadFoi/17867; https://www.desitin.de/wp-content/uploads/2020/01/Kaliumbromid-DESITIN-850-mg-Tabletten.pdf,Not FDA-cleared; German Kaliumbromid DESITIN authorization 07.01.2019 in Fachinformation.,"Not FDA-approved for human seizure control; FDA granted full approval to veterinary KBroVet (potassium bromide chewable tablets) for dogs on January 21, 2026; German Kaliumbromid DESITIN authorization date 07.01.2019."
pregabalin,fact_check,critical,year_fda_cleared,incorrect,True,"FDA labeling states Initial U.S. Approval: 2004, and the original approval letter is dated December 30, 2004. The row value 2005 is not supported as the initial FDA approval year.",https://www.accessdata.fda.gov/drugsatfda_docs/label/2016/021446s030%2C022488s010lbl.pdf; https://www.accessdata.fda.gov/drugsatfda_docs/nda/2004/021446_Lyrica%20Capsules_approv.PDF,2005,2004
pregabalin,fact_check,critical,filter_enzyme_effect,incorrect,True,The row incorrectly includes Inducer. FDA labeling says pregabalin does not inhibit major CYP enzymes and does not induce CYP1A2 or CYP3A4 activity.,https://www.accessdata.fda.gov/drugsatfda_docs/label/2016/021446s030%2C022488s010lbl.pdf,Inducer; No major enzyme effect,No major enzyme effect
pregabalin,fact_check,critical,adverse_symptoms_percentages,incorrect,True,The current values mix unsupported dose/indication strata. FDA Table 5 for controlled adult adjunctive partial-onset seizure trials gives the all-pregabalin rates listed in the proposed value.,https://www.accessdata.fda.gov/drugsatfda_docs/label/2016/021446s030%2C022488s010lbl.pdf,"CNS: dizziness 29%, CNS: somnolence 22%, neurologic: ataxia 13%, ophthalmologic: blurred vision 6%, metabolic: weight gain 5%, peripheral: edema 6%","CNS: dizziness 32%, CNS: somnolence 22%, neurologic: ataxia 15%, ophthalmologic: blurred vision 10%, metabolic: weight gain 12%, peripheral: edema 5%"
pregabalin,fact_check,critical,qt_interval_effect,incorrect,True,"The eMC SmPC lists QT prolongation as a rare cardiac adverse reaction, so the current 'No known meaningful QT effect' wording is too absolute.",https://www.medicines.org.uk/emc/product/1757/smpc; https://www.accessdata.fda.gov/drugsatfda_docs/label/2016/021446s030%2C022488s010lbl.pdf,No clinically meaningful QT effect established,Rare QT prolongation reported in SmPC; no quantified clinically meaningful QTc effect established from FDA labeling reviewed.
pregabalin,fact_check,critical,filter_qt_effect,incorrect,True,The filter should reflect the SmPC-listed rare QT prolongation rather than categorizing pregabalin as having no known QT effect.,https://www.medicines.org.uk/emc/product/1757/smpc,No known meaningful QT effect,QT prolongation reported/rare
pregabalin,fact_check,high,trade_names,missing,False,"Alzain and Lyrica are verified. Lyrica CR is an FDA-labeled pregabalin extended-release product, and Misabri PR is an eMC-listed pregabalin prolonged-release product. Do not add 'PREGABALIN' as a trade name because it is the generic name, not a distinct trade name.",https://www.medicines.org.uk/emc/product/1757/smpc; https://www.ema.europa.eu/en/medicines/human/EPAR/lyrica; https://www.accessdata.fda.gov/drugsatfda_docs/label/2023/209501s005lbl.pdf; https://www.medicines.org.uk/emc/product/100373/smpc,Alzain; Lyrica,Alzain; Lyrica; Lyrica CR; Misabri PR
pregabalin,fact_check,medium,pubmed_search_aliases,missing_source,False,"The alias is plausible as a development/search alias, but the row's named evidence sources do not specifically support it.",,CI-1008,CI-1008
pregabalin,rct_link_check,high,pubmed_phase_ii_iii_rct_links,not_placebo_rct,True,"The title and outcome audit identify this as a historical-controlled pregabalin monotherapy trial, not a concurrent placebo-controlled RCT; it cannot support drug-minus-placebo outcome differentials.",https://pubmed.ncbi.nlm.nih.gov/24415567/,https://pubmed.ncbi.nlm.nih.gov/24415567/,Remove from pubmed_phase_ii_iii_rct_links or move to a non-placebo/historical-control notes field.
pregabalin,outcome_check,critical,plot_diff_median_pct_change_maximum_effective_dose,incorrect,True,"Mann2020 reports a 35% placebo-relative reduction in log-transformed video-EEG seizure rate, not a median percent-change differential. The remaining entries are supported as active-minus-placebo median percent-change/seizure-frequency reduction differentials.",https://pubmed.ncbi.nlm.nih.gov/32189338/; https://pubmed.ncbi.nlm.nih.gov/30688135/; https://pubmed.ncbi.nlm.nih.gov/20696552/; https://pubmed.ncbi.nlm.nih.gov/16393158/; https://pubmed.ncbi.nlm.nih.gov/15699378/; https://pubmed.ncbi.nlm.nih.gov/14692903/; https://pubmed.ncbi.nlm.nih.gov/12771254/,Mann2020|35|https://pubmed.ncbi.nlm.nih.gov/32189338/|175; Antinew2019|19.9|https://pubmed.ncbi.nlm.nih.gov/30688135/|295; Baulac2010|20|https://pubmed.ncbi.nlm.nih.gov/20696552/|434; Elger2005|38.7|https://pubmed.ncbi.nlm.nih.gov/16393158/|341; Beydoun2005|54|https://pubmed.ncbi.nlm.nih.gov/15699378/|312; Arroyo2004|49.6|https://pubmed.ncbi.nlm.nih.gov/14692903/|287; French2003|47|https://pubmed.ncbi.nlm.nih.gov/12771254/|453,Antinew2019|19.9|https://pubmed.ncbi.nlm.nih.gov/30688135/|295; Baulac2010|20|https://pubmed.ncbi.nlm.nih.gov/20696552/|434; Elger2005|38.7|https://pubmed.ncbi.nlm.nih.gov/16393158/|341; Beydoun2005|54|https://pubmed.ncbi.nlm.nih.gov/15699378/|312; Arroyo2004|49.6|https://pubmed.ncbi.nlm.nih.gov/14692903/|287; French2003|47|https://pubmed.ncbi.nlm.nih.gov/12771254/|453
pregabalin,outcome_check,critical,diff_median_pct_change_maximum_effective_dose,incorrect,True,The range remains 19.9-54 after removing Mann2020 from the MPC rollup. Mann2020's 35% is a different modeled endpoint and should not be labeled median percent change.,https://pubmed.ncbi.nlm.nih.gov/32189338/; https://pubmed.ncbi.nlm.nih.gov/30688135/; https://pubmed.ncbi.nlm.nih.gov/20696552/; https://pubmed.ncbi.nlm.nih.gov/16393158/; https://pubmed.ncbi.nlm.nih.gov/15699378/; https://pubmed.ncbi.nlm.nih.gov/14692903/; https://pubmed.ncbi.nlm.nih.gov/12771254/,19.9-54 % (drug minus placebo MPC differential at maximum effective dose/regimen: Mann2020 pregabalin 14 mg/kg/day 35%; Antinew2019 pregabalin 10 mg/kg/day or 14 mg/kg/day if <30 kg 19.9%; Baulac2010 pregabalin up to 600 mg/day 20%; Elger2005 pregabalin 600 mg/day BID fixed dose 38.7%; Beydoun2005 pregabalin 600 mg/day TID 54%; Arroyo2004 pregabalin 600 mg/day TID 49.6%; French2003 pregabalin 600 mg/day BID 47%),"19.9-54 % (drug minus placebo MPC differential at maximum effective dose/regimen: Antinew2019 pregabalin 10 mg/kg/day or 14 mg/kg/day if <30 kg 19.9%; Baulac2010 pregabalin up to 600 mg/day 20%; Elger2005 pregabalin 600 mg/day BID fixed dose 38.7%; Beydoun2005 pregabalin 600 mg/day TID 54%; Arroyo2004 pregabalin 600 mg/day TID 49.6%; French2003 pregabalin 600 mg/day BID 47%). Note: Mann2020 reported a 35% placebo-relative reduction in log-transformed video-EEG seizure rate, not an MPC differential."
pregabalin,black_box_warning,high,fda_black_box_warning,incorrect,False,"The no-boxed-warning conclusion is supportable only with FDA/openFDA or FDA label sources. The current wording and source rely on DailyMed, which is not permissible for this field.",https://api.fda.gov/drug/label.json?search=openfda.spl_set_id%3A%22f280bbd8-2af2-444a-bd96-e409337ca6dd%22&limit=5; https://www.accessdata.fda.gov/drugsatfda_docs/label/2023/209501s005lbl.pdf,No FDA boxed warning identified in selected current DailyMed label.,No FDA boxed warning identified in selected current FDA/openFDA label.
pregabalin,proposed_row_update,medium,evidence_sources,proposed,False,Use named trusted sources that directly support row facts; remove non-trusted/nonspecific list sources for this audit policy and avoid DailyMed for boxed-warning verification.,https://www.accessdata.fda.gov/drugsatfda_docs/label/2016/021446s030%2C022488s010lbl.pdf; https://api.fda.gov/drug/label.json?search=openfda.spl_set_id%3A%22f280bbd8-2af2-444a-bd96-e409337ca6dd%22&limit=5; https://www.ncbi.nlm.nih.gov/books/n/livertox/Pregabalin/; https://www.ncbi.nlm.nih.gov/books/NBK548365/table/Anticonvulsants.Tc/; https://www.ema.europa.eu/en/medicines/human/EPAR/lyrica; https://www.medicines.org.uk/emc/product/1757/smpc,NCBI LiverTox anticonvulsants table; Epilepsy Society ASM list; Epilepsy Foundation Australia ASM list; FDA/DailyMed labeling,FDA/accessdata labeling; FDA/openFDA labeling; FDA Drugs@FDA approval documents; PubMed RCT abstracts; ClinicalTrials.gov trial records; NCBI LiverTox pregabalin page and anticonvulsants table; EMA EPAR/eMC SmPC
pregabalin,proposed_row_update,medium,mechanism_source,proposed,False,Mechanism text is supported by FDA label text; DailyMed is unnecessary and not in the trusted-source list supplied for this audit.,https://www.accessdata.fda.gov/drugsatfda_docs/label/2016/021446s030%2C022488s010lbl.pdf,FDA/DailyMed labeling,FDA/accessdata labeling
pregabalin,proposed_row_update,medium,fda_black_box_warning_source,proposed,False,"FDA boxed-warning verification must use FDA/openFDA, FDA labels, or Drugs@FDA; DailyMed is not permissible for this field.",https://api.fda.gov/drug/label.json?search=openfda.spl_set_id%3A%22f280bbd8-2af2-444a-bd96-e409337ca6dd%22&limit=5,"FDA/DailyMed SPL; status=no_boxed_warning_in_selected_label; setid=f280bbd8-2af2-444a-bd96-e409337ca6dd; published=Apr 15, 2026; title=LYRICA CR (PREGABALIN) TABLET, FILM COATED, EXTENDED RELEASE [VIATRIS SPECIALTY LLC]; url=https://dailymed.nlm.nih.gov/dailymed/drugInfo.cfm?setid=f280bbd8-2af2-444a-bd96-e409337ca6dd",FDA/openFDA drug label API; status=no_boxed_warning_in_selected_fda_label; spl_set_id=f280bbd8-2af2-444a-bd96-e409337ca6dd; effective_time=20260312; title=Lyrica CR / PREGABALIN; api_url=https://api.fda.gov/drug/label.json?search=openfda.spl_set_id%3A%22f280bbd8-2af2-444a-bd96-e409337ca6dd%22&limit=5
pregabalin,proposed_row_update,critical,year_fda_cleared,proposed,True,"FDA label and original approval documentation support Initial U.S. Approval in 2004, not 2005.",https://www.accessdata.fda.gov/drugsatfda_docs/label/2016/021446s030%2C022488s010lbl.pdf; https://www.accessdata.fda.gov/drugsatfda_docs/nda/2004/021446_Lyrica%20Capsules_approv.PDF,2005,2004
pregabalin,proposed_row_update,critical,adverse_symptoms_percentages,proposed,True,Use a single FDA-supported adverse-event stratum: all pregabalin-treated patients in controlled adult adjunctive partial-onset seizure trials.,https://www.accessdata.fda.gov/drugsatfda_docs/label/2016/021446s030%2C022488s010lbl.pdf,"CNS: dizziness 29%, CNS: somnolence 22%, neurologic: ataxia 13%, ophthalmologic: blurred vision 6%, metabolic: weight gain 5%, peripheral: edema 6%","CNS: dizziness 32%, CNS: somnolence 22%, neurologic: ataxia 15%, ophthalmologic: blurred vision 10%, metabolic: weight gain 12%, peripheral: edema 5%"
pregabalin,proposed_row_update,critical,filter_enzyme_effect,proposed,True,Pregabalin is not a CYP enzyme inducer in FDA labeling.,https://www.accessdata.fda.gov/drugsatfda_docs/label/2016/021446s030%2C022488s010lbl.pdf,Inducer; No major enzyme effect,No major enzyme effect
pregabalin,proposed_row_update,critical,qt_interval_effect,proposed,True,eMC SmPC lists QT prolongation as a rare cardiac adverse reaction.,https://www.medicines.org.uk/emc/product/1757/smpc,No clinically meaningful QT effect established,Rare QT prolongation reported in SmPC; no quantified clinically meaningful QTc effect established from FDA labeling reviewed.
pregabalin,proposed_row_update,critical,filter_qt_effect,proposed,True,The existing filter is too absolute in light of SmPC-listed rare QT prolongation.,https://www.medicines.org.uk/emc/product/1757/smpc,No known meaningful QT effect,QT prolongation reported/rare
pregabalin,proposed_row_update,medium,trade_names,proposed,False,Adds verified pregabalin brand/formulation names and avoids treating aliases as separate drugs. Do not add PREGABALIN as a trade name.,https://www.medicines.org.uk/emc/product/1757/smpc; https://www.ema.europa.eu/en/medicines/human/EPAR/lyrica; https://www.accessdata.fda.gov/drugsatfda_docs/label/2023/209501s005lbl.pdf; https://www.medicines.org.uk/emc/product/100373/smpc,Alzain; Lyrica,Alzain; Lyrica; Lyrica CR; Misabri PR
pregabalin,proposed_row_update,medium,fda_black_box_warning,proposed,False,DailyMed is not permissible for boxed-warning verification; use FDA/openFDA wording.,https://api.fda.gov/drug/label.json?search=openfda.spl_set_id%3A%22f280bbd8-2af2-444a-bd96-e409337ca6dd%22&limit=5,No FDA boxed warning identified in selected current DailyMed label.,No FDA boxed warning identified in selected current FDA/openFDA label.
pregabalin,proposed_row_update,medium,fda_black_box_warning_source,proposed,False,Replaces the nonpermissible DailyMed boxed-warning source with FDA/openFDA metadata.,https://api.fda.gov/drug/label.json?search=openfda.spl_set_id%3A%22f280bbd8-2af2-444a-bd96-e409337ca6dd%22&limit=5,"FDA/DailyMed SPL; status=no_boxed_warning_in_selected_label; setid=f280bbd8-2af2-444a-bd96-e409337ca6dd; published=Apr 15, 2026; title=LYRICA CR (PREGABALIN) TABLET, FILM COATED, EXTENDED RELEASE [VIATRIS SPECIALTY LLC]; url=https://dailymed.nlm.nih.gov/dailymed/drugInfo.cfm?setid=f280bbd8-2af2-444a-bd96-e409337ca6dd",FDA/openFDA drug label API; status=no_boxed_warning_in_selected_fda_label; spl_set_id=f280bbd8-2af2-444a-bd96-e409337ca6dd; effective_time=20260312; title=Lyrica CR / PREGABALIN; api_url=https://api.fda.gov/drug/label.json?search=openfda.spl_set_id%3A%22f280bbd8-2af2-444a-bd96-e409337ca6dd%22&limit=5
pregabalin,proposed_row_update,medium,mechanism_source,proposed,False,The mechanism is supported by FDA label text; cite FDA/accessdata rather than DailyMed under the row's trusted-source policy.,https://www.accessdata.fda.gov/drugsatfda_docs/label/2016/021446s030%2C022488s010lbl.pdf,FDA/DailyMed labeling,FDA/accessdata labeling
pregabalin,proposed_row_update,medium,evidence_sources,proposed,False,"Current row sources include non-trusted or nonspecific sources for this audit policy, and DailyMed should not be used for the FDA boxed-warning field.",https://www.accessdata.fda.gov/drugsatfda_docs/label/2016/021446s030%2C022488s010lbl.pdf; https://api.fda.gov/drug/label.json?search=openfda.spl_set_id%3A%22f280bbd8-2af2-444a-bd96-e409337ca6dd%22&limit=5; https://www.ncbi.nlm.nih.gov/books/n/livertox/Pregabalin/; https://www.ncbi.nlm.nih.gov/books/NBK548365/table/Anticonvulsants.Tc/; https://www.ema.europa.eu/en/medicines/human/EPAR/lyrica; https://www.medicines.org.uk/emc/product/1757/smpc,NCBI LiverTox anticonvulsants table; Epilepsy Society ASM list; Epilepsy Foundation Australia ASM list; FDA/DailyMed labeling,FDA/accessdata labeling; FDA/openFDA labeling; FDA Drugs@FDA approval documents; PubMed RCT abstracts; ClinicalTrials.gov trial records; NCBI LiverTox pregabalin page and anticonvulsants table; EMA EPAR/eMC SmPC
pregabalin,proposed_row_update,critical,pubmed_phase_ii_iii_rct_links,proposed,True,"French2014 is a historical-controlled monotherapy trial and does not have a concurrent placebo arm, so it should not be retained in a placebo-controlled RCT link field.",https://pubmed.ncbi.nlm.nih.gov/24415567/,Driscoll2021|https://pubmed.ncbi.nlm.nih.gov/34033265/; Mann2020|https://pubmed.ncbi.nlm.nih.gov/32189338/; Antinew2019|https://pubmed.ncbi.nlm.nih.gov/30688135/; French2014b|https://pubmed.ncbi.nlm.nih.gov/24962242/; French2014|https://pubmed.ncbi.nlm.nih.gov/24415567/; Baulac2010|https://pubmed.ncbi.nlm.nih.gov/20696552/; Lee2009|https://pubmed.ncbi.nlm.nih.gov/19222545/; Elger2005|https://pubmed.ncbi.nlm.nih.gov/16393158/; Beydoun2005|https://pubmed.ncbi.nlm.nih.gov/15699378/; Arroyo2004|https://pubmed.ncbi.nlm.nih.gov/14692903/; French2003|https://pubmed.ncbi.nlm.nih.gov/12771254/,Driscoll2021|https://pubmed.ncbi.nlm.nih.gov/34033265/; Mann2020|https://pubmed.ncbi.nlm.nih.gov/32189338/; Antinew2019|https://pubmed.ncbi.nlm.nih.gov/30688135/; French2014b|https://pubmed.ncbi.nlm.nih.gov/24962242/; Baulac2010|https://pubmed.ncbi.nlm.nih.gov/20696552/; Lee2009|https://pubmed.ncbi.nlm.nih.gov/19222545/; Elger2005|https://pubmed.ncbi.nlm.nih.gov/16393158/; Beydoun2005|https://pubmed.ncbi.nlm.nih.gov/15699378/; Arroyo2004|https://pubmed.ncbi.nlm.nih.gov/14692903/; French2003|https://pubmed.ncbi.nlm.nih.gov/12771254/
pregabalin,proposed_row_update,critical,diff_median_pct_change_maximum_effective_dose,proposed,True,Mann2020's endpoint is not a median percent-change differential.,https://pubmed.ncbi.nlm.nih.gov/32189338/,19.9-54 % (drug minus placebo MPC differential at maximum effective dose/regimen: Mann2020 pregabalin 14 mg/kg/day 35%; Antinew2019 pregabalin 10 mg/kg/day or 14 mg/kg/day if <30 kg 19.9%; Baulac2010 pregabalin up to 600 mg/day 20%; Elger2005 pregabalin 600 mg/day BID fixed dose 38.7%; Beydoun2005 pregabalin 600 mg/day TID 54%; Arroyo2004 pregabalin 600 mg/day TID 49.6%; French2003 pregabalin 600 mg/day BID 47%),"19.9-54 % (drug minus placebo MPC differential at maximum effective dose/regimen: Antinew2019 pregabalin 10 mg/kg/day or 14 mg/kg/day if <30 kg 19.9%; Baulac2010 pregabalin up to 600 mg/day 20%; Elger2005 pregabalin 600 mg/day BID fixed dose 38.7%; Beydoun2005 pregabalin 600 mg/day TID 54%; Arroyo2004 pregabalin 600 mg/day TID 49.6%; French2003 pregabalin 600 mg/day BID 47%). Note: Mann2020 reported a 35% placebo-relative reduction in log-transformed video-EEG seizure rate, not an MPC differential."
pregabalin,proposed_row_update,critical,plot_diff_median_pct_change_maximum_effective_dose,proposed,True,Remove Mann2020 from the median percent-change plot because its 35% value is a different endpoint type.,https://pubmed.ncbi.nlm.nih.gov/32189338/,Mann2020|35|https://pubmed.ncbi.nlm.nih.gov/32189338/|175; Antinew2019|19.9|https://pubmed.ncbi.nlm.nih.gov/30688135/|295; Baulac2010|20|https://pubmed.ncbi.nlm.nih.gov/20696552/|434; Elger2005|38.7|https://pubmed.ncbi.nlm.nih.gov/16393158/|341; Beydoun2005|54|https://pubmed.ncbi.nlm.nih.gov/15699378/|312; Arroyo2004|49.6|https://pubmed.ncbi.nlm.nih.gov/14692903/|287; French2003|47|https://pubmed.ncbi.nlm.nih.gov/12771254/|453,Antinew2019|19.9|https://pubmed.ncbi.nlm.nih.gov/30688135/|295; Baulac2010|20|https://pubmed.ncbi.nlm.nih.gov/20696552/|434; Elger2005|38.7|https://pubmed.ncbi.nlm.nih.gov/16393158/|341; Beydoun2005|54|https://pubmed.ncbi.nlm.nih.gov/15699378/|312; Arroyo2004|49.6|https://pubmed.ncbi.nlm.nih.gov/14692903/|287; French2003|47|https://pubmed.ncbi.nlm.nih.gov/12771254/|453
primidone,fact_check,high,adverse_symptoms_percentages,incorrect,False,"The adverse reaction list is supported by the FDA label, but the '0%' wording is not supported and could be misread as an incidence value.",https://www.accessdata.fda.gov/drugsatfda_docs/label/2020/009170Orig1s040lbl.pdf,"N/A 0%: FDA label lists ataxia, vertigo, nausea, anorexia, vomiting, fatigue, hyperirritability, emotional disturbances, sexual impotency, diplopia, nystagmus, drowsiness, skin eruptions, granulocytopenia, agranulocytosis, red-cell hypoplasia/aplasia, and megaloblastic anemia without quantified incidence percentages.","N/A: FDA label lists ataxia, vertigo, nausea, anorexia, vomiting, fatigue, hyperirritability, emotional disturbances, sexual impotency, diplopia, nystagmus, drowsiness, morbilliform skin eruptions, granulocytopenia, agranulocytosis, red-cell hypoplasia/aplasia, and megaloblastic anemia without quantified incidence percentages."
primidone,fact_check,high,trade_names,missing,False,"Mysoline and Primidone/generic product names are supported by FDA sources. NCBI LiverTox also lists Myidone, Sertan, and Apo-Primidone as brand names, so the current alias list is incomplete.",https://www.fda.gov/media/71494/download?attachment=; https://www.ncbi.nlm.nih.gov/books/NBK548512/,Mysoline; Primidone,Mysoline; Myidone; Sertan; Apo-Primidone; Primidone (generic product name)
primidone,fact_check,high,pubmed_search_aliases,missing,False,Mysoline is supported; additional brand aliases listed by NCBI should be included to avoid duplicate-name misses in literature searches.,https://www.ncbi.nlm.nih.gov/books/NBK548512/,Mysoline,Mysoline; Myidone; Sertan; Apo-Primidone
primidone,fact_check,high,half_life_range,incorrect,False,"The FDA label may omit half-life, but trusted NCBI StatPearls provides a primidone half-life of approximately 10-15 hours.",https://www.ncbi.nlm.nih.gov/books/NBK562297/,N/A - selected FDA/DailyMed label does not provide a half-life value.,10-15 hours for primidone; may increase in patients older than 75 years.
primidone,fact_check,critical,major_organ_for_metabolism,incorrect,True,NCBI LiverTox states primidone is extensively metabolized by the liver; StatPearls identifies phenobarbital and PEMA formation and unchanged urinary excretion.,https://www.ncbi.nlm.nih.gov/books/NBK548512/; https://www.ncbi.nlm.nih.gov/books/NBK562297/,N/A - selected FDA/DailyMed label does not identify a major metabolic organ; label identifies phenobarbital and PEMA metabolites.,"Liver; primidone is extensively metabolized by the liver to phenobarbital and PEMA, with substantial unchanged urinary excretion."
primidone,fact_check,critical,enzyme_inducing_or_inhibiting,incorrect,True,The source-limited FDA-label statement misses a clinically meaningful enzyme-induction fact supported by NCBI sources.,https://www.ncbi.nlm.nih.gov/books/NBK548512/; https://www.ncbi.nlm.nih.gov/books/NBK562297/,N/A - selected FDA label does not define clinically meaningful enzyme induction or inhibition.,Enzyme inducer: NCBI LiverTox states primidone can induce CYP450 enzyme activities; StatPearls notes hepatic metabolism and phenobarbital-related induction of UGT/CYP2C/CYP3A pathways.
primidone,fact_check,critical,filter_enzyme_effect,incorrect,True,"NCBI sources support clinically meaningful enzyme induction, so the filter should not remain unknown/limited.",https://www.ncbi.nlm.nih.gov/books/NBK548512/; https://www.ncbi.nlm.nih.gov/books/NBK562297/,Unknown/limited,Enzyme inducer
primidone,fact_check,critical,filter_metabolism,incorrect,True,NCBI sources identify liver metabolism and unchanged urinary excretion.,https://www.ncbi.nlm.nih.gov/books/NBK548512/; https://www.ncbi.nlm.nih.gov/books/NBK562297/,Limited/unknown,Hepatic; renal excretion of unchanged drug
primidone,proposed_row_update,medium,fda_black_box_warning_source,proposed,False,DailyMed is not permissible for FDA boxed-warning verification; accessdata FDA label is permissible.,https://www.accessdata.fda.gov/drugsatfda_docs/label/2020/009170Orig1s040lbl.pdf,"FDA/DailyMed SPL; status=no_boxed_warning_in_selected_label; setid=af593171-dabb-4ea3-b44c-89ed457b2c46; published=Aug 12, 2020; title=MYSOLINE (PRIMIDONE) TABLET [BAUSCH HEALTH US, LLC]; url=https://dailymed.nlm.nih.gov/dailymed/drugInfo.cfm?setid=af593171-dabb-4ea3-b44c-89ed457b2c46",FDA-approved label (Drugs@FDA/accessdata); status=no_boxed_warning_identified_in_fda_label; NDA=009170/S-040; label=2020/009170Orig1s040lbl.pdf; checked=2026-05-21; url=https://www.accessdata.fda.gov/drugsatfda_docs/label/2020/009170Orig1s040lbl.pdf
primidone,proposed_row_update,medium,evidence_sources,proposed,False,"DailyMed is outside the provided trusted-source list, and NCBI/PubMed sources are needed for half-life, metabolism, enzyme effects, aliases, and RCT absence checks.",https://www.fda.gov/drugs/drug-approvals-and-databases/orange-book-data-files; https://www.fda.gov/media/71494/download?attachment=; https://www.accessdata.fda.gov/drugsatfda_docs/label/2020/009170Orig1s040lbl.pdf; https://www.ncbi.nlm.nih.gov/books/NBK562297/; https://www.ncbi.nlm.nih.gov/books/NBK548512/; https://pubmed.ncbi.nlm.nih.gov/?term=primidone+placebo+controlled+randomized+epilepsy,FDA Orange Book products file; FDA/DailyMed labeling,"FDA Orange Book / March 2026 Approved Drug Product List; FDA-approved Mysoline label (Drugs@FDA/accessdata, NDA 009170/S-040); NCBI Bookshelf StatPearls Primidone; NCBI LiverTox Primidone; PubMed search/audit for primidone epilepsy RCTs"
primidone,proposed_row_update,medium,mechanism_source,proposed,False,"Mechanism text is supported by FDA labeling, but the named source should point to an FDA/accessdata label rather than DailyMed.",https://www.accessdata.fda.gov/drugsatfda_docs/label/2020/009170Orig1s040lbl.pdf,FDA/DailyMed labeling,"FDA-approved Mysoline label (Drugs@FDA/accessdata, NDA 009170/S-040)"
primidone,proposed_row_update,medium,adverse_symptoms_percentages,proposed,False,Remove unsupported '0%' wording while retaining FDA-label adverse reaction facts.,https://www.accessdata.fda.gov/drugsatfda_docs/label/2020/009170Orig1s040lbl.pdf,"N/A 0%: FDA label lists ataxia, vertigo, nausea, anorexia, vomiting, fatigue, hyperirritability, emotional disturbances, sexual impotency, diplopia, nystagmus, drowsiness, skin eruptions, granulocytopenia, agranulocytosis, red-cell hypoplasia/aplasia, and megaloblastic anemia without quantified incidence percentages.","N/A: FDA label lists ataxia, vertigo, nausea, anorexia, vomiting, fatigue, hyperirritability, emotional disturbances, sexual impotency, diplopia, nystagmus, drowsiness, morbilliform skin eruptions, granulocytopenia, agranulocytosis, red-cell hypoplasia/aplasia, and megaloblastic anemia without quantified incidence percentages."
primidone,proposed_row_update,medium,half_life_range,proposed,False,Trusted NCBI source provides a half-life value.,https://www.ncbi.nlm.nih.gov/books/NBK562297/,N/A - selected FDA/DailyMed label does not provide a half-life value.,10-15 hours for primidone; may increase in patients older than 75 years.
primidone,proposed_row_update,critical,major_organ_for_metabolism,proposed,True,Trusted NCBI sources contradict the limited/unknown metabolism wording.,https://www.ncbi.nlm.nih.gov/books/NBK548512/; https://www.ncbi.nlm.nih.gov/books/NBK562297/,N/A - selected FDA/DailyMed label does not identify a major metabolic organ; label identifies phenobarbital and PEMA metabolites.,"Liver; primidone is extensively metabolized by the liver to phenobarbital and PEMA, with substantial unchanged urinary excretion."
primidone,proposed_row_update,critical,enzyme_inducing_or_inhibiting,proposed,True,Trusted NCBI sources support enzyme induction.,https://www.ncbi.nlm.nih.gov/books/NBK548512/; https://www.ncbi.nlm.nih.gov/books/NBK562297/,N/A - selected FDA label does not define clinically meaningful enzyme induction or inhibition.,Enzyme inducer: NCBI LiverTox states primidone can induce CYP450 enzyme activities; StatPearls notes hepatic metabolism and phenobarbital-related induction of UGT/CYP2C/CYP3A pathways.
primidone,proposed_row_update,critical,filter_enzyme_effect,proposed,True,Align filter with NCBI-supported induction evidence.,https://www.ncbi.nlm.nih.gov/books/NBK548512/; https://www.ncbi.nlm.nih.gov/books/NBK562297/,Unknown/limited,Enzyme inducer
primidone,proposed_row_update,critical,filter_metabolism,proposed,True,Align filter with NCBI-supported metabolism and excretion evidence.,https://www.ncbi.nlm.nih.gov/books/NBK548512/; https://www.ncbi.nlm.nih.gov/books/NBK562297/,Limited/unknown,Hepatic; renal excretion of unchanged drug
primidone,proposed_row_update,medium,trade_names,proposed,False,Add NCBI-listed brand aliases and clarify Primidone as generic product name.,https://www.fda.gov/media/71494/download?attachment=; https://www.ncbi.nlm.nih.gov/books/NBK548512/,Mysoline; Primidone,Mysoline; Myidone; Sertan; Apo-Primidone; Primidone (generic product name)
primidone,proposed_row_update,medium,pubmed_search_aliases,proposed,False,Add source-supported aliases for literature search coverage.,https://www.ncbi.nlm.nih.gov/books/NBK548512/,Mysoline,Mysoline; Myidone; Sertan; Apo-Primidone
primidone,proposed_row_update,medium,fda_black_box_warning,proposed,False,"Fact is confirmed, but wording should cite FDA/accessdata rather than DailyMed.",https://www.accessdata.fda.gov/drugsatfda_docs/label/2020/009170Orig1s040lbl.pdf,No FDA boxed warning identified in selected current DailyMed label.,No FDA boxed warning identified in FDA-approved Mysoline (primidone) label (NDA 009170/S-040).
primidone,proposed_row_update,medium,fda_black_box_warning_verified,proposed,False,Refresh date to the FDA-source verification date for this audit.,https://www.accessdata.fda.gov/drugsatfda_docs/label/2020/009170Orig1s040lbl.pdf,05-20-2026,05-21-2026
progabide,fact_check,high,alternate_generic_names,missing,False,Important aliases/development codes are missing. NLM MeSH lists SL 76002 as an entry term; PubChem lists Halogabide and related SL code variants.,https://meshb.nlm.nih.gov/record/ui?ui=C017985; https://pubchem.ncbi.nlm.nih.gov/compound/44115,,halogabide; SL 76002; SL-76002; SL-76.002
progabide,fact_check,high,trade_names,missing,False,"Gabrene is verified. PubChem also lists Gabren as a synonym; if the CSV treats brand/trade synonyms broadly, add Gabren to prevent duplicate-row creation under that alias.",https://meshb.nlm.nih.gov/record/ui?ui=C017985; https://pubchem.ncbi.nlm.nih.gov/compound/44115,Gabrene,Gabrene; Gabren
progabide,fact_check,high,pubmed_search_aliases,missing,False,Search aliases should include trade names and development-code aliases seen in NLM MeSH/PubChem so the same drug is not missed or duplicated.,https://meshb.nlm.nih.gov/record/ui?ui=C017985; https://pubchem.ncbi.nlm.nih.gov/compound/44115,,Gabrene; Gabren; halogabide; SL 76002; SL-76002; SL-76.002
progabide,fact_check,medium,available_in_us,missing_source,True,"No current FDA/openFDA label was identified, supporting non-US availability. The exact French authorization/revocation statement is plausible from the row bundle but lacks an allowed-domain source in this audit.",https://open.fda.gov/apis/drug/label/; https://www.fda.gov/drugs/drug-approvals-and-databases/drugsfda-database,No - formerly authorized in France; authorization revoked/withdrawn,No - not FDA-approved/currently marketed in the US; historical French authorization/revocation requires ANSM source verification if retained.
progabide,fact_check,medium,year_fda_cleared,missing_source,True,The FDA portion is supported by no FDA/openFDA label. The exact French dates are not verifiable from the allowed source domains supplied for this audit.,https://open.fda.gov/apis/drug/label/; https://www.fda.gov/drugs/drug-approvals-and-databases/drugsfda-database,"Not FDA-cleared; ANSM France authorization 19/04/1984, revoked 21/07/2014",Not FDA-cleared/approved; retain the French authorization/revocation dates only with the cited ANSM/public medicines-directory source.
progabide,fact_check,high,adverse_symptoms_percentages,incorrect,False,"The Martinez-Lage RCT reports adverse-event counts during treatment periods, so '0% usable quantified current data' is misleading if read as no RCT safety counts. However, these data are small historical crossover counts, not current FDA-label percentages.",https://pubmed.ncbi.nlm.nih.gov/6383790/; https://pubmed.ncbi.nlm.nih.gov/6403342/; https://pubmed.ncbi.nlm.nih.gov/3098923/,Evidence availability: no reliable FDA/RCT symptom percentages found (0% usable quantified current data located),"Evidence availability: limited historical RCT adverse-event counts exist, but no current FDA-label or harmonized placebo-adjusted symptom-percentage table was identified."
progabide,fact_check,high,evidence_sources,incorrect,False,DailyMed should not be cited for FDA boxed-warning verification. The row also uses PubMed RCT evidence and should name it. Exact ANSM date facts remain source-limited under this audit's allowed-domain list.,https://open.fda.gov/apis/drug/label/; https://pubmed.ncbi.nlm.nih.gov/6121050/; https://pubmed.ncbi.nlm.nih.gov/6383790/; https://pubmed.ncbi.nlm.nih.gov/6357772/; https://pubmed.ncbi.nlm.nih.gov/6403342/,NCBI PubChem pharmacology records; FDA/DailyMed labeling; ANSM French medicines directory,NCBI/PubMed and NCBI PubChem pharmacology records; FDA/openFDA labeling; PubMed placebo-controlled trial reports; ANSM French medicines directory for French authorization facts only if an allowed source URL is retained.
progabide,fact_check,high,fda_black_box_warning,incorrect,False,DailyMed wording violates the audit rule for boxed warnings. Use FDA/openFDA only.,https://open.fda.gov/apis/drug/label/; https://api.fda.gov/drug/label.json?search=progabide&limit=1; https://api.fda.gov/drug/label.json?search=Gabrene&limit=1,No current FDA/DailyMed label identified.,No current FDA/openFDA label identified.
progabide,fact_check,high,fda_black_box_warning_source,incorrect,False,Source wording should use FDA/openFDA and include key aliases. DailyMed is not permissible for this field.,https://open.fda.gov/apis/drug/label/; https://api.fda.gov/drug/label.json?search=progabide&limit=1; https://api.fda.gov/drug/label.json?search=Gabrene&limit=1,FDA/DailyMed search on 05-20-2026: no current label found for terms [progabide; Gabrene].,FDA/openFDA label API search on 05-20-2026: no current FDA label found for terms [progabide; Gabrene; Gabren; SL 76002].
progabide,fact_check,medium,status_or_notes,missing_source,True,"GABA-ergic mechanism and Gabrene alias are supported. The French authorization/revocation statement needs the specific ANSM source, which is outside the allowed-domain list supplied for this audit.",https://pubmed.ncbi.nlm.nih.gov/6121050/; https://meshb.nlm.nih.gov/record/ui?ui=C017985,Former French-authorized GABA-ergic anticonvulsant (Gabrene); ANSM authorization later revoked/withdrawn.,Former French-authorized GABA-ergic anticonvulsant (Gabrene); ANSM authorization later revoked/withdrawn. Exact French authorization details require the ANSM/public medicines-directory source URL.
progabide,outcome_check,info,plot_diff_50_responder_maximum_effective_dose,not_applicable,False,Blank plotting field is consistent with NR/not-extractable RR50 differential.,https://pubmed.ncbi.nlm.nih.gov/6383790/; https://pubmed.ncbi.nlm.nih.gov/6357772/; https://pubmed.ncbi.nlm.nih.gov/6403342/,,
progabide,outcome_check,info,plot_diff_median_pct_change_maximum_effective_dose,not_applicable,False,Blank plotting field is consistent with NR/not-extractable MPC differential.,https://pubmed.ncbi.nlm.nih.gov/6383790/; https://pubmed.ncbi.nlm.nih.gov/6357772/; https://pubmed.ncbi.nlm.nih.gov/6403342/,,
progabide,outcome_check,info,plot_diff_seizure_freedom_maximum_effective_dose,not_applicable,False,Blank plotting field is consistent with NR/not-extractable seizure-freedom differential.,https://pubmed.ncbi.nlm.nih.gov/6383790/; https://pubmed.ncbi.nlm.nih.gov/6357772/; https://pubmed.ncbi.nlm.nih.gov/6403342/,,
progabide,black_box_warning,high,fda_black_box_warning,incorrect,False,"The substantive finding of no current FDA label is consistent with the FDA/openFDA no-label result supplied in the row bundle, but DailyMed is not permissible for boxed-warning verification. Use FDA/openFDA wording only.",https://open.fda.gov/apis/drug/label/; https://api.fda.gov/drug/label.json?search=progabide&limit=1; https://api.fda.gov/drug/label.json?search=Gabrene&limit=1; https://www.fda.gov/drugs/drug-approvals-and-databases/drugsfda-database,No current FDA/DailyMed label identified.,No current FDA/openFDA label identified.
progabide,proposed_row_update,medium,fda_black_box_warning_source,proposed,False,DailyMed is not an allowed source for boxed-warning verification; FDA/openFDA is allowed.,https://open.fda.gov/apis/drug/label/; https://api.fda.gov/drug/label.json?search=progabide&limit=1; https://api.fda.gov/drug/label.json?search=Gabrene&limit=1,FDA/DailyMed search on 05-20-2026: no current label found for terms [progabide; Gabrene].,FDA/openFDA label API search on 05-20-2026: no current FDA label found for terms [progabide; Gabrene; Gabren; SL 76002].
progabide,proposed_row_update,medium,evidence_sources,proposed,False,Correct FDA source wording and add PubMed RCT/outcome support. French authorization facts still need a specific acceptable source decision.,https://open.fda.gov/apis/drug/label/; https://pubmed.ncbi.nlm.nih.gov/6121050/; https://pubmed.ncbi.nlm.nih.gov/6383790/; https://pubmed.ncbi.nlm.nih.gov/6357772/; https://pubmed.ncbi.nlm.nih.gov/6403342/,NCBI PubChem pharmacology records; FDA/DailyMed labeling; ANSM French medicines directory,NCBI/PubMed and NCBI PubChem pharmacology records; FDA/openFDA labeling; PubMed placebo-controlled trial reports; ANSM French medicines directory for French authorization facts only if an allowed source URL is retained.
progabide,proposed_row_update,medium,mechanism_source,proposed,False,Primary PubMed pharmacology evidence better supports the mechanism cell.,https://pubmed.ncbi.nlm.nih.gov/6121050/; https://pubchem.ncbi.nlm.nih.gov/compound/44115,NCBI PubChem pharmacology records,NCBI PubChem pharmacology records; PubMed Lloyd 1982 GABA receptor pharmacology study
progabide,proposed_row_update,medium,alternate_generic_names,proposed,False,Important aliases/development codes are missing.,https://meshb.nlm.nih.gov/record/ui?ui=C017985; https://pubchem.ncbi.nlm.nih.gov/compound/44115,,halogabide; SL 76002; SL-76002; SL-76.002
progabide,proposed_row_update,medium,trade_names,proposed,False,Gabrene is verified; Gabren is also listed as a synonym/brand-like alias in NCBI/PubChem records.,https://meshb.nlm.nih.gov/record/ui?ui=C017985; https://pubchem.ncbi.nlm.nih.gov/compound/44115,Gabrene,Gabrene; Gabren
progabide,proposed_row_update,medium,pubmed_search_aliases,proposed,False,Add search aliases to prevent duplicate rows and improve PubMed retrieval.,https://meshb.nlm.nih.gov/record/ui?ui=C017985; https://pubchem.ncbi.nlm.nih.gov/compound/44115,,Gabrene; Gabren; halogabide; SL 76002; SL-76002; SL-76.002
progabide,proposed_row_update,medium,fda_black_box_warning,proposed,False,DailyMed is not permissible for boxed-warning verification.,https://open.fda.gov/apis/drug/label/; https://api.fda.gov/drug/label.json?search=progabide&limit=1; https://api.fda.gov/drug/label.json?search=Gabrene&limit=1,No current FDA/DailyMed label identified.,No current FDA/openFDA label identified.
progabide,proposed_row_update,medium,fda_black_box_warning_source,proposed,False,Use FDA/openFDA source wording and include key aliases.,https://open.fda.gov/apis/drug/label/; https://api.fda.gov/drug/label.json?search=progabide&limit=1; https://api.fda.gov/drug/label.json?search=Gabrene&limit=1,FDA/DailyMed search on 05-20-2026: no current label found for terms [progabide; Gabrene].,FDA/openFDA label API search on 05-20-2026: no current FDA label found for terms [progabide; Gabrene; Gabren; SL 76002].
progabide,proposed_row_update,medium,evidence_sources,proposed,False,Replace DailyMed with FDA/openFDA and name PubMed RCT evidence. French authorization facts remain source-limited under the allowed-domain list.,https://open.fda.gov/apis/drug/label/; https://pubmed.ncbi.nlm.nih.gov/6121050/; https://pubmed.ncbi.nlm.nih.gov/6383790/; https://pubmed.ncbi.nlm.nih.gov/6357772/; https://pubmed.ncbi.nlm.nih.gov/6403342/,NCBI PubChem pharmacology records; FDA/DailyMed labeling; ANSM French medicines directory,NCBI/PubMed and NCBI PubChem pharmacology records; FDA/openFDA labeling; PubMed placebo-controlled trial reports; ANSM French medicines directory for French authorization facts only if an allowed source URL is retained.
progabide,proposed_row_update,medium,mechanism_source,proposed,False,Add primary PubMed pharmacology evidence for GABA receptor agonist activity.,https://pubmed.ncbi.nlm.nih.gov/6121050/; https://pubchem.ncbi.nlm.nih.gov/compound/44115,NCBI PubChem pharmacology records,NCBI PubChem pharmacology records; PubMed Lloyd 1982 GABA receptor pharmacology study
progabide,proposed_row_update,medium,adverse_symptoms_percentages,proposed,False,"Historical RCT adverse-event counts exist, so the current wording is too absolute and the '0%' phrasing is potentially misleading.",https://pubmed.ncbi.nlm.nih.gov/6383790/; https://pubmed.ncbi.nlm.nih.gov/6403342/; https://pubmed.ncbi.nlm.nih.gov/3098923/,Evidence availability: no reliable FDA/RCT symptom percentages found (0% usable quantified current data located),"Evidence availability: limited historical RCT adverse-event counts exist, but no current FDA-label or harmonized placebo-adjusted symptom-percentage table was identified."
progabide,proposed_row_update,medium,enzyme_inducing_or_inhibiting,proposed,False,More specific wording is supported by PubMed evidence.,https://pubmed.ncbi.nlm.nih.gov/3098923/; https://pmc.ncbi.nlm.nih.gov/articles/PMC1029073/; https://pubmed.ncbi.nlm.nih.gov/3191894/; https://pubmed.ncbi.nlm.nih.gov/8222491/,Limited data; hepatic metabolism and interaction concerns reported,"Limited data; hepatic-enzyme elevations and clinically relevant interaction concerns reported, including effects on phenytoin/carbamazepine metabolism and microsomal epoxide hydrolase inhibition."
repository corticotropin,fact_check,medium,enzyme_inducing_or_inhibiting,missing_source,True,The FDA label supports the diuretic/electrolyte interaction and states formal drug-drug interaction studies have not been performed. I did not find FDA-label support for the stronger statement that it is not a CYP inducer/inhibitor.,https://www.accessdata.fda.gov/drugsatfda_docs/label/2024/008372s074lbl.pdf,Not a CYP inducer/inhibitor; FDA label notes steroidogenic/electrolyte effects and that Acthar Gel may accentuate electrolyte loss associated with diuretics.,Formal drug-drug interaction studies have not been performed; FDA label states Acthar Gel may accentuate the electrolyte loss associated with diuretic therapy. No FDA-label CYP induction/inhibition interaction was identified.
repository corticotropin,fact_check,high,evidence_sources,incorrect,False,The current source field relies on DailyMed and duplicates FDA/DailyMed labeling. Replace with trusted FDA/NCBI/PubMed sources that support the row facts and RCT context.,https://www.accessdata.fda.gov/drugsatfda_docs/label/2024/008372s074lbl.pdf; https://www.accessdata.fda.gov/scripts/opdlisting/oopd/detailedIndex.cfm?cfgridkey=168103; https://www.ncbi.nlm.nih.gov/sites/entrez?Cmd=DetailsSearch&Db=mesh&Term=%22Adrenocorticotropic+Hormone%22%5BMeSH+Terms%5D; https://pubmed.ncbi.nlm.nih.gov/34902005/,FDA/DailyMed Acthar Gel label (https://dailymed.nlm.nih.gov/dailymed/drugInfo.cfm?setid=7b48ddec-e815-45f4-9ca0-5c0daaf56f30); FDA orphan drug designation/approval record for repository corticotropin/adrenocorticotropic hormone (https://www.accessdata.fda.gov/scripts/opdlisting/oopd/detailedIndex.cfm?cfgridkey=168103); FDA/DailyMed labeling,"FDA Acthar Gel label, NDA 008372/S-074, revised 02/2024 (https://www.accessdata.fda.gov/drugsatfda_docs/label/2024/008372s074lbl.pdf); FDA orphan drug designation/approval record for repository corticotropin/adrenocorticotropic hormone, H.P. Acthar Gel, infantile spasms marketing approval 10/15/2010 (https://www.accessdata.fda.gov/scripts/opdlisting/oopd/detailedIndex.cfm?cfgridkey=168103); NCBI MeSH Adrenocorticotropic Hormone entry terms for ACTH/corticotropin aliases (https://www.ncbi.nlm.nih.gov/sites/entrez?Cmd=DetailsSearch&Db=mesh&Term=%22Adrenocorticotropic+Hormone%22%5BMeSH+Terms%5D); Tran et al. 2022 scoping review, PMID 34902005, for corticotropin RCT context (https://pubmed.ncbi.nlm.nih.gov/34902005/)."
repository corticotropin,fact_check,medium,major_organ_for_metabolism,missing_source,True,The label supports limited/unknown pharmacokinetics and adrenal cortical effects. The comparison to a conventional hepatic/renal ASM metabolism profile is an inference not directly sourced in the row.,https://www.accessdata.fda.gov/drugsatfda_docs/label/2024/008372s074lbl.pdf,Limited/unknown; peptide hormone mixture with adrenal cortical target effects rather than a conventional hepatic/renal ASM metabolism profile,Limited/unknown; FDA label states pharmacokinetics of Acthar Gel have not been adequately characterized and describes Acthar Gel as a naturally sourced complex mixture of adrenocorticotropic hormone analogs and other pituitary peptides with adrenal cortical effects.
repository corticotropin,fact_check,high,mechanism_source,incorrect,False,DailyMed should be replaced with the FDA accessdata label source.,https://www.accessdata.fda.gov/drugsatfda_docs/label/2024/008372s074lbl.pdf,FDA/DailyMed Acthar Gel label (https://dailymed.nlm.nih.gov/dailymed/drugInfo.cfm?setid=7b48ddec-e815-45f4-9ca0-5c0daaf56f30),"FDA Acthar Gel label, NDA 008372/S-074, section 12.1 Mechanism of Action (https://www.accessdata.fda.gov/drugsatfda_docs/label/2024/008372s074lbl.pdf)"
repository corticotropin,rct_link_check,high,pubmed_phase_ii_iii_rct_links,wrong_drug,True,"The trial intervention is melatonin supplementation for infantile epileptic spasms syndrome, not repository corticotropin/ACTH.",https://pubmed.ncbi.nlm.nih.gov/37909654/,https://pubmed.ncbi.nlm.nih.gov/37909654/,Do not add to repository corticotropin placebo-controlled RCT links.
repository corticotropin,rct_link_check,high,pubmed_phase_ii_iii_rct_links,wrong_drug,True,"This is a melatonin protocol, not repository corticotropin/ACTH efficacy evidence.",https://pubmed.ncbi.nlm.nih.gov/35788069/,https://pubmed.ncbi.nlm.nih.gov/35788069/,Do not add to repository corticotropin placebo-controlled RCT links.
repository corticotropin,rct_link_check,high,pubmed_phase_ii_iii_rct_links,wrong_drug,True,"Primary intervention is flunarizine add-on therapy in children with infantile spasms, not repository corticotropin/ACTH.",https://pubmed.ncbi.nlm.nih.gov/22889307/,https://pubmed.ncbi.nlm.nih.gov/22889307/,Do not add to repository corticotropin placebo-controlled RCT links.
repository corticotropin,rct_link_check,high,pubmed_phase_ii_iii_rct_links,wrong_drug,True,"Study concerns magnesium effects on endogenous ACTH secretion and sleep physiology in men, not repository corticotropin treatment for seizures.",https://pubmed.ncbi.nlm.nih.gov/9683002/,https://pubmed.ncbi.nlm.nih.gov/9683002/,Do not add to repository corticotropin placebo-controlled RCT links.
repository corticotropin,rct_link_check,high,pubmed_phase_ii_iii_rct_links,wrong_drug,True,"Trial is about valproate, not repository corticotropin/ACTH as the tested intervention.",https://pubmed.ncbi.nlm.nih.gov/3939740/,https://pubmed.ncbi.nlm.nih.gov/3939740/,Do not add to repository corticotropin placebo-controlled RCT links.
repository corticotropin,rct_link_check,high,pubmed_phase_ii_iii_rct_links,not_placebo_rct,True,"This is a randomized double-blind comparison of ACTH versus prednisone with placebo/double-dummy elements, but it lacks a placebo-only efficacy control arm and is outside the row's placebo-controlled RCT outcome section.",https://pubmed.ncbi.nlm.nih.gov/6312008/,https://pubmed.ncbi.nlm.nih.gov/6312008/,Do not add to placebo-controlled epilepsy RCT links; may be cited only as non-qualifying active-comparator evidence if project scope allows.
repository corticotropin,rct_link_check,high,pubmed_phase_ii_iii_rct_links,wrong_drug,True,"Study uses an ACTH fragment in an ECT memory context, not repository corticotropin/Acthar for epilepsy or infantile spasms.",https://pubmed.ncbi.nlm.nih.gov/193359/,https://pubmed.ncbi.nlm.nih.gov/193359/,Do not add to repository corticotropin placebo-controlled RCT links.
repository corticotropin,outcome_check,info,diff_50_responder_maximum_effective_dose,not_applicable,False,"No qualifying placebo-controlled epilepsy RCT with an RR50 endpoint was identified for repository corticotropin/ACTH in infantile spasms. FDA-labeled infantile-spasms trials use active comparator or dose comparison and responder definitions based on spasm cessation plus hypsarrhythmia resolution, not RR50 versus placebo.",https://www.accessdata.fda.gov/drugsatfda_docs/label/2024/008372s074lbl.pdf; https://pubmed.ncbi.nlm.nih.gov/34902005/,N/A,N/A
repository corticotropin,outcome_check,info,diff_median_pct_change_maximum_effective_dose,not_applicable,False,No qualifying placebo-controlled epilepsy RCT with median percent seizure-change outcome was identified for this row. Retain N/A.,https://www.accessdata.fda.gov/drugsatfda_docs/label/2024/008372s074lbl.pdf; https://pubmed.ncbi.nlm.nih.gov/34902005/,N/A,N/A
repository corticotropin,outcome_check,info,diff_seizure_freedom_maximum_effective_dose,not_applicable,False,"No qualifying placebo-controlled epilepsy RCT with placebo-differential seizure freedom was identified. FDA-labeled response data are from ACTH-vs-prednisone and dose-comparison infantile-spasms studies, not placebo-controlled epilepsy studies.",https://www.accessdata.fda.gov/drugsatfda_docs/label/2024/008372s074lbl.pdf; https://pubmed.ncbi.nlm.nih.gov/34902005/,N/A,N/A
repository corticotropin,black_box_warning,high,fda_black_box_warning,incorrect,False,"The no-boxed-warning conclusion is supported by the FDA accessdata label for Acthar Gel, which contains warnings and precautions but no boxed-warning section or boxed-warning text. The current row wording and source rely on DailyMed, which is not permissible for this field.",https://www.accessdata.fda.gov/drugsatfda_docs/label/2024/008372s074lbl.pdf,No FDA boxed warning identified in selected current DailyMed label.,No FDA boxed warning identified in FDA Acthar Gel prescribing information.
repository corticotropin,proposed_row_update,medium,evidence_sources,proposed,False,Use trusted FDA/NCBI/PubMed sources and remove DailyMed from the source list.,https://www.accessdata.fda.gov/drugsatfda_docs/label/2024/008372s074lbl.pdf; https://www.accessdata.fda.gov/scripts/opdlisting/oopd/detailedIndex.cfm?cfgridkey=168103; https://www.ncbi.nlm.nih.gov/sites/entrez?Cmd=DetailsSearch&Db=mesh&Term=%22Adrenocorticotropic+Hormone%22%5BMeSH+Terms%5D; https://pubmed.ncbi.nlm.nih.gov/34902005/,FDA/DailyMed Acthar Gel label (https://dailymed.nlm.nih.gov/dailymed/drugInfo.cfm?setid=7b48ddec-e815-45f4-9ca0-5c0daaf56f30); FDA orphan drug designation/approval record for repository corticotropin/adrenocorticotropic hormone (https://www.accessdata.fda.gov/scripts/opdlisting/oopd/detailedIndex.cfm?cfgridkey=168103); FDA/DailyMed labeling,"FDA Acthar Gel label, NDA 008372/S-074, revised 02/2024 (https://www.accessdata.fda.gov/drugsatfda_docs/label/2024/008372s074lbl.pdf); FDA orphan drug designation/approval record for repository corticotropin/adrenocorticotropic hormone, H.P. Acthar Gel, infantile spasms marketing approval 10/15/2010 (https://www.accessdata.fda.gov/scripts/opdlisting/oopd/detailedIndex.cfm?cfgridkey=168103); NCBI MeSH Adrenocorticotropic Hormone entry terms for ACTH/corticotropin aliases (https://www.ncbi.nlm.nih.gov/sites/entrez?Cmd=DetailsSearch&Db=mesh&Term=%22Adrenocorticotropic+Hormone%22%5BMeSH+Terms%5D); Tran et al. 2022 scoping review, PMID 34902005, for corticotropin RCT context (https://pubmed.ncbi.nlm.nih.gov/34902005/)."
repository corticotropin,proposed_row_update,medium,fda_black_box_warning_source,proposed,False,DailyMed is not permissible for FDA boxed-warning verification; use FDA accessdata labeling.,https://www.accessdata.fda.gov/drugsatfda_docs/label/2024/008372s074lbl.pdf,"FDA/DailyMed SPL; status=no_boxed_warning_in_selected_label; setid=7b48ddec-e815-45f4-9ca0-5c0daaf56f30; published=Dec 08, 2025; title=ACTHAR (REPOSITORY CORTICOTROPIN) INJECTION ACTHAR (REPOSITORY CORTICOTROPIN) INJECTION [MALLINCKRODT ARD LLC]; url=https://dailymed.nlm.nih.gov/dailymed/drugInfo.cfm?setid=7b48ddec-e815-45f4-9ca0-5c0daaf56f30","FDA Acthar Gel label, NDA 008372/S-074, revised 02/2024; status=no_boxed_warning_identified_in_fda_label; url=https://www.accessdata.fda.gov/drugsatfda_docs/label/2024/008372s074lbl.pdf"
repository corticotropin,proposed_row_update,medium,mechanism_source,proposed,False,Replace DailyMed with the FDA accessdata label source.,https://www.accessdata.fda.gov/drugsatfda_docs/label/2024/008372s074lbl.pdf,FDA/DailyMed Acthar Gel label (https://dailymed.nlm.nih.gov/dailymed/drugInfo.cfm?setid=7b48ddec-e815-45f4-9ca0-5c0daaf56f30),"FDA Acthar Gel label, NDA 008372/S-074, section 12.1 Mechanism of Action (https://www.accessdata.fda.gov/drugsatfda_docs/label/2024/008372s074lbl.pdf)"
repository corticotropin,proposed_row_update,medium,fda_black_box_warning,proposed,False,"Black-box warning verification must use FDA sources, not DailyMed. FDA accessdata label contains no boxed-warning section/text.",https://www.accessdata.fda.gov/drugsatfda_docs/label/2024/008372s074lbl.pdf,No FDA boxed warning identified in selected current DailyMed label.,No FDA boxed warning identified in FDA Acthar Gel prescribing information.
repository corticotropin,proposed_row_update,critical,enzyme_inducing_or_inhibiting,proposed,True,The diuretic/electrolyte statement is supported; the stronger CYP statement lacks a named supporting source in the row.,https://www.accessdata.fda.gov/drugsatfda_docs/label/2024/008372s074lbl.pdf,Not a CYP inducer/inhibitor; FDA label notes steroidogenic/electrolyte effects and that Acthar Gel may accentuate electrolyte loss associated with diuretics.,Formal drug-drug interaction studies have not been performed; FDA label states Acthar Gel may accentuate the electrolyte loss associated with diuretic therapy. No FDA-label CYP induction/inhibition interaction was identified.
repository corticotropin,proposed_row_update,critical,major_organ_for_metabolism,proposed,True,Keeps the limited/unknown classification but replaces an unsourced metabolism-profile inference with FDA-label wording.,https://www.accessdata.fda.gov/drugsatfda_docs/label/2024/008372s074lbl.pdf,Limited/unknown; peptide hormone mixture with adrenal cortical target effects rather than a conventional hepatic/renal ASM metabolism profile,Limited/unknown; FDA label states pharmacokinetics of Acthar Gel have not been adequately characterized and describes Acthar Gel as a naturally sourced complex mixture of adrenocorticotropic hormone analogs and other pituitary peptides with adrenal cortical effects.
rufinamide,fact_check,medium,pubmed_search_aliases,missing_source,False,"The alias is plausible, but the row's named sources do not document it and this audit did not confirm it in an allowed trusted source page.",,CGP 33101,CGP 33101
rufinamide,fact_check,high,minimum_effective_dose,incorrect,False,"FDA labeling supports 400-800 mg/day as the adult starting dose and 3200 mg/day as the adult target/max. The 'minimum effective' wording is better supported by the Elger Phase II dose-ranging RCT for partial seizures, not by the labeled LGS adult dose statement alone.",https://www.fda.gov/media/169593/download; https://pubmed.ncbi.nlm.nih.gov/20061123/,400 mg/day adult starting dose; titrate to 3200 mg/day target/max,Adults: start 400-800 mg/day in two divided doses and titrate by 400-800 mg every other day to 3200 mg/day maximum; Elger2010 dose-ranging partial-seizure study reported a minimally efficacious dose of 400 mg/day.
rufinamide,fact_check,critical,filter_metabolism,incorrect,True,FDA labeling states most elimination is via metabolism and that the primary pathway is carboxylesterase-mediated hydrolysis; therefore 'Renal/no major metabolism' is too broad and partly contradicted.,https://www.fda.gov/media/169593/download,Renal/no major metabolism,Carboxylesterase hydrolysis/no major CYP metabolism
rufinamide,fact_check,critical,filter_enzyme_effect,incorrect,True,"The filter conflicts with the row fact and FDA label; the clinically relevant direction is weak CYP3A4 induction, not inhibitor.",https://www.fda.gov/media/169593/download,Inhibitor,Inducer
rufinamide,fact_check,high,mechanism_source,incorrect,False,The mechanism is supported by FDA labeling; DailyMed should not be named as the source when trusted source policy can be satisfied directly with FDA labeling.,https://www.fda.gov/media/169593/download,FDA/DailyMed labeling,FDA Banzel prescribing information
rufinamide,fact_check,critical,adverse_symptoms_percentages,incorrect,True,"Somnolence 24% and vomiting 22% are supported by Glauser2008/FDA LGS trial data. Headache 16%, nausea 12%, and rash near 4% are supported in FDA pooled tables, but dizziness 14% and QT shortening 14% were not supported; FDA label gives dizziness 8% pediatric or 19% adult and QT shortening >20 msec in 46% at 3200 mg.",https://pubmed.ncbi.nlm.nih.gov/18401024/; https://www.fda.gov/media/169593/download,"CNS: somnolence 24%, GI: vomiting 22%, CNS: headache 16%, CNS: dizziness 14%, GI: nausea 12%, dermatologic: rash 5%, cardiac: QT shortening 14%",CNS: somnolence 24.3% in LGS RCT; GI: vomiting 21.6% in LGS RCT; CNS: headache 16% pediatric pooled / 27% adult pooled; CNS: dizziness 8% pediatric pooled / 19% adult pooled; GI: nausea 7% pediatric pooled / 12% adult pooled; dermatologic: rash 4% pediatric pooled; cardiac: QT shortening >20 msec at Tmax in 46% at 3200 mg vs 5-10% placebo in QT study.
rufinamide,fact_check,high,evidence_sources,incorrect,False,"The named LiverTox anticonvulsants table is not a good support for LGS-specific row facts, Epilepsy Foundation Australia is outside the requested trusted-source domains, and DailyMed should not be used for FDA boxed-warning verification. FDA, NCBI, EMA, and PubMed sources support the retained facts.",https://www.fda.gov/media/169593/download; https://api.fda.gov/drug/label.json?search=openfda.spl_set_id%3A%220a3fa925-1abd-458a-bd57-4ae780a1ef2d%22&limit=5; https://www.accessdata.fda.gov/scripts/opdlisting/oopd/detailedIndex.cfm?cfgridkey=193504; https://www.ncbi.nlm.nih.gov/books/NBK548457/; https://www.ncbi.nlm.nih.gov/books/NBK557595/; https://www.ema.europa.eu/en/medicines/human/EPAR/inovelon,NCBI LiverTox anticonvulsants table; Epilepsy Foundation Australia ASM list; FDA/DailyMed labeling,FDA Banzel prescribing information; FDA/openFDA drug label API; FDA Orphan Drug Designations and Approvals; NCBI Bookshelf LiverTox rufinamide monograph; NCBI Bookshelf StatPearls rufinamide; EMA Inovelon EPAR; PubMed RCT records.
rufinamide,black_box_warning,high,fda_black_box_warning,incorrect,False,The no-boxed-warning conclusion is supportable only with an FDA source. DailyMed is not permissible for this field under the audit rules.,https://api.fda.gov/drug/label.json?search=openfda.spl_set_id%3A%220a3fa925-1abd-458a-bd57-4ae780a1ef2d%22&limit=5,No FDA boxed warning identified in selected current DailyMed label.,No FDA boxed warning identified in selected current FDA/openFDA label.
rufinamide,proposed_row_update,medium,evidence_sources,proposed,False,Current source list includes non-trusted or non-specific sources and does not reliably support each row fact.,https://www.fda.gov/media/169593/download; https://api.fda.gov/drug/label.json?search=openfda.spl_set_id%3A%220a3fa925-1abd-458a-bd57-4ae780a1ef2d%22&limit=5; https://www.accessdata.fda.gov/scripts/opdlisting/oopd/detailedIndex.cfm?cfgridkey=193504; https://www.ncbi.nlm.nih.gov/books/NBK548457/; https://www.ncbi.nlm.nih.gov/books/NBK557595/; https://www.ema.europa.eu/en/medicines/human/EPAR/inovelon,NCBI LiverTox anticonvulsants table; Epilepsy Foundation Australia ASM list; FDA/DailyMed labeling,FDA Banzel prescribing information; FDA/openFDA drug label API; FDA Orphan Drug Designations and Approvals; NCBI Bookshelf LiverTox rufinamide monograph; NCBI Bookshelf StatPearls rufinamide; EMA Inovelon EPAR; PubMed RCT records.
rufinamide,proposed_row_update,medium,fda_black_box_warning_source,proposed,False,"Black-box warning verification must use FDA/openFDA, FDA labels, or Drugs@FDA, not DailyMed.",https://api.fda.gov/drug/label.json?search=openfda.spl_set_id%3A%220a3fa925-1abd-458a-bd57-4ae780a1ef2d%22&limit=5,"FDA/DailyMed SPL; status=no_boxed_warning_in_selected_label; setid=0a3fa925-1abd-458a-bd57-4ae780a1ef2d; published=Nov 18, 2024; title=BANZEL (RUFINAMIDE) TABLET, FILM COATED BANZEL (RUFINAMIDE) SUSPENSION [EISAI INC.]; url=https://dailymed.nlm.nih.gov/dailymed/drugInfo.cfm?setid=0a3fa925-1abd-458a-bd57-4ae780a1ef2d",FDA/openFDA drug label API; status=no_boxed_warning_in_selected_fda_label; spl_set_id=0a3fa925-1abd-458a-bd57-4ae780a1ef2d; effective_time=20221215; title=Banzel / RUFINAMIDE; api_url=https://api.fda.gov/drug/label.json?search=openfda.spl_set_id%3A%220a3fa925-1abd-458a-bd57-4ae780a1ef2d%22&limit=5
rufinamide,proposed_row_update,medium,mechanism_source,proposed,False,The mechanism text is supported by FDA label lines describing sodium-channel modulation; DailyMed does not need to be cited.,https://www.fda.gov/media/169593/download,FDA/DailyMed labeling,FDA Banzel prescribing information
rufinamide,proposed_row_update,medium,fda_black_box_warning,proposed,False,DailyMed is not permitted for boxed-warning verification; openFDA/FDA source should be named.,https://api.fda.gov/drug/label.json?search=openfda.spl_set_id%3A%220a3fa925-1abd-458a-bd57-4ae780a1ef2d%22&limit=5,No FDA boxed warning identified in selected current DailyMed label.,No FDA boxed warning identified in selected current FDA/openFDA label.
rufinamide,proposed_row_update,medium,fda_black_box_warning_source,proposed,False,Replace non-permitted DailyMed boxed-warning source with FDA/openFDA metadata.,https://api.fda.gov/drug/label.json?search=openfda.spl_set_id%3A%220a3fa925-1abd-458a-bd57-4ae780a1ef2d%22&limit=5,"FDA/DailyMed SPL; status=no_boxed_warning_in_selected_label; setid=0a3fa925-1abd-458a-bd57-4ae780a1ef2d; published=Nov 18, 2024; title=BANZEL (RUFINAMIDE) TABLET, FILM COATED BANZEL (RUFINAMIDE) SUSPENSION [EISAI INC.]; url=https://dailymed.nlm.nih.gov/dailymed/drugInfo.cfm?setid=0a3fa925-1abd-458a-bd57-4ae780a1ef2d",FDA/openFDA drug label API; status=no_boxed_warning_in_selected_fda_label; spl_set_id=0a3fa925-1abd-458a-bd57-4ae780a1ef2d; effective_time=20221215; title=Banzel / RUFINAMIDE; api_url=https://api.fda.gov/drug/label.json?search=openfda.spl_set_id%3A%220a3fa925-1abd-458a-bd57-4ae780a1ef2d%22&limit=5
rufinamide,proposed_row_update,critical,adverse_symptoms_percentages,proposed,True,"Correct unsupported dizziness, rash, and QT-shortening percentages while preserving supported somnolence/vomiting values.",https://pubmed.ncbi.nlm.nih.gov/18401024/; https://www.fda.gov/media/169593/download,"CNS: somnolence 24%, GI: vomiting 22%, CNS: headache 16%, CNS: dizziness 14%, GI: nausea 12%, dermatologic: rash 5%, cardiac: QT shortening 14%",CNS: somnolence 24.3% in LGS RCT; GI: vomiting 21.6% in LGS RCT; CNS: headache 16% pediatric pooled / 27% adult pooled; CNS: dizziness 8% pediatric pooled / 19% adult pooled; GI: nausea 7% pediatric pooled / 12% adult pooled; dermatologic: rash 4% pediatric pooled; cardiac: QT shortening >20 msec at Tmax in 46% at 3200 mg vs 5-10% placebo in QT study.
rufinamide,proposed_row_update,critical,filter_enzyme_effect,proposed,True,"FDA label supports weak CYP3A4 induction, not a clinically meaningful inhibitor classification.",https://www.fda.gov/media/169593/download,Inhibitor,Inducer
rufinamide,proposed_row_update,critical,filter_metabolism,proposed,True,FDA label states most elimination is via carboxylesterase-mediated metabolism; unchanged renal excretion is less than 2%.,https://www.fda.gov/media/169593/download,Renal/no major metabolism,Carboxylesterase hydrolysis/no major CYP metabolism
rufinamide,proposed_row_update,medium,minimum_effective_dose,proposed,False,Clarifies that 400 mg/day is FDA starting-dose language for adults and the minimum-efficacious-dose claim comes from a partial-seizure dose-ranging RCT.,https://www.fda.gov/media/169593/download; https://pubmed.ncbi.nlm.nih.gov/20061123/,400 mg/day adult starting dose; titrate to 3200 mg/day target/max,Adults: start 400-800 mg/day in two divided doses and titrate by 400-800 mg every other day to 3200 mg/day maximum; Elger2010 dose-ranging partial-seizure study reported a minimally efficacious dose of 400 mg/day.
rufinamide,proposed_row_update,medium,mechanism_source,proposed,False,Use the FDA label directly as the trusted source.,https://www.fda.gov/media/169593/download,FDA/DailyMed labeling,FDA Banzel prescribing information
rufinamide,proposed_row_update,medium,evidence_sources,proposed,False,Replace unsupported/non-trusted source labels with sources that actually support row facts.,https://www.fda.gov/media/169593/download; https://api.fda.gov/drug/label.json?search=openfda.spl_set_id%3A%220a3fa925-1abd-458a-bd57-4ae780a1ef2d%22&limit=5; https://www.accessdata.fda.gov/scripts/opdlisting/oopd/detailedIndex.cfm?cfgridkey=193504; https://www.ncbi.nlm.nih.gov/books/NBK548457/; https://www.ncbi.nlm.nih.gov/books/NBK557595/; https://www.ema.europa.eu/en/medicines/human/EPAR/inovelon,NCBI LiverTox anticonvulsants table; Epilepsy Foundation Australia ASM list; FDA/DailyMed labeling,FDA Banzel prescribing information; FDA/openFDA drug label API; FDA Orphan Drug Designations and Approvals; NCBI Bookshelf LiverTox rufinamide monograph; NCBI Bookshelf StatPearls rufinamide; EMA Inovelon EPAR; PubMed RCT records.
stiripentol,fact_check,high,filter_formulation,incorrect,False,The marketed product is not a ready-made liquid; FDA labeling lists capsules and powder for oral suspension.,https://www.accessdata.fda.gov/drugsatfda_docs/label/2026/207223s006lbl.pdf,Capsule; Liquid; Sprinkle/powder,Capsule; Powder for oral suspension
stiripentol,fact_check,high,typical_doses_per_day,incorrect,False,"Current U.S. labeling requires concomitant clobazam, while the pivotal studies enrolled patients inadequately controlled on clobazam and valproate.",https://www.accessdata.fda.gov/drugsatfda_docs/label/2026/207223s006lbl.pdf,Dravet: 50 mg/kg/day divided BID/TID with clobazam/valproate,Dravet: 50 mg/kg/day divided BID/TID with clobazam; pivotal trials used clobazam and valproate background therapy
stiripentol,fact_check,high,minimum_effective_dose,incorrect,False,"The 50 mg/kg/day regimen is label-supported, but valproate is trial background therapy rather than a current U.S. labeled requirement.",https://www.accessdata.fda.gov/drugsatfda_docs/label/2026/207223s006lbl.pdf; https://pubmed.ncbi.nlm.nih.gov/11089822/,50 mg/kg/day target regimen with clobazam/valproate,"50 mg/kg/day target regimen; current U.S. indication is with clobazam, and pivotal trials used clobazam plus valproate background therapy"
stiripentol,fact_check,high,enzyme_inducing_or_inhibiting,incorrect,False,"The current wording overstates potency and omits FDA-labeled induction effects. FDA labeling supports CYP3A4/CYP2C19 inhibition and additional CYP/transporter effects, but not the exact current phrasing.",https://www.accessdata.fda.gov/drugsatfda_docs/label/2026/207223s006lbl.pdf; https://pmc.ncbi.nlm.nih.gov/articles/PMC7358047/,"Potent inhibitor of CYP3A4, CYP2C19, CYP2D6 and other pathways","Mixed CYP/transporter inhibitor and inducer: FDA label states stiripentol inhibits and induces CYP1A2, CYP2B6, and CYP3A4, and inhibits CYP2C8, CYP2C19, P-gp, and BCRP; CYP2D6 inhibition is literature-reported but not listed in the FDA label."
stiripentol,fact_check,high,filter_enzyme_effect,incorrect,False,FDA label describes both inhibition and induction for selected CYP enzymes; a pure inhibitor filter is incomplete.,https://www.accessdata.fda.gov/drugsatfda_docs/label/2026/207223s006lbl.pdf,Inhibitor,Mixed inhibitor/inducer
stiripentol,fact_check,high,mechanism_source,incorrect,False,"The mechanism is FDA-label supported, but the source should not be named as DailyMed when a direct FDA label URL is available.",https://www.accessdata.fda.gov/drugsatfda_docs/label/2026/207223s006lbl.pdf,FDA/DailyMed labeling,"FDA prescribing information (accessdata.fda.gov label 207223s006lbl, revised 04/2026)"
stiripentol,fact_check,medium,qt_interval_effect,insufficient_evidence,False,"The FDA label states there are no relevant pharmacodynamic data, but I did not find a QT-specific statement establishing no meaningful QT effect.",https://www.accessdata.fda.gov/drugsatfda_docs/label/2026/207223s006lbl.pdf,No clinically meaningful QT effect established,No QT-specific effect statement identified in current FDA prescribing information.
stiripentol,fact_check,medium,filter_qt_effect,insufficient_evidence,False,The current FDA label does not support a specific no-meaningful-QT-effect classification.,https://www.accessdata.fda.gov/drugsatfda_docs/label/2026/207223s006lbl.pdf,No known meaningful QT effect,No QT-specific FDA-label statement identified
stiripentol,fact_check,high,evidence_sources,incorrect,False,DailyMed is impermissible for boxed-warning verification and Epilepsy Society is not in the trusted-source allowlist. FDA/NCBI/PubMed sources support the retained row facts more directly.,https://www.accessdata.fda.gov/drugsatfda_docs/label/2026/207223s006lbl.pdf; https://www.accessdata.fda.gov/scripts/opdlisting/oopd/detailedIndex.cfm?cfgridkey=266108; https://www.ncbi.nlm.nih.gov/books/NBK548951/,NCBI LiverTox anticonvulsants table; Epilepsy Society ASM list; FDA/DailyMed labeling,"FDA prescribing information (accessdata.fda.gov label 207223s006lbl, revised 04/2026); FDA Orphan Drug Designations and Approvals; NCBI LiverTox Stiripentol; PubMed RCT records"
stiripentol,rct_link_check,high,pubmed_phase_ii_iii_rct_links,wrong_drug,True,This was a randomized trial of fenfluramine 0.4 mg/kg/day vs placebo in patients receiving stiripentol-inclusive regimens. Stiripentol was not the randomized active treatment.,https://pubmed.ncbi.nlm.nih.gov/31790543/,https://pubmed.ncbi.nlm.nih.gov/31790543/,remove from stiripentol active-drug RCT list or move to background-therapy notes; requires user approval
stiripentol,rct_link_check,medium,pubmed_phase_ii_iii_rct_links,insufficient_evidence,True,"PubMed verifies a randomized placebo-controlled enrichment/withdrawal trial of stiripentol in childhood partial epilepsy, but the abstract does not state phase II/III and it is not a Dravet maximum-dose outcome source.",https://pubmed.ncbi.nlm.nih.gov/16948934/,https://pubmed.ncbi.nlm.nih.gov/16948934/,retain only if the CSV field allows placebo-controlled stiripentol seizure RCTs beyond Dravet and without explicit PubMed phase tagging; otherwise review field scope
stiripentol,outcome_check,high,diff_median_pct_change_maximum_effective_dose,incorrect,False,"The 76% value matches the mean percentage-change contrast in the Chiron2000/FDA data (-69% vs about +7%), not the median percentage-change contrast. FDA Table 5 lists median -91% for stiripentol and +7.4% for placebo in Study 1.",https://pubmed.ncbi.nlm.nih.gov/11089822/; https://www.accessdata.fda.gov/drugsatfda_docs/label/2026/207223s006lbl.pdf,76 % (drug minus placebo MPC differential at maximum effective dose/regimen: Chiron2000 stiripentol add-on to valproate and clobazam 76%),"98.4 % (drug minus placebo median percentage-change differential at maximum effective dose/regimen: Chiron2000/STICLO France stiripentol add-on to valproate and clobazam, computed from median -91% on stiripentol vs +7.4% on placebo)"
stiripentol,outcome_check,high,plot_diff_median_pct_change_maximum_effective_dose,incorrect,False,"The plotted value should match median percentage-change differential, not mean percentage-change differential.",https://pubmed.ncbi.nlm.nih.gov/11089822/; https://www.accessdata.fda.gov/drugsatfda_docs/label/2026/207223s006lbl.pdf,Chiron2000|76|https://pubmed.ncbi.nlm.nih.gov/11089822/|41,Chiron2000|98.4|https://pubmed.ncbi.nlm.nih.gov/11089822/|41
stiripentol,black_box_warning,high,fda_black_box_warning,incorrect,False,"The FDA accessdata label has no Boxed Warning section. The current cell uses DailyMed for boxed-warning verification, which is not permissible for this audit field.",https://www.accessdata.fda.gov/drugsatfda_docs/label/2026/207223s006lbl.pdf; https://api.fda.gov/drug/label.json?search=openfda.spl_set_id%3A%2258304ba8-9779-4658-811e-94ffe08c3f16%22&limit=5,No FDA boxed warning identified in selected current DailyMed label.,No FDA boxed warning identified in current FDA prescribing information.
stiripentol,proposed_row_update,medium,fda_black_box_warning_source,proposed,False,"Use FDA/openFDA, not DailyMed, for the boxed-warning field.",https://www.accessdata.fda.gov/drugsatfda_docs/label/2026/207223s006lbl.pdf; https://api.fda.gov/drug/label.json?search=openfda.spl_set_id%3A%2258304ba8-9779-4658-811e-94ffe08c3f16%22&limit=5,"FDA/DailyMed SPL; status=no_boxed_warning_in_selected_label; setid=58304ba8-9779-4658-811e-94ffe08c3f16; published=Apr 30, 2026; title=DIACOMIT (STIRIPENTOL) CAPSULE DIACOMIT (STIRIPENTOL) POWDER, FOR SUSPENSION [BIOCODEX, INC.]; url=https://dailymed.nlm.nih.gov/dailymed/drugInfo.cfm?setid=58304ba8-9779-4658-811e-94ffe08c3f16",FDA prescribing information; status=no_boxed_warning_identified_in_current_fda_label; application=NDA 207223; label=207223s006lbl; revised=04/2026; url=https://www.accessdata.fda.gov/drugsatfda_docs/label/2026/207223s006lbl.pdf; openFDA_api_url=https://api.fda.gov/drug/label.json?search=openfda.spl_set_id%3A%2258304ba8-9779-4658-811e-94ffe08c3f16%22&limit=5
stiripentol,proposed_row_update,medium,evidence_sources,proposed,False,Align row evidence with trusted-source policy and direct support for facts.,https://www.accessdata.fda.gov/drugsatfda_docs/label/2026/207223s006lbl.pdf; https://www.accessdata.fda.gov/scripts/opdlisting/oopd/detailedIndex.cfm?cfgridkey=266108; https://www.ncbi.nlm.nih.gov/books/NBK548951/,NCBI LiverTox anticonvulsants table; Epilepsy Society ASM list; FDA/DailyMed labeling,"FDA prescribing information (accessdata.fda.gov label 207223s006lbl, revised 04/2026); FDA Orphan Drug Designations and Approvals; NCBI LiverTox Stiripentol; PubMed RCT records"
stiripentol,proposed_row_update,medium,fda_black_box_warning_source,proposed,False,DailyMed is not permissible for the boxed-warning field; FDA label/openFDA should be used.,https://www.accessdata.fda.gov/drugsatfda_docs/label/2026/207223s006lbl.pdf; https://api.fda.gov/drug/label.json?search=openfda.spl_set_id%3A%2258304ba8-9779-4658-811e-94ffe08c3f16%22&limit=5,"FDA/DailyMed SPL; status=no_boxed_warning_in_selected_label; setid=58304ba8-9779-4658-811e-94ffe08c3f16; published=Apr 30, 2026; title=DIACOMIT (STIRIPENTOL) CAPSULE DIACOMIT (STIRIPENTOL) POWDER, FOR SUSPENSION [BIOCODEX, INC.]; url=https://dailymed.nlm.nih.gov/dailymed/drugInfo.cfm?setid=58304ba8-9779-4658-811e-94ffe08c3f16",FDA prescribing information; status=no_boxed_warning_identified_in_current_fda_label; application=NDA 207223; label=207223s006lbl; revised=04/2026; url=https://www.accessdata.fda.gov/drugsatfda_docs/label/2026/207223s006lbl.pdf; openFDA_api_url=https://api.fda.gov/drug/label.json?search=openfda.spl_set_id%3A%2258304ba8-9779-4658-811e-94ffe08c3f16%22&limit=5
stiripentol,proposed_row_update,medium,fda_black_box_warning,proposed,False,"Fact is supportable, but the current wording cites an impermissible DailyMed check.",https://www.accessdata.fda.gov/drugsatfda_docs/label/2026/207223s006lbl.pdf,No FDA boxed warning identified in selected current DailyMed label.,No FDA boxed warning identified in current FDA prescribing information.
stiripentol,proposed_row_update,medium,fda_black_box_warning_verified,proposed,False,Refresh date should reflect this FDA-source audit date.,https://www.accessdata.fda.gov/drugsatfda_docs/label/2026/207223s006lbl.pdf,05-20-2026,05-21-2026
stiripentol,proposed_row_update,medium,evidence_sources,proposed,False,Replaces non-allowlisted/impermissible source naming with trusted sources that directly support row facts.,https://www.accessdata.fda.gov/drugsatfda_docs/label/2026/207223s006lbl.pdf; https://www.accessdata.fda.gov/scripts/opdlisting/oopd/detailedIndex.cfm?cfgridkey=266108; https://www.ncbi.nlm.nih.gov/books/NBK548951/,NCBI LiverTox anticonvulsants table; Epilepsy Society ASM list; FDA/DailyMed labeling,"FDA prescribing information (accessdata.fda.gov label 207223s006lbl, revised 04/2026); FDA Orphan Drug Designations and Approvals; NCBI LiverTox Stiripentol; PubMed RCT records"
stiripentol,proposed_row_update,medium,mechanism_source,proposed,False,Mechanism is FDA-label supported; use the direct FDA source.,https://www.accessdata.fda.gov/drugsatfda_docs/label/2026/207223s006lbl.pdf,FDA/DailyMed labeling,"FDA prescribing information (accessdata.fda.gov label 207223s006lbl, revised 04/2026)"
stiripentol,proposed_row_update,medium,enzyme_inducing_or_inhibiting,proposed,False,Current wording is oversimplified and not fully FDA-label concordant.,https://www.accessdata.fda.gov/drugsatfda_docs/label/2026/207223s006lbl.pdf; https://pmc.ncbi.nlm.nih.gov/articles/PMC7358047/,"Potent inhibitor of CYP3A4, CYP2C19, CYP2D6 and other pathways","Mixed CYP/transporter inhibitor and inducer: FDA label states stiripentol inhibits and induces CYP1A2, CYP2B6, and CYP3A4, and inhibits CYP2C8, CYP2C19, P-gp, and BCRP; CYP2D6 inhibition is literature-reported but not listed in the FDA label."
stiripentol,proposed_row_update,medium,diff_median_pct_change_maximum_effective_dose,proposed,False,"The current 76% is a mean percentage-change contrast, not the median contrast requested by the field name.",https://pubmed.ncbi.nlm.nih.gov/11089822/; https://www.accessdata.fda.gov/drugsatfda_docs/label/2026/207223s006lbl.pdf,76 % (drug minus placebo MPC differential at maximum effective dose/regimen: Chiron2000 stiripentol add-on to valproate and clobazam 76%),"98.4 % (drug minus placebo median percentage-change differential at maximum effective dose/regimen: Chiron2000/STICLO France stiripentol add-on to valproate and clobazam, computed from median -91% on stiripentol vs +7.4% on placebo)"
stiripentol,proposed_row_update,medium,plot_diff_median_pct_change_maximum_effective_dose,proposed,False,Plot value should match median percentage-change differential.,https://pubmed.ncbi.nlm.nih.gov/11089822/; https://www.accessdata.fda.gov/drugsatfda_docs/label/2026/207223s006lbl.pdf,Chiron2000|76|https://pubmed.ncbi.nlm.nih.gov/11089822/|41,Chiron2000|98.4|https://pubmed.ncbi.nlm.nih.gov/11089822/|41
stiripentol,proposed_row_update,critical,pubmed_phase_ii_iii_rct_links,proposed,True,"Nabbout2020 randomized fenfluramine vs placebo; stiripentol was background therapy, so it is the wrong active drug for this stiripentol RCT list. This is a direct contradiction and needs user approval before removal.",https://pubmed.ncbi.nlm.nih.gov/31790543/; https://clinicaltrials.gov/study/NCT02926898,Guerrini2024|https://pubmed.ncbi.nlm.nih.gov/38722572/; Nabbout2020|https://pubmed.ncbi.nlm.nih.gov/31790543/; Chiron2006|https://pubmed.ncbi.nlm.nih.gov/16948934/; Chiron2000|https://pubmed.ncbi.nlm.nih.gov/11089822/,Guerrini2024|https://pubmed.ncbi.nlm.nih.gov/38722572/; Chiron2006|https://pubmed.ncbi.nlm.nih.gov/16948934/; Chiron2000|https://pubmed.ncbi.nlm.nih.gov/11089822/
stiripentol,proposed_row_update,medium,qt_interval_effect,proposed,False,FDA label does not provide a QT-specific no-effect statement.,https://www.accessdata.fda.gov/drugsatfda_docs/label/2026/207223s006lbl.pdf,No clinically meaningful QT effect established,No QT-specific effect statement identified in current FDA prescribing information.
stiripentol,proposed_row_update,medium,filter_formulation,proposed,False,"FDA label supports capsules and powder for oral suspension, not a ready-made liquid formulation.",https://www.accessdata.fda.gov/drugsatfda_docs/label/2026/207223s006lbl.pdf,Capsule; Liquid; Sprinkle/powder,Capsule; Powder for oral suspension
sultiame,fact_check,high,names_and_aliases,missing,False,Sulthiame and Ospolot are verified by eMC/PubMed. NCBI/NICE search strategies include additional alias terms useful to prevent duplicate rows and improve PubMed retrieval.,https://www.medicines.org.uk/emc/product/100433/smpc; https://pubmed.ncbi.nlm.nih.gov/14738417/; https://www.ncbi.nlm.nih.gov/books/NBK581162/bin/niceng217er36-appb-et1.pdf,sultiame; alternate_generic_names=sulthiame; trade_names=Ospolot; pubmed_search_aliases empty,generic_name=sultiame; alternate_generic_names=sulthiame; trade_names=Ospolot; pubmed_search_aliases=sulthiame; sultiam; sulphenytame; Ospolot; Conadil; Contravul; Elisal; Riker; Trolone
sultiame,fact_check,high,formulations_available/filter_formulation,incorrect,False,eMC currently lists Ospolot 20 mg/ml oral suspension; NCBI/Cochrane text also describes sulthiame as usually taken in tablet form in some non-US settings. The filter omits oral suspension.,https://www.medicines.org.uk/emc/product/100433/smpc; https://www.medicines.org.uk/emc/ingredient/10084; https://www.ncbi.nlm.nih.gov/pmc/articles/PMC8459749/,Tablet/oral formulation in non-U.S. markets; filter_formulation=Tablet,Tablet/oral formulation in non-U.S. markets; filter_formulation=Tablet; Oral suspension
sultiame,fact_check,medium,epilepsy_type/filter_epilepsy_type,missing_source,True,"Trusted sources support Rolandic/BECTS, focal epilepsy, and West syndrome/infantile spasms. I did not find trusted row evidence supporting an Absence epilepsy entry for sulthiame.",https://www.medicines.org.uk/emc/product/100433/smpc; https://pubmed.ncbi.nlm.nih.gov/14738417/; https://pubmed.ncbi.nlm.nih.gov/12027906/; https://pubmed.ncbi.nlm.nih.gov/16930943/,Focal; Self-limited epilepsy with centrotemporal spikes; Absence,Focal; Self-limited epilepsy with centrotemporal spikes/Rolandic epilepsy; West syndrome/infantile spasms (placebo-controlled add-on RCT evidence)
sultiame,fact_check,high,enzyme_inducing_or_inhibiting,incorrect,False,The UK SmPC states there is evidence sulthiame inhibits CYP2C19 enzyme activity. The current wording incorrectly implies no CYP inhibition.,https://www.medicines.org.uk/emc/product/100433/smpc,Carbonic anhydrase inhibitor; not a major CYP inducer/inhibitor,Carbonic anhydrase inhibitor; inhibits CYP2C19; no evidence identified for CYP induction.
sultiame,fact_check,medium,half_life_range,missing_source,True,The trusted eMC SmPC gives an adult half-life of approximately 12 h and says a shorter half-life is assumed in children; I did not find trusted support for the exact 2-16 h range.,https://www.medicines.org.uk/emc/product/100433/smpc; https://pubmed.ncbi.nlm.nih.gov/31990440/,2-16 h,Approximately 12 h in healthy adults; shorter half-life assumed in children.
sultiame,fact_check,critical,major_organ_for_metabolism/filter_metabolism,incorrect,True,"The SmPC states 80-90% is eliminated in urine, 10-20% in feces after biliary secretion, and 32% unchanged via kidneys within 24 h. It does not support 'liver/hepatic' as a major metabolism route.",https://www.medicines.org.uk/emc/product/100433/smpc,Liver and renal excretion; filter_metabolism=Liver/hepatic; Renal/no major metabolism,Predominantly renal excretion with secondary fecal excretion after biliary secretion; no major metabolism characterized in the UK SmPC. filter_metabolism=Renal/no major metabolism; Biliary/fecal excretion
sultiame,fact_check,medium,adverse_symptoms_percentages,missing_source,True,The exact percentages in the row are not supported by the UK SmPC. The SmPC gives frequency categories and only quantifies nausea/vomiting at about 10%.,https://www.medicines.org.uk/emc/product/100433/smpc; https://www.ncbi.nlm.nih.gov/pmc/articles/PMC8459749/,"GI: anorexia 15%, neurologic: paresthesia 10%, CNS: fatigue 10%, respiratory: hyperpnea 5%, dermatologic: rash 2%","GI/metabolic: lack of appetite, weight loss, nausea/vomiting about 10%; neurologic: paresthesias in extremities/face, dizziness, headache; respiratory: tachypnoea/hyperpnoea/dyspnoea/hiccups; CNS/general: tiredness/exhaustion may occur with carbonic anhydrase inhibition; dermatologic/hypersensitivity: allergic skin reactions and severe reactions including Stevens-Johnson syndrome/TEN reported, frequency not known."
sultiame,fact_check,medium,qt_interval_effect/filter_qt_effect,missing_source,False,The current negative QT wording is plausible but not directly sourced as written. The SmPC supports a narrower statement that QT prolongation is not identified in the label text reviewed.,https://www.medicines.org.uk/emc/product/100433/smpc,No established clinically meaningful QT effect,No QT-prolongation warning identified in the UK SmPC; cardiac adverse reactions listed include stenocardia and tachycardia.
sultiame,fact_check,high,evidence_sources,incorrect,False,"Wikipedia is not in the trusted source list, and DailyMed cannot support boxed-warning verification. Several retained facts need PubMed/NCBI and FDA/openFDA sources named explicitly.",https://www.medicines.org.uk/emc/product/100433/smpc; https://pubmed.ncbi.nlm.nih.gov/14738417/; https://pubmed.ncbi.nlm.nih.gov/11051123/; https://pubmed.ncbi.nlm.nih.gov/12027906/; https://pubmed.ncbi.nlm.nih.gov/11325350/; https://pubmed.ncbi.nlm.nih.gov/23543577/; https://www.accessdata.fda.gov/scripts/opdlisting/oopd/detailedIndex.cfm?cfgridkey=401213,Epilepsy Society ASM list; Wikipedia anticonvulsant drug-class list; UK eMC SmPC labeling; Sills and Rogawski 2020 ASM mechanism review; Sulthiame sodium-current mechanism study; FDA/DailyMed labeling,UK eMC SmPC labeling; PubMed/NCBI sulthiame monotherapy and add-on reviews; Debus2004 and Rating2000 PubMed RCT abstracts; Leniger2002 carbonic anhydrase mechanism study; Madeja2001 sodium-current mechanism study; FDA/openFDA labeling and FDA orphan designation search
sultiame,missing_rct,high,pubmed_phase_ii_iii_rct_links,missing,False,"PubMed abstract describes candidates for a prospective multicenter randomized double-blind placebo-controlled sulthiame study, and the NCBI/Cochrane monotherapy review treats Basnec 2005 as a sulthiame-versus-placebo BECTS study. No RR50, median percent change, or seizure-freedom differential was extractable from the abstract.",https://pubmed.ncbi.nlm.nih.gov/15813357/,,Basnec2005|https://pubmed.ncbi.nlm.nih.gov/15813357/
sultiame,black_box_warning,high,fda_black_box_warning,incorrect,False,The warning fact should not cite DailyMed under the audit rule. FDA/openFDA label searches for sultiame/sulthiame/Ospolot are the correct FDA-only basis; FDA orphan designation lists sulthiame for BECTS as not FDA approved for the orphan indication.,https://api.fda.gov/drug/label.json?search=openfda.generic_name:sultiame&limit=1; https://api.fda.gov/drug/label.json?search=openfda.generic_name:sulthiame&limit=1; https://api.fda.gov/drug/label.json?search=openfda.brand_name:Ospolot&limit=1; https://www.fda.gov/drugs/drug-approvals-and-databases/drugsfda-database; https://www.accessdata.fda.gov/scripts/opdlisting/oopd/detailedIndex.cfm?cfgridkey=401213,No current FDA/DailyMed label identified.; source says FDA/DailyMed search.,No current FDA/openFDA label identified.
sultiame,proposed_row_update,medium,evidence_sources,proposed,False,Replace non-trusted/prohibited sources and name sources that actually support retained cell facts.,https://www.medicines.org.uk/emc/product/100433/smpc; https://www.ncbi.nlm.nih.gov/pmc/articles/PMC8459749/; https://pubmed.ncbi.nlm.nih.gov/23543577/; https://pubmed.ncbi.nlm.nih.gov/14738417/; https://pubmed.ncbi.nlm.nih.gov/11051123/; https://pubmed.ncbi.nlm.nih.gov/12027906/; https://pubmed.ncbi.nlm.nih.gov/11325350/; https://www.accessdata.fda.gov/scripts/opdlisting/oopd/detailedIndex.cfm?cfgridkey=401213,Epilepsy Society ASM list; Wikipedia anticonvulsant drug-class list; UK eMC SmPC labeling; Sills and Rogawski 2020 ASM mechanism review; Sulthiame sodium-current mechanism study; FDA/DailyMed labeling,UK eMC SmPC labeling; PubMed/NCBI sulthiame monotherapy and add-on reviews; Debus2004 and Rating2000 PubMed RCT abstracts; Leniger2002 carbonic anhydrase mechanism study; Madeja2001 sodium-current mechanism study; FDA/openFDA labeling and FDA orphan designation search
sultiame,proposed_row_update,medium,mechanism_source,proposed,False,Adds the PubMed carbonic anhydrase mechanism source supporting the primary mechanism and clarifies the sodium-current source.,https://www.medicines.org.uk/emc/product/100433/smpc; https://pubmed.ncbi.nlm.nih.gov/12027906/; https://pubmed.ncbi.nlm.nih.gov/11325350/,UK eMC SmPC labeling; Sulthiame sodium-current mechanism study,UK eMC SmPC labeling; Leniger2002 carbonic anhydrase/intracellular pH mechanism study; Madeja2001 sodium-current mechanism study
sultiame,proposed_row_update,medium,fda_black_box_warning_source,proposed,False,"Boxed-warning source must be FDA/openFDA/Drugs@FDA, not DailyMed.",https://api.fda.gov/drug/label.json?search=openfda.generic_name:sultiame&limit=1; https://api.fda.gov/drug/label.json?search=openfda.generic_name:sulthiame&limit=1; https://api.fda.gov/drug/label.json?search=openfda.brand_name:Ospolot&limit=1; https://www.accessdata.fda.gov/scripts/opdlisting/oopd/detailedIndex.cfm?cfgridkey=401213,FDA/DailyMed search on 05-20-2026: no current label found for terms [sultiame; sulthiame; Ospolot].,FDA/openFDA label API searches on 05-21-2026 found no current FDA label for terms [sultiame; sulthiame; Ospolot]; FDA orphan designation record for sulthiame in BECTS lists the orphan indication as not FDA approved.
sultiame,proposed_row_update,medium,fda_black_box_warning_source,proposed,False,DailyMed is not permissible for boxed-warning verification; use FDA/openFDA/Drugs@FDA/FDA sources only.,https://api.fda.gov/drug/label.json?search=openfda.generic_name:sultiame&limit=1; https://api.fda.gov/drug/label.json?search=openfda.generic_name:sulthiame&limit=1; https://api.fda.gov/drug/label.json?search=openfda.brand_name:Ospolot&limit=1; https://www.accessdata.fda.gov/scripts/opdlisting/oopd/detailedIndex.cfm?cfgridkey=401213,FDA/DailyMed search on 05-20-2026: no current label found for terms [sultiame; sulthiame; Ospolot].,FDA/openFDA label API searches on 05-21-2026 found no current FDA label for terms [sultiame; sulthiame; Ospolot]; FDA orphan designation record for sulthiame in BECTS lists the orphan indication as not FDA approved.
sultiame,proposed_row_update,medium,fda_black_box_warning,proposed,False,Remove DailyMed wording from the boxed-warning field.,https://open.fda.gov/apis/drug/label/understanding-the-api-results/,No current FDA/DailyMed label identified.,No current FDA/openFDA label identified.
sultiame,proposed_row_update,medium,fda_black_box_warning_verified,proposed,False,Audit was refreshed against FDA/openFDA policy on 05-21-2026.,https://open.fda.gov/apis/drug/label/understanding-the-api-results/,05-20-2026,05-21-2026
sultiame,proposed_row_update,medium,pubmed_search_aliases,proposed,False,NCBI/NICE search strategies include these aliases; adding them reduces duplicate-row risk and improves literature retrieval.,https://www.ncbi.nlm.nih.gov/books/NBK581162/bin/niceng217er36-appb-et1.pdf,,sulthiame; sultiam; sulphenytame; Ospolot; Conadil; Contravul; Elisal; Riker; Trolone
sultiame,proposed_row_update,medium,pubmed_phase_ii_iii_rct_links,proposed,False,"Basnec2005 is identified by PubMed/NCBI review evidence as a sulthiame-versus-placebo BECTS study, although no outcome differential is extractable from its abstract.",https://pubmed.ncbi.nlm.nih.gov/15813357/; https://www.ncbi.nlm.nih.gov/pmc/articles/PMC8459749/,Debus2004|https://pubmed.ncbi.nlm.nih.gov/14738417/; Rating2000|https://pubmed.ncbi.nlm.nih.gov/11051123/,Debus2004|https://pubmed.ncbi.nlm.nih.gov/14738417/; Rating2000|https://pubmed.ncbi.nlm.nih.gov/11051123/; Basnec2005|https://pubmed.ncbi.nlm.nih.gov/15813357/
sultiame,proposed_row_update,medium,rct_pubmed_verification_notes,proposed,False,Updates notes for the manually verified RCT set and missing Basnec candidate.,https://pubmed.ncbi.nlm.nih.gov/14738417/; https://pubmed.ncbi.nlm.nih.gov/11051123/; https://pubmed.ncbi.nlm.nih.gov/15813357/; https://pubmed.ncbi.nlm.nih.gov/12558577/,PubMed loop 56/65 on 2026-05-15: 2 qualifying placebo-controlled randomized clinical trial report(s) retained from 4 PubMed candidate(s). Links were rebuilt from fetched PubMed PMID metadata and named FirstAuthorYear. Differential effectiveness columns summarize extractable maximum effective dose/regimen values within qualifying RCT reports.,"Manual audit on 2026-05-21: Debus2004 and Rating2000 are verified placebo-controlled randomized sulthiame clinical trial reports with extractable seizure-freedom/complete-response differentials. Basnec2005 should be considered for the RCT link field as a sulthiame-versus-placebo BECTS report, but no RR50, MPC, or seizure-freedom differential was extractable from its abstract. Bast2003 is an EEG companion report of the Rating study and is not a separate efficacy RCT."
sultiame,proposed_row_update,medium,enzyme_inducing_or_inhibiting,proposed,False,UK SmPC states evidence of CYP2C19 inhibition.,https://www.medicines.org.uk/emc/product/100433/smpc,Carbonic anhydrase inhibitor; not a major CYP inducer/inhibitor,Carbonic anhydrase inhibitor; inhibits CYP2C19; no evidence identified for CYP induction.
sultiame,proposed_row_update,medium,filter_formulation,proposed,False,Oral suspension is a verified current eMC formulation; tablet use is supported in NCBI review text/non-US context.,https://www.medicines.org.uk/emc/product/100433/smpc; https://www.ncbi.nlm.nih.gov/pmc/articles/PMC8459749/,Tablet,Tablet; Oral suspension
sultiame,proposed_row_update,critical,half_life_range,proposed,True,"The trusted SmPC supports approximately 12 h, not the exact 2-16 h range.",https://www.medicines.org.uk/emc/product/100433/smpc,2-16 h,Approximately 12 h in healthy adults; shorter half-life assumed in children.
sultiame,proposed_row_update,critical,major_organ_for_metabolism,proposed,True,Current wording overstates hepatic metabolism relative to SmPC elimination text.,https://www.medicines.org.uk/emc/product/100433/smpc,Liver and renal excretion,Predominantly renal excretion with secondary fecal excretion after biliary secretion; no major metabolism characterized in the UK SmPC.
tiagabine,fact_check,high,alternate_generic_names,missing,False,FDA labeling and Drugs@FDA use the salt name tiagabine hydrochloride/tiagabine HCl. This should be captured as an alias so the salt name is not treated as a separate drug row.,https://www.accessdata.fda.gov/drugsatfda_docs/nda/97/020646_gabitril_toc.cfm; https://www.accessdata.fda.gov/drugsatfda_docs/label/2010/020646s017lbl.pdf,,tiagabine hydrochloride; tiagabine HCl
tiagabine,fact_check,critical,adverse_symptoms_percentages,incorrect,True,"The FDA label pooled placebo-controlled add-on trial adverse-event table supports dizziness 27%, nausea 11%, tremor 9%, but lists asthenia 20%, somnolence 18%, and nervousness 10%, not 23%, 21%, and 8%.",https://www.accessdata.fda.gov/drugsatfda_docs/label/2010/020646s017lbl.pdf,"CNS: dizziness 27%, CNS: asthenia 23%, CNS: somnolence 21%, GI: nausea 11%, neurologic: tremor 9%, psychiatric: nervousness 8%","CNS: dizziness 27%, CNS: asthenia 20%, CNS: somnolence 18%, GI: nausea 11%, neurologic: tremor 9%, psychiatric: nervousness 10%"
tiagabine,fact_check,high,mechanism_of_action,incorrect,False,"FDA labeling supports GABA uptake-carrier blockade and increased GABA availability, but the cited FDA label wording does not specifically name GAT-1.",https://www.accessdata.fda.gov/drugsatfda_docs/label/2010/020646s017lbl.pdf,"Precise antiseizure mechanism is unknown, but tiagabine blocks GABA uptake by the GAT-1 GABA transporter, increasing synaptic GABA availability.","Precise antiseizure mechanism is unknown; tiagabine enhances GABA activity by binding to GABA uptake-carrier recognition sites and blocking GABA uptake into presynaptic neurons, increasing GABA available for postsynaptic receptor binding."
tiagabine,fact_check,high,mechanism_source,incorrect,False,FDA labeling supports the mechanism. DailyMed should not be needed as the named source when an FDA label URL is available.,https://www.accessdata.fda.gov/drugsatfda_docs/label/2010/020646s017lbl.pdf,FDA/DailyMed labeling,FDA labeling
tiagabine,fact_check,critical,minimum_effective_dose,incorrect,True,FDA labeling supports initiation at 4 mg once daily and usual adult maintenance of 32-56 mg/day in induced patients; it does not support 16 mg/day as a common lower maintenance dose.,https://www.accessdata.fda.gov/drugsatfda_docs/label/2010/020646s017lbl.pdf,16 mg/day common lower maintenance; titrate to 32-56 mg/day depending on enzyme-inducing ASMs,Start 4 mg once daily; titrate by 4-8 mg/week. Usual adult maintenance in enzyme-induced patients: 32-56 mg/day in 2-4 divided doses; lower/slower dosing is required in non-induced patients.
tiagabine,fact_check,medium,qt_interval_effect,missing_source,True,"The row gives no named trusted source for a QT assessment, and reviewed FDA labeling did not provide a dedicated QT-effect statement.",https://www.accessdata.fda.gov/drugsatfda_docs/label/2010/020646s017lbl.pdf,No clinically meaningful QT effect established,NR/no trusted source cited for clinically meaningful QT-effect assessment.
tiagabine,fact_check,medium,status_or_notes,missing_source,False,FDA labeling supports adjunctive use for partial seizures in patients 12 years and older. The row's limited-use characterization is not specifically sourced.,https://www.accessdata.fda.gov/drugsatfda_docs/label/2010/020646s017lbl.pdf,Current/limited-use ASM for focal/partial seizures.,Current adjunctive ASM for focal/partial seizures in adults and children 12 years and older.
tiagabine,fact_check,high,evidence_sources,incorrect,False,The current evidence_sources include DailyMed and non-listed external organizations. The proposed source list uses trusted sources that actually support the retained facts.,https://www.accessdata.fda.gov/drugsatfda_docs/nda/97/020646_gabitril_toc.cfm; https://www.accessdata.fda.gov/drugsatfda_docs/label/2010/020646s017lbl.pdf; https://www.ncbi.nlm.nih.gov/books/NBK548376/; https://www.ncbi.nlm.nih.gov/books/NBK2597/?report=reader,NCBI LiverTox anticonvulsants table; Epilepsy Society ASM list; Epilepsy Foundation Australia ASM list; FDA/DailyMed labeling,FDA/Drugs@FDA labeling; FDA/openFDA labeling; NCBI Bookshelf LiverTox; NCBI Bookshelf The Epilepsies; PubMed RCT records
tiagabine,missing_rct,high,pubmed_phase_ii_iii_rct_links,missing,False,"PubMed abstract describes a randomized, double-blind, add-on, placebo-controlled, parallel, multicenter dose-response tiagabine study, but it appears to be a secondary cognitive/quality-of-life report of the same dose-response trial rather than a primary efficacy report. Add only if the CSV intends to track all RCT reports, including secondary reports.",https://pubmed.ncbi.nlm.nih.gov/9109894/,,Dodrill1997|https://pubmed.ncbi.nlm.nih.gov/9109894/
tiagabine,black_box_warning,high,fda_black_box_warning,incorrect,False,"The no-boxed-warning conclusion is plausible, but the row cites DailyMed for the boxed-warning field, which violates the audit policy. Use FDA/openFDA or FDA label metadata instead.",https://www.accessdata.fda.gov/drugsatfda_docs/label/2010/020646s017lbl.pdf; https://api.fda.gov/drug/label.json?search=openfda.generic_name:%22tiagabine%22+OR+openfda.brand_name:%22tiagabine%22+OR+openfda.substance_name:%22tiagabine%22&limit=10,No FDA boxed warning identified in selected current DailyMed label.,No FDA boxed warning identified in reviewed FDA label/openFDA labeling.
tiagabine,proposed_row_update,medium,fda_black_box_warning_source,proposed,False,DailyMed is not permissible for FDA boxed-warning verification.,https://api.fda.gov/drug/label.json?search=openfda.generic_name:%22tiagabine%22+OR+openfda.brand_name:%22tiagabine%22+OR+openfda.substance_name:%22tiagabine%22&limit=10,"FDA/DailyMed SPL; status=no_boxed_warning_in_selected_label; setid=72b7f357-8827-4a8b-b55a-01fbce47ae80; published=Aug 08, 2016; title=GABITRIL (TIAGABINE HYDROCHLORIDE) TABLET, FILM COATED [CARILION MATERIALS MANAGEMENT]; url=https://dailymed.nlm.nih.gov/dailymed/drugInfo.cfm?setid=72b7f357-8827-4a8b-b55a-01fbce47ae80",FDA/openFDA drug label API; status=no_boxed_warning_in_selected_fda_label; spl_set_id=953ef3cc-e3cb-480f-b9ea-256520fd62b8; effective_time=20210930; title=Tiagabine Hydrochloride / TIAGABINE HYDROCHLORIDE; api_url=https://api.fda.gov/drug/label.json?search=openfda.generic_name:%22tiagabine%22+OR+openfda.brand_name:%22tiagabine%22+OR+openfda.substance_name:%22tiagabine%22&limit=10
tiagabine,proposed_row_update,medium,mechanism_source,proposed,False,Use the FDA label source that directly supports the proposed mechanism text.,https://www.accessdata.fda.gov/drugsatfda_docs/label/2010/020646s017lbl.pdf,FDA/DailyMed labeling,FDA labeling
tiagabine,proposed_row_update,medium,evidence_sources,proposed,False,Replace unsupported/non-trusted source names with trusted sources used in the audit.,https://www.accessdata.fda.gov/drugsatfda_docs/nda/97/020646_gabitril_toc.cfm; https://www.accessdata.fda.gov/drugsatfda_docs/label/2010/020646s017lbl.pdf; https://www.ncbi.nlm.nih.gov/books/NBK548376/; https://www.ncbi.nlm.nih.gov/books/NBK2597/?report=reader,NCBI LiverTox anticonvulsants table; Epilepsy Society ASM list; Epilepsy Foundation Australia ASM list; FDA/DailyMed labeling,FDA/Drugs@FDA labeling; FDA/openFDA labeling; NCBI Bookshelf LiverTox; NCBI Bookshelf The Epilepsies; PubMed RCT records
tiagabine,proposed_row_update,critical,adverse_symptoms_percentages,proposed,True,FDA label pooled placebo-controlled add-on trial adverse-event table contradicts three percentages.,https://www.accessdata.fda.gov/drugsatfda_docs/label/2010/020646s017lbl.pdf,"CNS: dizziness 27%, CNS: asthenia 23%, CNS: somnolence 21%, GI: nausea 11%, neurologic: tremor 9%, psychiatric: nervousness 8%","CNS: dizziness 27%, CNS: asthenia 20%, CNS: somnolence 18%, GI: nausea 11%, neurologic: tremor 9%, psychiatric: nervousness 10%"
tiagabine,proposed_row_update,medium,alternate_generic_names,proposed,False,Important FDA salt-name aliases are missing.,https://www.accessdata.fda.gov/drugsatfda_docs/nda/97/020646_gabitril_toc.cfm; https://www.accessdata.fda.gov/drugsatfda_docs/label/2010/020646s017lbl.pdf,,tiagabine hydrochloride; tiagabine HCl
tiagabine,proposed_row_update,medium,fda_black_box_warning,proposed,False,DailyMed is not permissible for boxed-warning verification; use FDA/openFDA/FDA label wording.,https://www.accessdata.fda.gov/drugsatfda_docs/label/2010/020646s017lbl.pdf; https://api.fda.gov/drug/label.json?search=openfda.generic_name:%22tiagabine%22+OR+openfda.brand_name:%22tiagabine%22+OR+openfda.substance_name:%22tiagabine%22&limit=10,No FDA boxed warning identified in selected current DailyMed label.,No FDA boxed warning identified in reviewed FDA label/openFDA labeling.
tiagabine,proposed_row_update,medium,fda_black_box_warning_source,proposed,False,Replace DailyMed boxed-warning source with FDA/openFDA metadata.,https://api.fda.gov/drug/label.json?search=openfda.generic_name:%22tiagabine%22+OR+openfda.brand_name:%22tiagabine%22+OR+openfda.substance_name:%22tiagabine%22&limit=10,"FDA/DailyMed SPL; status=no_boxed_warning_in_selected_label; setid=72b7f357-8827-4a8b-b55a-01fbce47ae80; published=Aug 08, 2016; title=GABITRIL (TIAGABINE HYDROCHLORIDE) TABLET, FILM COATED [CARILION MATERIALS MANAGEMENT]; url=https://dailymed.nlm.nih.gov/dailymed/drugInfo.cfm?setid=72b7f357-8827-4a8b-b55a-01fbce47ae80",FDA/openFDA drug label API; status=no_boxed_warning_in_selected_fda_label; spl_set_id=953ef3cc-e3cb-480f-b9ea-256520fd62b8; effective_time=20210930; title=Tiagabine Hydrochloride / TIAGABINE HYDROCHLORIDE; api_url=https://api.fda.gov/drug/label.json?search=openfda.generic_name:%22tiagabine%22+OR+openfda.brand_name:%22tiagabine%22+OR+openfda.substance_name:%22tiagabine%22&limit=10
tiagabine,proposed_row_update,medium,fda_black_box_warning_verified,proposed,False,Audit verification was performed on 2026-05-21 using FDA/openFDA/FDA-label sources.,https://www.accessdata.fda.gov/drugsatfda_docs/label/2010/020646s017lbl.pdf,05-20-2026,05-21-2026
tiagabine,proposed_row_update,medium,evidence_sources,proposed,False,Use named trusted sources that support the retained cell facts; remove DailyMed and non-trusted list sources.,https://www.accessdata.fda.gov/drugsatfda_docs/nda/97/020646_gabitril_toc.cfm; https://www.accessdata.fda.gov/drugsatfda_docs/label/2010/020646s017lbl.pdf; https://www.ncbi.nlm.nih.gov/books/NBK548376/; https://www.ncbi.nlm.nih.gov/books/NBK2597/?report=reader,NCBI LiverTox anticonvulsants table; Epilepsy Society ASM list; Epilepsy Foundation Australia ASM list; FDA/DailyMed labeling,FDA/Drugs@FDA labeling; FDA/openFDA labeling; NCBI Bookshelf LiverTox; NCBI Bookshelf The Epilepsies; PubMed RCT records
tiagabine,proposed_row_update,medium,mechanism_of_action,proposed,False,Align mechanism text with FDA labeling; GAT-1-specific wording is not supported by the named FDA label source.,https://www.accessdata.fda.gov/drugsatfda_docs/label/2010/020646s017lbl.pdf,"Precise antiseizure mechanism is unknown, but tiagabine blocks GABA uptake by the GAT-1 GABA transporter, increasing synaptic GABA availability.","Precise antiseizure mechanism is unknown; tiagabine enhances GABA activity by binding to GABA uptake-carrier recognition sites and blocking GABA uptake into presynaptic neurons, increasing GABA available for postsynaptic receptor binding."
tiagabine,proposed_row_update,medium,mechanism_source,proposed,False,FDA label alone supports the proposed mechanism wording.,https://www.accessdata.fda.gov/drugsatfda_docs/label/2010/020646s017lbl.pdf,FDA/DailyMed labeling,FDA labeling
tiagabine,proposed_row_update,critical,minimum_effective_dose,proposed,True,"FDA dosing text supports 4 mg initiation and usual adult maintenance of 32-56 mg/day in induced patients, not 16 mg/day as common lower maintenance.",https://www.accessdata.fda.gov/drugsatfda_docs/label/2010/020646s017lbl.pdf,16 mg/day common lower maintenance; titrate to 32-56 mg/day depending on enzyme-inducing ASMs,Start 4 mg once daily; titrate by 4-8 mg/week. Usual adult maintenance in enzyme-induced patients: 32-56 mg/day in 2-4 divided doses; lower/slower dosing is required in non-induced patients.
tiagabine,proposed_row_update,critical,qt_interval_effect,proposed,True,No trusted row source was cited for the QT claim.,https://www.accessdata.fda.gov/drugsatfda_docs/label/2010/020646s017lbl.pdf,No clinically meaningful QT effect established,NR/no trusted source cited for clinically meaningful QT-effect assessment.
tiagabine,proposed_row_update,medium,status_or_notes,proposed,False,FDA label supports current adjunctive partial-seizure use in patients 12 years and older; limited-use wording is not specifically sourced.,https://www.accessdata.fda.gov/drugsatfda_docs/label/2010/020646s017lbl.pdf,Current/limited-use ASM for focal/partial seizures.,Current adjunctive ASM for focal/partial seizures in adults and children 12 years and older.
topiramate,fact_check,high,pubmed_search_aliases,missing,False,"USL255 is the development/formulation name used for Qudexy XR/topiramate extended-release in phase III epilepsy trial literature; without this alias, the row misses relevant RCT evidence for the same active drug.",https://pubmed.ncbi.nlm.nih.gov/24902983/; https://clinicaltrials.gov/study/NCT01142193,,USL255; topiramate extended-release
topiramate,fact_check,high,mechanism_source,incorrect,False,The mechanism is supported by FDA labeling; the row should cite the FDA label directly rather than mixed FDA/DailyMed wording.,https://www.accessdata.fda.gov/drugsatfda_docs/label/2026/020505s068lbl.pdf,FDA/DailyMed labeling,FDA TOPAMAX prescribing information (Drugs@FDA label)
topiramate,fact_check,critical,maximum_approved_daily_dose,incorrect,True,"Current FDA labeling supports 400 mg/day as the adult epilepsy dose ceiling for labeled use. The ""up to 1000 mg/day"" phrase reflects older trial dose-ranging, not a current approved daily dose statement in the cited current FDA label.",https://www.accessdata.fda.gov/drugsatfda_docs/label/2026/020505s068lbl.pdf,400 mg/day for most adult epilepsy indications; up to 1000 mg/day in older adjunctive labeling,"400 mg/day for current FDA-approved adult epilepsy indications; adult adjunctive partial-onset/LGS dosing is 200-400 mg/day, adult adjunctive PGTC and monotherapy dosing is 400 mg/day, and doses above 400 mg/day have not been shown to improve adult partial-onset responses."
topiramate,fact_check,critical,typical_doses_per_day,incorrect,True,"The current FDA label supports 200-400 mg/day adult adjunctive partial-onset/LGS dosing and 400 mg/day adult PGTC/monotherapy dosing. The ""higher"" phrase is not supported as current typical approved dosing.",https://www.accessdata.fda.gov/drugsatfda_docs/label/2026/020505s068lbl.pdf,Adults epilepsy: 200-400 mg/day divided or once daily XR; higher for some adjunctive regimens,Adults epilepsy: 200-400 mg/day; immediate-release products are generally given in two divided doses and extended-release products once daily.
topiramate,fact_check,critical,adverse_symptoms_percentages,incorrect,True,The current values mix percentages from different dose/indication contexts and are not supported as a coherent set by the current FDA label table for adult adjunctive epilepsy at 200-400 mg/day.,https://www.accessdata.fda.gov/drugsatfda_docs/label/2026/020505s068lbl.pdf,"Neurologic: paresthesia 51%, CNS: somnolence 29%, CNS: dizziness 25%, cognitive: psychomotor slowing 21%, constitutional: fatigue 16%, metabolic: weight loss 16%","Adult adjunctive epilepsy, FDA recommended-dose pooled trials: CNS: somnolence 29%, CNS: dizziness 25%, constitutional: fatigue 15%, cognitive: psychomotor slowing 13%, neurologic: paresthesia 11%, metabolic: weight loss 9%"
topiramate,fact_check,high,evidence_sources,incorrect,False,"Epilepsy Society and Epilepsy Foundation Australia are not in the provided trusted-domain list, and DailyMed is impermissible for boxed-warning verification. The retained facts can be supported by FDA, NCBI, PubMed, and ClinicalTrials.gov sources.",https://www.accessdata.fda.gov/drugsatfda_docs/label/2026/020505s068lbl.pdf; https://www.ncbi.nlm.nih.gov/books/NBK548632/; https://clinicaltrials.gov/study/NCT01142193,NCBI LiverTox anticonvulsants table; Epilepsy Society ASM list; Epilepsy Foundation Australia ASM list; FDA/DailyMed labeling,FDA TOPAMAX prescribing information; FDA/openFDA labeling; NCBI LiverTox topiramate; PubMed RCT abstracts; ClinicalTrials.gov records
topiramate,missing_rct,high,pubmed_phase_ii_iii_rct_links,missing,False,"USL255 is Qudexy XR/topiramate extended-release. PREVAIL was a global phase III randomized, double-blind, placebo-controlled adjunctive trial in refractory partial-onset seizures, so it is same-active-drug RCT evidence and should not be omitted because the alias differs from generic topiramate.",https://pubmed.ncbi.nlm.nih.gov/24902983/,,Chung2014|https://pubmed.ncbi.nlm.nih.gov/24902983/
topiramate,missing_rct,high,pubmed_phase_ii_iii_rct_links,missing,False,"This is a randomized, double-blind, placebo-controlled adjunctive topiramate epilepsy trial. It appears underpowered/negative and does not add extractable maximum-effective-dose outcome values, but it qualifies for the PubMed RCT link list.",https://pubmed.ncbi.nlm.nih.gov/16140593/,,Kerr2005|https://pubmed.ncbi.nlm.nih.gov/16140593/
topiramate,outcome_check,high,diff_50_responder_maximum_effective_dose,incorrect,False,"Existing immediate-release topiramate RR50 differentials are supported by the cited RCT abstracts/tables, but the same-drug USL255/Qudexy XR phase III RCT reports an extractable placebo-adjusted RR50 differential of 37.9% minus 23.2% = 14.7%, which changes the minimum of the range.",https://pubmed.ncbi.nlm.nih.gov/24902983/; https://clinicaltrials.gov/study/NCT01142193; https://pubmed.ncbi.nlm.nih.gov/21672344/; https://pubmed.ncbi.nlm.nih.gov/10999555/; https://pubmed.ncbi.nlm.nih.gov/10612342/; https://pubmed.ncbi.nlm.nih.gov/10371538/; https://pubmed.ncbi.nlm.nih.gov/10227615/; https://pubmed.ncbi.nlm.nih.gov/10227614/,19-43 % (drug minus placebo RR50 differential...),14.7-43 % (drug minus placebo RR50 differential at maximum effective dose/regimen; add Chung2014 USL255/topiramate ER 200 mg/day 14.7% to the existing verified entries)
topiramate,outcome_check,high,diff_median_pct_change_maximum_effective_dose,incorrect,False,"Existing immediate-release median percent-change differentials are supported, but FDA review/USL255 trial evidence reports median seizure-frequency reduction of 39.50% with USL255 versus 21.65% with placebo, differential 17.85% rounded to 17.9%, changing the minimum range.",https://www.accessdata.fda.gov/drugsatfda_docs/nda/2014/205122Orig1s000MedR.pdf; https://pubmed.ncbi.nlm.nih.gov/24902983/; https://pubmed.ncbi.nlm.nih.gov/12225311/; https://pubmed.ncbi.nlm.nih.gov/10612342/; https://pubmed.ncbi.nlm.nih.gov/10371538/; https://pubmed.ncbi.nlm.nih.gov/10227615/; https://pubmed.ncbi.nlm.nih.gov/10227614/,19.9-58 % (drug minus placebo MPC differential...),17.9-58 % (drug minus placebo MPC differential at maximum effective dose/regimen; add Chung2014 USL255/topiramate ER 200 mg/day 17.9% to the existing verified entries)
topiramate,black_box_warning,high,fda_black_box_warning,incorrect,False,"The no-boxed-warning conclusion is supported by FDA labeling, but the current row wording and source rely on DailyMed, which is not permissible for the boxed-warning field under the audit rule.",https://www.accessdata.fda.gov/drugsatfda_docs/label/2026/020505s068lbl.pdf; https://api.fda.gov/drug/label.json?search=openfda.spl_set_id%3A%22e2a4df59-fead-4a01-9021-9eda02c48010%22&limit=5,No FDA boxed warning identified in selected current DailyMed label.,No FDA boxed warning identified in selected current FDA label.
topiramate,proposed_row_update,medium,fda_black_box_warning_source,proposed,False,DailyMed is not permissible for boxed-warning verification in this audit.,https://www.accessdata.fda.gov/drugsatfda_docs/label/2026/020505s068lbl.pdf; https://api.fda.gov/drug/label.json?search=openfda.spl_set_id%3A%22e2a4df59-fead-4a01-9021-9eda02c48010%22&limit=5,"FDA/DailyMed SPL; status=no_boxed_warning_in_selected_label; setid=e2a4df59-fead-4a01-9021-9eda02c48010; published=Mar 23, 2026; title=EPRONTIA (TOPIRAMATE) SOLUTION [AZURITY PHARMACEUTICALS, INC.]; url=https://dailymed.nlm.nih.gov/dailymed/drugInfo.cfm?setid=e2a4df59-fead-4a01-9021-9eda02c48010",FDA label and FDA/openFDA only; status=no_boxed_warning_identified_in_selected_fda_sources; TOPAMAX label revised 03/2026 url=https://www.accessdata.fda.gov/drugsatfda_docs/label/2026/020505s068lbl.pdf; EPRONTIA/topiramate openFDA label API spl_set_id=e2a4df59-fead-4a01-9021-9eda02c48010 api_url=https://api.fda.gov/drug/label.json?search=openfda.spl_set_id%3A%22e2a4df59-fead-4a01-9021-9eda02c48010%22&limit=5
topiramate,proposed_row_update,medium,mechanism_source,proposed,False,Mechanism text is directly supported by FDA label section 12.1; cite FDA label rather than DailyMed wording.,https://www.accessdata.fda.gov/drugsatfda_docs/label/2026/020505s068lbl.pdf,FDA/DailyMed labeling,FDA TOPAMAX prescribing information (Drugs@FDA label)
topiramate,proposed_row_update,medium,evidence_sources,proposed,False,Replaces non-trusted or insufficiently specific source names with trusted sources that support the row facts.,https://www.accessdata.fda.gov/drugsatfda_docs/label/2026/020505s068lbl.pdf; https://www.ncbi.nlm.nih.gov/books/NBK548632/; https://clinicaltrials.gov/study/NCT01142193; https://pubmed.ncbi.nlm.nih.gov/24902983/,NCBI LiverTox anticonvulsants table; Epilepsy Society ASM list; Epilepsy Foundation Australia ASM list; FDA/DailyMed labeling,FDA TOPAMAX prescribing information; FDA/openFDA labeling; NCBI LiverTox topiramate; PubMed RCT abstracts; ClinicalTrials.gov records
topiramate,proposed_row_update,medium,pubmed_search_aliases,proposed,False,USL255/Qudexy XR is a topiramate extended-release alias used in phase III RCT literature.,https://pubmed.ncbi.nlm.nih.gov/24902983/; https://clinicaltrials.gov/study/NCT01142193,,USL255; topiramate extended-release
topiramate,proposed_row_update,medium,pubmed_phase_ii_iii_rct_links,proposed,False,Adds missing same-active-drug placebo-controlled randomized trial reports for USL255/topiramate ER and Kerr2005.,https://pubmed.ncbi.nlm.nih.gov/24902983/; https://pubmed.ncbi.nlm.nih.gov/16140593/,Zhang2011|https://pubmed.ncbi.nlm.nih.gov/21672344/; Novotny2010|https://pubmed.ncbi.nlm.nih.gov/20089937/; Guberman2002|https://pubmed.ncbi.nlm.nih.gov/12225311/; Yen2000|https://pubmed.ncbi.nlm.nih.gov/10999555/; Sachdeo1999|https://pubmed.ncbi.nlm.nih.gov/10371538/; PMID1999|https://pubmed.ncbi.nlm.nih.gov/10612342/; Elterman1999|https://pubmed.ncbi.nlm.nih.gov/10227615/; Biton1999|https://pubmed.ncbi.nlm.nih.gov/10227614/; Faught1997|https://pubmed.ncbi.nlm.nih.gov/9092954/; Tassinari1996|https://pubmed.ncbi.nlm.nih.gov/8764816/; Sharief1996|https://pubmed.ncbi.nlm.nih.gov/8956919/; Privitera1996|https://pubmed.ncbi.nlm.nih.gov/8649569/; Faught1996|https://pubmed.ncbi.nlm.nih.gov/8649570/; BenMenachem1996|https://pubmed.ncbi.nlm.nih.gov/8641230/,Chung2014|https://pubmed.ncbi.nlm.nih.gov/24902983/; Zhang2011|https://pubmed.ncbi.nlm.nih.gov/21672344/; Novotny2010|https://pubmed.ncbi.nlm.nih.gov/20089937/; Kerr2005|https://pubmed.ncbi.nlm.nih.gov/16140593/; Guberman2002|https://pubmed.ncbi.nlm.nih.gov/12225311/; Yen2000|https://pubmed.ncbi.nlm.nih.gov/10999555/; Sachdeo1999|https://pubmed.ncbi.nlm.nih.gov/10371538/; PMID1999|https://pubmed.ncbi.nlm.nih.gov/10612342/; Elterman1999|https://pubmed.ncbi.nlm.nih.gov/10227615/; Biton1999|https://pubmed.ncbi.nlm.nih.gov/10227614/; Faught1997|https://pubmed.ncbi.nlm.nih.gov/9092954/; Tassinari1996|https://pubmed.ncbi.nlm.nih.gov/8764816/; Sharief1996|https://pubmed.ncbi.nlm.nih.gov/8956919/; Privitera1996|https://pubmed.ncbi.nlm.nih.gov/8649569/; Faught1996|https://pubmed.ncbi.nlm.nih.gov/8649570/; BenMenachem1996|https://pubmed.ncbi.nlm.nih.gov/8641230/
topiramate,proposed_row_update,medium,diff_50_responder_maximum_effective_dose,proposed,False,Includes missing USL255/topiramate ER phase III RCT outcome; existing listed immediate-release values otherwise check out.,https://pubmed.ncbi.nlm.nih.gov/24902983/,19-43 % (drug minus placebo RR50 differential at maximum effective dose/regimen: Zhang2011 topiramate 200 mg/day 40.3%; Yen2000 topiramate 300 mg/day 34.8%; PMID1999 topiramate 600 mg/day 37.7%; Sachdeo1999 topiramate approximately 6 mg/kg/day 25%; Elterman1999 topiramate 6 mg/kg/day 19%; Biton1999 topiramate approximately 6 mg/kg/day 36%; Sharief1996 topiramate 400 mg/day 27%; Tassinari1996 topiramate 600 mg/day 37%; Faught1996 topiramate 400 mg/day 29%; Privitera1996 topiramate 600 mg/day 35%; BenMenachem1996 topiramate up to 800 mg/day 43%),14.7-43 % (drug minus placebo RR50 differential at maximum effective dose/regimen: Chung2014 USL255/topiramate ER 200 mg/day 14.7%; Zhang2011 topiramate 200 mg/day 40.3%; Yen2000 topiramate 300 mg/day 34.8%; PMID1999 topiramate 600 mg/day 37.7%; Sachdeo1999 topiramate approximately 6 mg/kg/day 25%; Elterman1999 topiramate 6 mg/kg/day 19%; Biton1999 topiramate approximately 6 mg/kg/day 36%; Sharief1996 topiramate 400 mg/day 27%; Tassinari1996 topiramate 600 mg/day 37%; Faught1996 topiramate 400 mg/day 29%; Privitera1996 topiramate 600 mg/day 35%; BenMenachem1996 topiramate up to 800 mg/day 43%)
topiramate,proposed_row_update,medium,plot_diff_50_responder_maximum_effective_dose,proposed,False,Adds same-active-drug USL255/topiramate ER RR50 differential.,https://pubmed.ncbi.nlm.nih.gov/24902983/,Zhang2011|40.3|https://pubmed.ncbi.nlm.nih.gov/21672344/|86; Yen2000|34.8|https://pubmed.ncbi.nlm.nih.gov/10999555/|46; Sachdeo1999|25|https://pubmed.ncbi.nlm.nih.gov/10371538/|98; PMID1999|37.7|https://pubmed.ncbi.nlm.nih.gov/10612342/|177; Elterman1999|19|https://pubmed.ncbi.nlm.nih.gov/10227615/|86; Biton1999|36|https://pubmed.ncbi.nlm.nih.gov/10227614/|80; Tassinari1996|37|https://pubmed.ncbi.nlm.nih.gov/8764816/|60; Sharief1996|27|https://pubmed.ncbi.nlm.nih.gov/8956919/|47; Privitera1996|35|https://pubmed.ncbi.nlm.nih.gov/8649569/|190; Faught1996|29|https://pubmed.ncbi.nlm.nih.gov/8649570/|181; BenMenachem1996|43|https://pubmed.ncbi.nlm.nih.gov/8641230/|56,Chung2014|14.7|https://pubmed.ncbi.nlm.nih.gov/24902983/|249; Zhang2011|40.3|https://pubmed.ncbi.nlm.nih.gov/21672344/|86; Yen2000|34.8|https://pubmed.ncbi.nlm.nih.gov/10999555/|46; Sachdeo1999|25|https://pubmed.ncbi.nlm.nih.gov/10371538/|98; PMID1999|37.7|https://pubmed.ncbi.nlm.nih.gov/10612342/|177; Elterman1999|19|https://pubmed.ncbi.nlm.nih.gov/10227615/|86; Biton1999|36|https://pubmed.ncbi.nlm.nih.gov/10227614/|80; Tassinari1996|37|https://pubmed.ncbi.nlm.nih.gov/8764816/|60; Sharief1996|27|https://pubmed.ncbi.nlm.nih.gov/8956919/|47; Privitera1996|35|https://pubmed.ncbi.nlm.nih.gov/8649569/|190; Faught1996|29|https://pubmed.ncbi.nlm.nih.gov/8649570/|181; BenMenachem1996|43|https://pubmed.ncbi.nlm.nih.gov/8641230/|56
topiramate,proposed_row_update,medium,diff_median_pct_change_maximum_effective_dose,proposed,False,Adds same-active-drug USL255/topiramate ER median percent-change differential.,https://www.accessdata.fda.gov/drugsatfda_docs/nda/2014/205122Orig1s000MedR.pdf; https://pubmed.ncbi.nlm.nih.gov/24902983/,19.9-58 % (drug minus placebo MPC differential at maximum effective dose/regimen: Guberman2002 topiramate 200 mg/day 24%; PMID1999 topiramate 600 mg/day 42.2%; Sachdeo1999 topiramate approximately 6 mg/kg/day 19.9%; Elterman1999 topiramate 6 mg/kg/day 22.6%; Biton1999 topiramate approximately 6 mg/kg/day 47.7%; Sharief1996 topiramate 400 mg/day 40%; Tassinari1996 topiramate 600 mg/day 58%; Faught1996 topiramate 400 mg/day 35%; Privitera1996 topiramate 600 mg/day 40%; BenMenachem1996 topiramate up to 800 mg/day 54%),17.9-58 % (drug minus placebo MPC differential at maximum effective dose/regimen: Chung2014 USL255/topiramate ER 200 mg/day 17.9%; Guberman2002 topiramate 200 mg/day 24%; PMID1999 topiramate 600 mg/day 42.2%; Sachdeo1999 topiramate approximately 6 mg/kg/day 19.9%; Elterman1999 topiramate 6 mg/kg/day 22.6%; Biton1999 topiramate approximately 6 mg/kg/day 47.7%; Sharief1996 topiramate 400 mg/day 40%; Tassinari1996 topiramate 600 mg/day 58%; Faught1996 topiramate 400 mg/day 35%; Privitera1996 topiramate 600 mg/day 40%; BenMenachem1996 topiramate up to 800 mg/day 54%)
topiramate,proposed_row_update,medium,plot_diff_median_pct_change_maximum_effective_dose,proposed,False,Adds same-active-drug USL255/topiramate ER MPC differential.,https://www.accessdata.fda.gov/drugsatfda_docs/nda/2014/205122Orig1s000MedR.pdf; https://pubmed.ncbi.nlm.nih.gov/24902983/,Guberman2002|24|https://pubmed.ncbi.nlm.nih.gov/12225311/|263; Sachdeo1999|19.9|https://pubmed.ncbi.nlm.nih.gov/10371538/|98; PMID1999|42.2|https://pubmed.ncbi.nlm.nih.gov/10612342/|177; Elterman1999|22.6|https://pubmed.ncbi.nlm.nih.gov/10227615/|86; Biton1999|47.7|https://pubmed.ncbi.nlm.nih.gov/10227614/|80; Tassinari1996|58|https://pubmed.ncbi.nlm.nih.gov/8764816/|60; Sharief1996|40|https://pubmed.ncbi.nlm.nih.gov/8956919/|47; Privitera1996|40|https://pubmed.ncbi.nlm.nih.gov/8649569/|190; Faught1996|35|https://pubmed.ncbi.nlm.nih.gov/8649570/|181; BenMenachem1996|54|https://pubmed.ncbi.nlm.nih.gov/8641230/|56,Chung2014|17.9|https://pubmed.ncbi.nlm.nih.gov/24902983/|249; Guberman2002|24|https://pubmed.ncbi.nlm.nih.gov/12225311/|263; Sachdeo1999|19.9|https://pubmed.ncbi.nlm.nih.gov/10371538/|98; PMID1999|42.2|https://pubmed.ncbi.nlm.nih.gov/10612342/|177; Elterman1999|22.6|https://pubmed.ncbi.nlm.nih.gov/10227615/|86; Biton1999|47.7|https://pubmed.ncbi.nlm.nih.gov/10227614/|80; Tassinari1996|58|https://pubmed.ncbi.nlm.nih.gov/8764816/|60; Sharief1996|40|https://pubmed.ncbi.nlm.nih.gov/8956919/|47; Privitera1996|40|https://pubmed.ncbi.nlm.nih.gov/8649569/|190; Faught1996|35|https://pubmed.ncbi.nlm.nih.gov/8649570/|181; BenMenachem1996|54|https://pubmed.ncbi.nlm.nih.gov/8641230/|56
topiramate,proposed_row_update,critical,maximum_approved_daily_dose,proposed,True,Current FDA labeling does not support 1000 mg/day as a current approved dose statement.,https://www.accessdata.fda.gov/drugsatfda_docs/label/2026/020505s068lbl.pdf,400 mg/day for most adult epilepsy indications; up to 1000 mg/day in older adjunctive labeling,"400 mg/day for current FDA-approved adult epilepsy indications; adult adjunctive partial-onset/LGS dosing is 200-400 mg/day, adult adjunctive PGTC and monotherapy dosing is 400 mg/day, and doses above 400 mg/day have not been shown to improve adult partial-onset responses."
topiramate,proposed_row_update,critical,typical_doses_per_day,proposed,True,Removes unsupported current-dose wording about higher adjunctive regimens.,https://www.accessdata.fda.gov/drugsatfda_docs/label/2026/020505s068lbl.pdf,Adults epilepsy: 200-400 mg/day divided or once daily XR; higher for some adjunctive regimens,Adults epilepsy: 200-400 mg/day; immediate-release products are generally given in two divided doses and extended-release products once daily.
topiramate,proposed_row_update,critical,adverse_symptoms_percentages,proposed,True,Replaces mixed-context adverse-event percentages with a coherent FDA-label table for adult adjunctive epilepsy at recommended doses.,https://www.accessdata.fda.gov/drugsatfda_docs/label/2026/020505s068lbl.pdf,"Neurologic: paresthesia 51%, CNS: somnolence 29%, CNS: dizziness 25%, cognitive: psychomotor slowing 21%, constitutional: fatigue 16%, metabolic: weight loss 16%","Adult adjunctive epilepsy, FDA recommended-dose pooled trials: CNS: somnolence 29%, CNS: dizziness 25%, constitutional: fatigue 15%, cognitive: psychomotor slowing 13%, neurologic: paresthesia 11%, metabolic: weight loss 9%"
topiramate,proposed_row_update,medium,data_most_recently_refreshed,proposed,False,Audit performed with current-date source checks on 2026-05-21.,,05-20-2026,05-21-2026
trimethadione,fact_check,high,alternate_generic_names,missing,False,NCBI MeSH lists Troxidone and Trimetin as entry terms for trimethadione. Tridione is already captured as the trade name.,https://www.ncbi.nlm.nih.gov/mesh/68014293,,Troxidone; Trimetin
trimethadione,fact_check,high,pubmed_search_aliases,incorrect,False,PubMed/MeSH search should include the MeSH entry terms to avoid duplicate alias rows and improve retrieval.,https://www.ncbi.nlm.nih.gov/mesh/68014293,Tridione,Tridione; Troxidone; Trimetin
trimethadione,fact_check,critical,epilepsy_type,incorrect,True,FDA label states Tridione is indicated for control of refractory petit mal seizures; the current row incorrectly says no specific FDA-labeled seizure category is available.,https://www.accessdata.fda.gov/drugsatfda_docs/label/2012/005856s021lbl.pdf,Historical/unspecified epilepsy (specific FDA-labeled seizure category not available from Orange Book listing),Petit mal/absence seizures refractory to treatment with other drugs (historical FDA-labeled indication).
trimethadione,fact_check,critical,adverse_symptoms_percentages,incorrect,True,"FDA label lists adverse reactions by category, but without percentage incidence; the no-label rationale is contradicted by the FDA label.",https://www.accessdata.fda.gov/drugsatfda_docs/label/2012/005856s021lbl.pdf,N/A 0%: no current FDA/DailyMed label identified; FDA Orange Book product listing does not provide adverse-event percentages.,N/A - FDA-approved Tridione label lists adverse reactions but does not provide incidence percentages.
trimethadione,fact_check,critical,major_organ_for_metabolism,incorrect,True,FDA label provides metabolism information identifying liver microsomal demethylation.,https://www.accessdata.fda.gov/drugsatfda_docs/label/2012/005856s021lbl.pdf,N/A - no current FDA/DailyMed label located and FDA Orange Book product listing does not provide metabolism information.,Liver - trimethadione is demethylated by liver microsomes to active metabolite dimethadione.
trimethadione,fact_check,critical,filter_metabolism,incorrect,True,"The label identifies liver microsomal metabolism, so the filter should not remain limited/unknown if hepatic is an available category.",https://www.accessdata.fda.gov/drugsatfda_docs/label/2012/005856s021lbl.pdf,Limited/unknown,Hepatic/liver microsomal
trimethadione,fact_check,critical,enzyme_inducing_or_inhibiting,incorrect,True,"N/A is plausible, but the row rationale should cite the FDA label rather than saying no label exists.",https://www.accessdata.fda.gov/drugsatfda_docs/label/2012/005856s021lbl.pdf,N/A - no current FDA/DailyMed label located and FDA Orange Book product listing does not describe enzyme induction or inhibition.,N/A - FDA label does not state that trimethadione induces or inhibits drug-metabolizing enzymes.
trimethadione,fact_check,critical,half_life_range,incorrect,True,"FDA label describes absorption, metabolism, and excretion but does not state a half-life.",https://www.accessdata.fda.gov/drugsatfda_docs/label/2012/005856s021lbl.pdf,N/A - no current FDA/DailyMed label located and FDA Orange Book product listing does not provide half-life.,N/A - FDA label does not state a half-life.
trimethadione,fact_check,critical,qt_interval_effect,incorrect,True,"No QT text was found in the FDA label, but the no-label rationale is incorrect.",https://www.accessdata.fda.gov/drugsatfda_docs/label/2012/005856s021lbl.pdf,N/A - no current FDA/DailyMed label located and FDA Orange Book product listing does not describe QT effect.,N/A - FDA label does not describe a QT interval effect.
trimethadione,fact_check,critical,maximum_approved_daily_dose,incorrect,True,FDA label provides adult dosage range and divided dosing.,https://www.accessdata.fda.gov/drugsatfda_docs/label/2012/005856s021lbl.pdf,N/A - no current FDA/DailyMed label located and FDA Orange Book product listing does not provide a maximum approved daily dose.,2.4 g/day (usual adult dosage range 0.9-2.4 g/day).
trimethadione,fact_check,critical,minimum_effective_dose,incorrect,True,FDA label provides initial adult dosing and maintenance principle.,https://www.accessdata.fda.gov/drugsatfda_docs/label/2012/005856s021lbl.pdf,N/A - no current FDA/DailyMed label located and FDA Orange Book product listing does not provide a minimum effective dose.,Adult initial dose 0.9 g/day; FDA label does not state a fixed minimum effective dose and says maintenance should be the least amount required to maintain control.
trimethadione,fact_check,critical,typical_doses_per_day,incorrect,True,FDA label states adult and pediatric dosing is given in 3 or 4 divided doses.,https://www.accessdata.fda.gov/drugsatfda_docs/label/2012/005856s021lbl.pdf,N/A - no current FDA/DailyMed label located and FDA Orange Book product listing does not provide dosing.,3 or 4 divided doses daily.
trimethadione,fact_check,critical,mechanism_of_action,incorrect,True,FDA label provides limited pharmacology; Orange Book alone is not the best mechanism source.,https://www.accessdata.fda.gov/drugsatfda_docs/label/2012/005856s021lbl.pdf,N/A - no current FDA/DailyMed label located; FDA Orange Book confirms historical U.S. product approval/listing but does not provide mechanism of action.,"Unclear/limited - FDA label identifies trimethadione as an oxazolidinedione antiepileptic and describes animal anticonvulsant activity, but does not state a molecular mechanism."
trimethadione,fact_check,critical,mechanism_source,incorrect,True,"The mechanism/pharmacology facts are supported by the FDA label, not the Orange Book products file.",https://www.accessdata.fda.gov/drugsatfda_docs/label/2012/005856s021lbl.pdf,FDA Orange Book products file,FDA accessdata Tridione label (Description/Clinical Pharmacology)
trimethadione,fact_check,critical,evidence_sources,incorrect,True,"DailyMed should not be used for the black-box field, and the FDA accessdata label is needed for indication, dosing, metabolism, adverse reactions, and warning facts.",https://www.accessdata.fda.gov/drugsatfda_docs/label/2012/005856s021lbl.pdf; https://www.fda.gov/drugs/drug-approvals-and-databases/orange-book-data-files; https://www.ncbi.nlm.nih.gov/mesh/68014293; https://www.epilepsy.com/stories/community-corner-new-drug-alerts,FDA Orange Book products file; FDA/DailyMed labeling,FDA Orange Book products file; FDA accessdata/Drugs@FDA Tridione (trimethadione) label; NCBI MeSH/PubMed search audit; Epilepsy Foundation availability note.
trimethadione,black_box_warning,critical,fda_black_box_warning,incorrect,True,The FDA accessdata label for Tridione (trimethadione) exists and contains a top-of-label warning. DailyMed was not used for this check.,https://www.accessdata.fda.gov/drugsatfda_docs/label/2012/005856s021lbl.pdf; https://www.accessdata.fda.gov/drugsatfda_docs/appletter/2012/005856s021ltr.pdf,No current FDA/DailyMed label identified.,Potential fetal malformations and serious side effects; reserve Tridione for petit mal seizures not controlled by less toxic drugs.
trimethadione,proposed_row_update,critical,evidence_sources,proposed,True,"DailyMed should not be used for black-box verification, and the FDA accessdata label supports many row facts currently marked unavailable.",https://www.accessdata.fda.gov/drugsatfda_docs/label/2012/005856s021lbl.pdf; https://www.fda.gov/drugs/drug-approvals-and-databases/orange-book-data-files; https://www.ncbi.nlm.nih.gov/mesh/68014293; https://www.epilepsy.com/stories/community-corner-new-drug-alerts,FDA Orange Book products file; FDA/DailyMed labeling,FDA Orange Book products file; FDA accessdata/Drugs@FDA Tridione (trimethadione) label; NCBI MeSH/PubMed search audit; Epilepsy Foundation availability note.
trimethadione,proposed_row_update,critical,fda_black_box_warning_source,proposed,True,FDA label was found; DailyMed is not permissible for this field.,https://www.accessdata.fda.gov/drugsatfda_docs/label/2012/005856s021lbl.pdf; https://www.accessdata.fda.gov/drugsatfda_docs/appletter/2012/005856s021ltr.pdf,FDA/DailyMed search on 05-20-2026: no current label found for terms [trimethadione; Tridione].,"FDA accessdata Tridione (trimethadione) label, NDA 005856/S-021, approved 06-06-2012; top warning/boxed warning verified 05-21-2026."
trimethadione,proposed_row_update,critical,mechanism_source,proposed,True,Orange Book does not support the mechanism/pharmacology wording; FDA label does.,https://www.accessdata.fda.gov/drugsatfda_docs/label/2012/005856s021lbl.pdf,FDA Orange Book products file,FDA accessdata Tridione label (Description/Clinical Pharmacology)
trimethadione,proposed_row_update,medium,data_most_recently_refreshed,proposed,False,Audit performed against FDA/NCBI/PubMed sources on 05-21-2026.,https://www.accessdata.fda.gov/drugsatfda_docs/label/2012/005856s021lbl.pdf,05-20-2026,05-21-2026
trimethadione,proposed_row_update,critical,adverse_symptoms_percentages,proposed,True,FDA label exists and lists adverse reactions without incidence rates.,https://www.accessdata.fda.gov/drugsatfda_docs/label/2012/005856s021lbl.pdf,N/A 0%: no current FDA/DailyMed label identified; FDA Orange Book product listing does not provide adverse-event percentages.,N/A - FDA-approved Tridione label lists adverse reactions but does not provide incidence percentages.
trimethadione,proposed_row_update,medium,alternate_generic_names,proposed,False,NCBI MeSH entry terms for trimethadione.,https://www.ncbi.nlm.nih.gov/mesh/68014293,,Troxidone; Trimetin
trimethadione,proposed_row_update,critical,epilepsy_type,proposed,True,FDA label gives the seizure category.,https://www.accessdata.fda.gov/drugsatfda_docs/label/2012/005856s021lbl.pdf,Historical/unspecified epilepsy (specific FDA-labeled seizure category not available from Orange Book listing),Petit mal/absence seizures refractory to treatment with other drugs (historical FDA-labeled indication).
trimethadione,proposed_row_update,critical,filter_epilepsy_type,proposed,True,Align filter with FDA-labeled indication.,https://www.accessdata.fda.gov/drugsatfda_docs/label/2012/005856s021lbl.pdf,Historical/unspecified epilepsy,Petit mal/absence seizures
trimethadione,proposed_row_update,critical,fda_black_box_warning,proposed,True,FDA accessdata label contains a top warning; DailyMed was not used.,https://www.accessdata.fda.gov/drugsatfda_docs/label/2012/005856s021lbl.pdf; https://www.accessdata.fda.gov/drugsatfda_docs/appletter/2012/005856s021ltr.pdf,No current FDA/DailyMed label identified.,Potential fetal malformations and serious side effects; reserve Tridione for petit mal seizures not controlled by less toxic drugs.
trimethadione,proposed_row_update,critical,fda_black_box_warning_source,proposed,True,Black-box warning verification must use FDA sources only; FDA label was identified.,https://www.accessdata.fda.gov/drugsatfda_docs/label/2012/005856s021lbl.pdf; https://www.accessdata.fda.gov/drugsatfda_docs/appletter/2012/005856s021ltr.pdf,FDA/DailyMed search on 05-20-2026: no current label found for terms [trimethadione; Tridione].,"FDA accessdata Tridione (trimethadione) label, NDA 005856/S-021, approved 06-06-2012; top warning/boxed warning verified 05-21-2026."
trimethadione,proposed_row_update,medium,fda_black_box_warning_verified,proposed,False,FDA warning re-verified during this audit.,https://www.accessdata.fda.gov/drugsatfda_docs/label/2012/005856s021lbl.pdf,05-20-2026,05-21-2026
trimethadione,proposed_row_update,critical,enzyme_inducing_or_inhibiting,proposed,True,Corrects source rationale while retaining unknown enzyme effect.,https://www.accessdata.fda.gov/drugsatfda_docs/label/2012/005856s021lbl.pdf,N/A - no current FDA/DailyMed label located and FDA Orange Book product listing does not describe enzyme induction or inhibition.,N/A - FDA label does not state that trimethadione induces or inhibits drug-metabolizing enzymes.
trimethadione,proposed_row_update,critical,half_life_range,proposed,True,FDA label exists but lacks half-life.,https://www.accessdata.fda.gov/drugsatfda_docs/label/2012/005856s021lbl.pdf,N/A - no current FDA/DailyMed label located and FDA Orange Book product listing does not provide half-life.,N/A - FDA label does not state a half-life.
trimethadione,proposed_row_update,critical,major_organ_for_metabolism,proposed,True,FDA label provides hepatic metabolism information.,https://www.accessdata.fda.gov/drugsatfda_docs/label/2012/005856s021lbl.pdf,N/A - no current FDA/DailyMed label located and FDA Orange Book product listing does not provide metabolism information.,Liver - trimethadione is demethylated by liver microsomes to active metabolite dimethadione.
trimethadione,proposed_row_update,critical,filter_metabolism,proposed,True,FDA label identifies liver microsomal demethylation.,https://www.accessdata.fda.gov/drugsatfda_docs/label/2012/005856s021lbl.pdf,Limited/unknown,Hepatic/liver microsomal
trimethadione,proposed_row_update,critical,maximum_approved_daily_dose,proposed,True,FDA label provides adult dosage range.,https://www.accessdata.fda.gov/drugsatfda_docs/label/2012/005856s021lbl.pdf,N/A - no current FDA/DailyMed label located and FDA Orange Book product listing does not provide a maximum approved daily dose.,2.4 g/day (usual adult dosage range 0.9-2.4 g/day).
trimethadione,proposed_row_update,critical,minimum_effective_dose,proposed,True,FDA label provides initial dosing and maintenance principle.,https://www.accessdata.fda.gov/drugsatfda_docs/label/2012/005856s021lbl.pdf,N/A - no current FDA/DailyMed label located and FDA Orange Book product listing does not provide a minimum effective dose.,Adult initial dose 0.9 g/day; FDA label does not state a fixed minimum effective dose and says maintenance should be the least amount required to maintain control.
trimethadione,proposed_row_update,critical,mechanism_of_action,proposed,True,FDA label provides limited pharmacology; current no-label rationale is incorrect.,https://www.accessdata.fda.gov/drugsatfda_docs/label/2012/005856s021lbl.pdf,N/A - no current FDA/DailyMed label located; FDA Orange Book confirms historical U.S. product approval/listing but does not provide mechanism of action.,"Unclear/limited - FDA label identifies trimethadione as an oxazolidinedione antiepileptic and describes animal anticonvulsant activity, but does not state a molecular mechanism."
trimethadione,proposed_row_update,critical,mechanism_source,proposed,True,Mechanism/pharmacology is supported by FDA label rather than Orange Book.,https://www.accessdata.fda.gov/drugsatfda_docs/label/2012/005856s021lbl.pdf,FDA Orange Book products file,FDA accessdata Tridione label (Description/Clinical Pharmacology)
trimethadione,proposed_row_update,critical,mechanism_source_tier,proposed,True,The supporting source is a historical FDA-approved label.,https://www.accessdata.fda.gov/drugsatfda_docs/label/2012/005856s021lbl.pdf,Historical/limited,FDA label/historical
trimethadione,proposed_row_update,medium,pubmed_search_aliases,proposed,False,Adds NCBI MeSH entry terms for the same drug.,https://www.ncbi.nlm.nih.gov/mesh/68014293,Tridione,Tridione; Troxidone; Trimetin
trimethadione,proposed_row_update,critical,qt_interval_effect,proposed,True,FDA label exists but does not mention QT.,https://www.accessdata.fda.gov/drugsatfda_docs/label/2012/005856s021lbl.pdf,N/A - no current FDA/DailyMed label located and FDA Orange Book product listing does not describe QT effect.,N/A - FDA label does not describe a QT interval effect.
trimethadione,proposed_row_update,medium,rct_pubmed_verification_notes,proposed,False,Updates alias coverage and audit date.,https://pubmed.ncbi.nlm.nih.gov/?term=%28trimethadione+OR+Tridione+OR+Troxidone+OR+Trimetin%29+%28placebo+OR+randomized+OR+double-blind%29+epilepsy; https://www.ncbi.nlm.nih.gov/mesh/68014293,No qualifying phase II/III placebo-controlled randomized epilepsy RCT was retained in the PubMed RCT audit/gap review as of 05-19-2026; RCT section set to N/A per current scope.,No qualifying phase II/III placebo-controlled randomized epilepsy RCT was located in PubMed for trimethadione/Tridione/Troxidone/Trimetin as of 05-21-2026; RCT/outcome fields remain N/A.
trimethadione,proposed_row_update,critical,typical_doses_per_day,proposed,True,FDA label provides dosing frequency.,https://www.accessdata.fda.gov/drugsatfda_docs/label/2012/005856s021lbl.pdf,N/A - no current FDA/DailyMed label located and FDA Orange Book product listing does not provide dosing.,3 or 4 divided doses daily.
valproic acid,fact_check,critical,adverse_symptoms_percentages,incorrect,True,"The FDA Depakote ER label adverse-reaction table supporting the other listed percentages reports vomiting at 27%, not 23%.",https://www.accessdata.fda.gov/drugsatfda_docs/label/2023/021168s044lbl.pdf,"GI: nausea 48%, CNS: somnolence 27%, neurologic: tremor 25%, CNS: dizziness 25%, GI: vomiting 23%, dermatologic: alopecia 6%","GI: nausea 48%, CNS: somnolence 27%, neurologic: tremor 25%, CNS: dizziness 25%, GI: vomiting 27%, dermatologic: alopecia 6%"
valproic acid,fact_check,high,evidence_sources,incorrect,False,"DailyMed is not permissible for FDA boxed-warning verification and Epilepsy Society is outside the allowed trusted-source domain list. Replace with trusted FDA, NCBI/PubMed/PMC, and ClinicalTrials.gov sources that support the row facts.",https://www.fda.gov/drugs/postmarket-drug-safety-information-patients-and-providers/valproate-information; https://api.fda.gov/drug/label.json?search=openfda.spl_set_id%3A%220dc024ce-efc8-4690-7cb5-639c728fccac%22&limit=5; https://www.ncbi.nlm.nih.gov/books/NBK559112/,FDA Orange Book products file; FDA/DailyMed labeling; Sills and Rogawski 2020 ASM mechanism review; NCBI LiverTox anticonvulsants table; Epilepsy Society ASM list,FDA Orange Book products file; FDA/accessdata labeling; FDA/openFDA labeling; FDA Valproate Information page; NCBI Bookshelf/StatPearls; NCBI LiverTox; PubMed/PMC RCT reports; ClinicalTrials.gov
valproic acid,fact_check,high,fda_black_box_warning_source,incorrect,False,"The current source uses DailyMed, which is explicitly not permitted for black-box-warning verification. FDA/openFDA is permitted.",https://api.fda.gov/drug/label.json?search=openfda.spl_set_id%3A%220dc024ce-efc8-4690-7cb5-639c728fccac%22&limit=5,"FDA/DailyMed SPL; status=boxed_warning_found; setid=0dc024ce-efc8-4690-7cb5-639c728fccac; published=Apr 13, 2026; title=DEPAKOTE ER (DIVALPROEX SODIUM) TABLET, EXTENDED RELEASE [ABBVIE INC.]; url=https://dailymed.nlm.nih.gov/dailymed/drugInfo.cfm?setid=0dc024ce-efc8-4690-7cb5-639c728fccac",FDA/openFDA drug label API; status=boxed_warning_found; spl_set_id=0dc024ce-efc8-4690-7cb5-639c728fccac; effective_time=20260331; title=DEPAKOTE ER / DIVALPROEX SODIUM; api_url=https://api.fda.gov/drug/label.json?search=openfda.spl_set_id%3A%220dc024ce-efc8-4690-7cb5-639c728fccac%22&limit=5
valproic acid,fact_check,high,mechanism_source,incorrect,False,The mechanism fact can be supported without DailyMed by FDA/accessdata labeling and NCBI Bookshelf. This also aligns with the trusted-source-domain policy.,https://www.accessdata.fda.gov/drugsatfda_docs/label/2023/021168s044lbl.pdf; https://www.ncbi.nlm.nih.gov/books/NBK559112/,FDA/DailyMed labeling; Sills and Rogawski 2020 ASM mechanism review,FDA/accessdata labeling; NCBI Bookshelf/StatPearls mechanism review
valproic acid,fact_check,high,pubmed_search_aliases,missing,False,Add standalone valproate and FDA-listed Depakote CP/Depakote Sprinkle Capsules variants to improve alias coverage. Existing aliases are appropriate for the consolidated active-moiety row.,https://www.fda.gov/drugs/postmarket-drug-safety-information-patients-and-providers/valproate-information; https://www.ema.europa.eu/en/medicines/human/referrals/valproate-related-substances,divalproex sodium; sodium valproate; valproate semisodium; valproate sodium; Depacon; Depakote; Depakote ER; Depakote Sprinkles; Depakene; Depakine; Epilim; Epival,valproate; divalproex sodium; sodium valproate; valproate semisodium; valproate sodium; Depacon; Depakote; Depakote CP; Depakote ER; Depakote Sprinkle Capsules; Depakote Sprinkles; Depakene; Depakine; Epilim; Epival
valproic acid,fact_check,medium,qt_interval_effect,missing_source,False,"No trusted row source specifically supports a QT-effect conclusion. The statement is plausible as an absence-of-established-effect claim, but it should not be treated as source-verified from the current evidence_sources.",,No clinically meaningful QT effect established,No clinically meaningful QT effect established
valproic acid,fact_check,high,trade_names,missing,False,"FDA sources support Depacon, Depakene, Depakote, Depakote ER, Depakote CP, and valproate sodium products; EMA/eMC sources support non-US brands such as Convulex, Depakine, Dyzantil, and Epilim variants. Depakyn and Epival were not independently verified from the allowed source set in this pass, but no direct contradiction was found, so they are retained.",https://www.fda.gov/drugs/postmarket-drug-safety-information-patients-and-providers/valproate-information; https://www.ema.europa.eu/en/medicines/human/referrals/valproate-related-substances; https://www.medicines.org.uk/emc/product/6102/smpc,Convulex; Depacon; Depakene; Depakine; Depakote; Depakote ER; Depakote Sprinkles; Depakyn; Dyzantil; Epilim Chrono; Epilim Chronosphere; Epival; Stavzor; Valproate Sodium,Convulex; Depacon; Depakene; Depakine; Depakote; Depakote CP; Depakote ER; Depakote Sprinkle Capsules; Depakote Sprinkles; Depakyn; Dyzantil; Epilim Chrono; Epilim Chronosphere; Epival; Stavzor; Valproate Sodium
valproic acid,rct_link_check,high,pubmed_phase_ii_iii_rct_links,not_phase_ii_iii,True,"Although the record is randomized/placebo-controlled, it is a haem-biosynthesis/porphyria safety/pharmacology study in healthy subjects and established monotherapy patients, not a seizure-frequency epilepsy efficacy RCT for valproate.",https://pubmed.ncbi.nlm.nih.gov/3130256/,https://pubmed.ncbi.nlm.nih.gov/3130256/,Do not add to pubmed_phase_ii_iii_rct_links.
valproic acid,rct_link_check,high,pubmed_phase_ii_iii_rct_links,not_phase_ii_iii,True,"This is a phase II pharmacokinetic drug-drug interaction study of cannabidiol with stiripentol or valproate in epilepsy patients, not a valproate placebo-controlled seizure-efficacy RCT.",https://pubmed.ncbi.nlm.nih.gov/32350749/,https://pubmed.ncbi.nlm.nih.gov/32350749/,Do not add to pubmed_phase_ii_iii_rct_links.
valproic acid,proposed_row_update,medium,fda_black_box_warning_source,proposed,False,DailyMed is not allowed for black-box-warning verification.,https://api.fda.gov/drug/label.json?search=openfda.spl_set_id%3A%220dc024ce-efc8-4690-7cb5-639c728fccac%22&limit=5,"FDA/DailyMed SPL; status=boxed_warning_found; setid=0dc024ce-efc8-4690-7cb5-639c728fccac; published=Apr 13, 2026; title=DEPAKOTE ER (DIVALPROEX SODIUM) TABLET, EXTENDED RELEASE [ABBVIE INC.]; url=https://dailymed.nlm.nih.gov/dailymed/drugInfo.cfm?setid=0dc024ce-efc8-4690-7cb5-639c728fccac",FDA/openFDA drug label API; status=boxed_warning_found; spl_set_id=0dc024ce-efc8-4690-7cb5-639c728fccac; effective_time=20260331; title=DEPAKOTE ER / DIVALPROEX SODIUM; api_url=https://api.fda.gov/drug/label.json?search=openfda.spl_set_id%3A%220dc024ce-efc8-4690-7cb5-639c728fccac%22&limit=5
valproic acid,proposed_row_update,medium,evidence_sources,proposed,False,Replace non-allowed or insufficient source names with trusted-source domains used in this audit.,https://www.fda.gov/drugs/postmarket-drug-safety-information-patients-and-providers/valproate-information; https://www.ncbi.nlm.nih.gov/books/NBK559112/; https://pubmed.ncbi.nlm.nih.gov/8559420/,FDA Orange Book products file; FDA/DailyMed labeling; Sills and Rogawski 2020 ASM mechanism review; NCBI LiverTox anticonvulsants table; Epilepsy Society ASM list,FDA Orange Book products file; FDA/accessdata labeling; FDA/openFDA labeling; FDA Valproate Information page; NCBI Bookshelf/StatPearls; NCBI LiverTox; PubMed/PMC RCT reports; ClinicalTrials.gov
valproic acid,proposed_row_update,medium,mechanism_source,proposed,False,FDA/accessdata and NCBI sources support the mechanism wording while avoiding DailyMed.,https://www.accessdata.fda.gov/drugsatfda_docs/label/2023/021168s044lbl.pdf; https://www.ncbi.nlm.nih.gov/books/NBK559112/,FDA/DailyMed labeling; Sills and Rogawski 2020 ASM mechanism review,FDA/accessdata labeling; NCBI Bookshelf/StatPearls mechanism review
valproic acid,proposed_row_update,critical,adverse_symptoms_percentages,proposed,True,FDA label table supporting the listed adverse-event percentages reports vomiting 27%.,https://www.accessdata.fda.gov/drugsatfda_docs/label/2023/021168s044lbl.pdf,"GI: nausea 48%, CNS: somnolence 27%, neurologic: tremor 25%, CNS: dizziness 25%, GI: vomiting 23%, dermatologic: alopecia 6%","GI: nausea 48%, CNS: somnolence 27%, neurologic: tremor 25%, CNS: dizziness 25%, GI: vomiting 27%, dermatologic: alopecia 6%"
valproic acid,proposed_row_update,medium,fda_black_box_warning_source,proposed,False,"Black-box source must be FDA/openFDA, FDA labels, or Drugs@FDA only; DailyMed is not permissible.",https://api.fda.gov/drug/label.json?search=openfda.spl_set_id%3A%220dc024ce-efc8-4690-7cb5-639c728fccac%22&limit=5,"FDA/DailyMed SPL; status=boxed_warning_found; setid=0dc024ce-efc8-4690-7cb5-639c728fccac; published=Apr 13, 2026; title=DEPAKOTE ER (DIVALPROEX SODIUM) TABLET, EXTENDED RELEASE [ABBVIE INC.]; url=https://dailymed.nlm.nih.gov/dailymed/drugInfo.cfm?setid=0dc024ce-efc8-4690-7cb5-639c728fccac",FDA/openFDA drug label API; status=boxed_warning_found; spl_set_id=0dc024ce-efc8-4690-7cb5-639c728fccac; effective_time=20260331; title=DEPAKOTE ER / DIVALPROEX SODIUM; api_url=https://api.fda.gov/drug/label.json?search=openfda.spl_set_id%3A%220dc024ce-efc8-4690-7cb5-639c728fccac%22&limit=5
valproic acid,proposed_row_update,medium,evidence_sources,proposed,False,Use only trusted-source domains and remove DailyMed/Epilepsy Society as row support sources for this audit context.,https://www.fda.gov/drugs/postmarket-drug-safety-information-patients-and-providers/valproate-information; https://www.ncbi.nlm.nih.gov/books/NBK559112/; https://pubmed.ncbi.nlm.nih.gov/8559420/,FDA Orange Book products file; FDA/DailyMed labeling; Sills and Rogawski 2020 ASM mechanism review; NCBI LiverTox anticonvulsants table; Epilepsy Society ASM list,FDA Orange Book products file; FDA/accessdata labeling; FDA/openFDA labeling; FDA Valproate Information page; NCBI Bookshelf/StatPearls; NCBI LiverTox; PubMed/PMC RCT reports; ClinicalTrials.gov
valproic acid,proposed_row_update,medium,mechanism_source,proposed,False,The mechanism statement is supported by trusted FDA and NCBI sources without using DailyMed.,https://www.accessdata.fda.gov/drugsatfda_docs/label/2023/021168s044lbl.pdf; https://www.ncbi.nlm.nih.gov/books/NBK559112/,FDA/DailyMed labeling; Sills and Rogawski 2020 ASM mechanism review,FDA/accessdata labeling; NCBI Bookshelf/StatPearls mechanism review
valproic acid,proposed_row_update,medium,diff_50_responder_maximum_effective_dose,proposed,False,"Numerically correct, but the RCT intervention was divalproex sodium; this wording is more exact.",https://pubmed.ncbi.nlm.nih.gov/8559420/,19 % (drug minus placebo RR50 differential at maximum effective dose/regimen: Willmore1996 add-on divalproex sodium/valproate 19%),19 % (drug minus placebo RR50 differential at maximum effective dose/regimen: Willmore1996 add-on divalproex sodium 19%)
valproic acid,proposed_row_update,medium,pubmed_search_aliases,proposed,False,Add standalone valproate and FDA-listed Depakote CP/Depakote Sprinkle Capsules variants.,https://www.fda.gov/drugs/postmarket-drug-safety-information-patients-and-providers/valproate-information,divalproex sodium; sodium valproate; valproate semisodium; valproate sodium; Depacon; Depakote; Depakote ER; Depakote Sprinkles; Depakene; Depakine; Epilim; Epival,valproate; divalproex sodium; sodium valproate; valproate semisodium; valproate sodium; Depacon; Depakote; Depakote CP; Depakote ER; Depakote Sprinkle Capsules; Depakote Sprinkles; Depakene; Depakine; Epilim; Epival
valproic acid,proposed_row_update,medium,trade_names,proposed,False,Add FDA-listed Depakote CP and formal Depakote Sprinkle Capsules alias; retain uncontradicted existing names.,https://www.fda.gov/drugs/postmarket-drug-safety-information-patients-and-providers/valproate-information; https://www.ema.europa.eu/en/medicines/human/referrals/valproate-related-substances; https://www.medicines.org.uk/emc/product/6102/smpc,Convulex; Depacon; Depakene; Depakine; Depakote; Depakote ER; Depakote Sprinkles; Depakyn; Dyzantil; Epilim Chrono; Epilim Chronosphere; Epival; Stavzor; Valproate Sodium,Convulex; Depacon; Depakene; Depakine; Depakote; Depakote CP; Depakote ER; Depakote Sprinkle Capsules; Depakote Sprinkles; Depakyn; Dyzantil; Epilim Chrono; Epilim Chronosphere; Epival; Stavzor; Valproate Sodium
vigabatrin,fact_check,critical,adverse_symptoms_percentages,incorrect,True,"The current values mix unsupported or placebo/other-dose values. FDA labeling gives adult CPS 3000 mg/day values of fatigue 23%, somnolence 22%, dizziness 24%, tremor 15%, and weight gain 6%; pediatric CPS weight gain is 15%; infantile-spasm somnolence is 45% vs placebo 30%.",https://www.accessdata.fda.gov/drugsatfda_docs/label/2021/020427s025%2C022006s026lbl.pdf; https://www.accessdata.fda.gov/drugsatfda_docs/label/2024/217684s000lbl.pdf,"CNS: somnolence 24%, constitutional: fatigue 24%, ophthalmologic: visual field loss 30% or more with chronic exposure, CNS: dizziness 12%, metabolic: weight gain 10%, neurologic: tremor 8%","CNS: somnolence 22% (adult CPS 3000 mg/day; 45% in infantile-spasm placebo-controlled study), CNS: dizziness 24% (adult CPS 3000 mg/day), constitutional: fatigue 23% (adult CPS 3000 mg/day), neurologic: tremor 15% (adult CPS 3000 mg/day), metabolic: weight gain 6% (adult CPS 3000 mg/day; 15% pediatric CPS), ophthalmologic: permanent vision loss/visual field defects, 30% or more in adults with chronic exposure"
vigabatrin,fact_check,info,alternate_generic_names,not_applicable,False,No separate generic alias must be added here because the important literature alias is already handled in pubmed_search_aliases; no duplicate-drug row evidence was found in the bundle.,https://pubmed.ncbi.nlm.nih.gov/3514204/; https://pubmed.ncbi.nlm.nih.gov/6141335/,,
vigabatrin,fact_check,critical,enzyme_inducing_or_inhibiting,incorrect,True,"FDA labeling directly states vigabatrin is not significantly metabolized and is primarily renally excreted, but also states it induces CYP2C9. The current text incorrectly says it is not an inducer.",https://www.accessdata.fda.gov/drugsatfda_docs/label/2021/020427s025%2C022006s026lbl.pdf,Not significantly metabolized; not an enzyme inducer/inhibitor,Not significantly metabolized; eliminated primarily by renal excretion; induces CYP2C9 but does not induce other hepatic cytochrome P450 systems.
vigabatrin,fact_check,high,evidence_sources,incorrect,False,"DailyMed is not permissible for boxed warning verification, and Epilepsy Society/Epilepsy Foundation Australia are not in the requested trusted-domain list. The proposed sources support the row facts on trusted domains.",https://www.accessdata.fda.gov/drugsatfda_docs/label/2021/020427s025%2C022006s026lbl.pdf; https://www.fda.gov/drugs/postmarket-drug-safety-information-patients-and-providers/sabril-vigabatrin; https://www.ncbi.nlm.nih.gov/books/NBK548253/; https://www.ncbi.nlm.nih.gov/books/NBK548365/table/Anticonvulsants.Tc/; https://www.ema.europa.eu/en/medicines/human/EPAR/kigabeq; https://www.medicines.org.uk/emc/product/14629/smpc; https://clinicaltrials.gov/study/NCT02849457,NCBI LiverTox anticonvulsants table; Epilepsy Society ASM list; Epilepsy Foundation Australia ASM list; FDA/DailyMed labeling,FDA prescribing information (accessdata.fda.gov); FDA Sabril safety page; NCBI LiverTox vigabatrin record and anticonvulsants table; EMA/eMC Kigabeq product information; PubMed RCT abstracts; ClinicalTrials.gov NCT02849457
vigabatrin,fact_check,high,fda_black_box_warning_source,incorrect,False,DailyMed is not allowed for this field. FDA accessdata labeling supports the boxed warning.,https://www.accessdata.fda.gov/drugsatfda_docs/label/2021/020427s025%2C022006s026lbl.pdf,"FDA/DailyMed SPL; status=boxed_warning_found; setid=a88ac1b4-e2c9-45c0-b321-4785902172e3; published=Dec 17, 2025; title=SABRIL (VIGABATRIN) POWDER, FOR SOLUTION [LUNDBECK PHARMACEUTICALS LLC]; url=https://dailymed.nlm.nih.gov/dailymed/drugInfo.cfm?setid=a88ac1b4-e2c9-45c0-b321-4785902172e3","FDA prescribing information (accessdata.fda.gov); status=boxed_warning_found; application=NDA020427/NDA022006; label=020427s025,022006s026; revised=10/2021; title=SABRIL (vigabatrin) tablets, for oral use; SABRIL (vigabatrin) for oral solution; url=https://www.accessdata.fda.gov/drugsatfda_docs/label/2021/020427s025%2C022006s026lbl.pdf"
vigabatrin,fact_check,high,formulations_available,incorrect,False,FDA Sabril labeling supports tablets and powder for oral solution; FDA Vigafyde labeling supports oral solution; EMA/eMC supports Kigabeq soluble tablets.,https://www.accessdata.fda.gov/drugsatfda_docs/label/2021/020427s025%2C022006s026lbl.pdf; https://www.accessdata.fda.gov/drugsatfda_docs/label/2024/217684s000lbl.pdf; https://www.medicines.org.uk/emc/product/14629/smpc,Tablet; powder for oral solution,Tablet; powder for oral solution; oral solution; soluble tablet (Kigabeq EU/UK)
vigabatrin,fact_check,critical,half_life_range,incorrect,True,FDA labeling gives a longer adult and adolescent terminal half-life than the current row range.,https://www.accessdata.fda.gov/drugsatfda_docs/label/2021/020427s025%2C022006s026lbl.pdf,5-8 h,"5.7-10.5 h (age-dependent: infants 5.7 h, children 6.8 h, adolescents 9.5 h, adults 10.5 h)"
vigabatrin,fact_check,medium,mechanism_source,missing_source,False,"The fact is FDA-label supported, but the source text should avoid DailyMed and point to FDA labeling.",https://www.accessdata.fda.gov/drugsatfda_docs/label/2021/020427s025%2C022006s026lbl.pdf,FDA/DailyMed labeling,FDA prescribing information (accessdata.fda.gov)
vigabatrin,fact_check,medium,pubmed_search_aliases,missing_source,False,Existing PubMed trial titles use both spacing/hyphenation variants; adding the hyphenated form improves alias coverage without creating a duplicate drug row.,https://pubmed.ncbi.nlm.nih.gov/3514204/; https://pubmed.ncbi.nlm.nih.gov/3130253/; https://pubmed.ncbi.nlm.nih.gov/6141335/,gamma-vinyl GABA,gamma-vinyl GABA; gamma-vinyl-GABA
vigabatrin,missing_rct,high,pubmed_phase_ii_iii_rct_links,missing,False,"This appears to be a primary double-blind placebo-controlled vigabatrin 3 g/day trial in uncontrolled complex partial seizures and corresponds to FDA label Study 2, which reports RR50 39% on vigabatrin 3 g/day versus 21% placebo.",https://pubmed.ncbi.nlm.nih.gov/8559421/,,French1996|https://pubmed.ncbi.nlm.nih.gov/8559421/
vigabatrin,outcome_check,high,diff_50_responder_maximum_effective_dose,incorrect,False,"The listed values are supported by the cited outcome evidence, but the row appears to omit French1996/FDA Study 2, where 39% on vigabatrin 3 g/day versus 21% placebo gives an 18-point differential.",https://pubmed.ncbi.nlm.nih.gov/41500178/; https://pubmed.ncbi.nlm.nih.gov/10777431/; https://pubmed.ncbi.nlm.nih.gov/9924905/; https://pubmed.ncbi.nlm.nih.gov/8089668/; https://pubmed.ncbi.nlm.nih.gov/8559421/; https://www.accessdata.fda.gov/drugsatfda_docs/label/2021/020427s025%2C022006s026lbl.pdf,22-44 % (drug minus placebo RR50 differential at maximum effective dose/regimen: Kalita2025 vigabatrin add-on regimen 42.8%; Bruni2000 vigabatrin adult add-on regimen 22%; Dean1999 vigabatrin 3 g/day 44%; Grunewald1994 vigabatrin 3 g/day 32.61%),18-44 % (drug minus placebo RR50 differential at maximum effective dose/regimen: Kalita2025 vigabatrin add-on regimen 42.8%; Bruni2000 vigabatrin adult add-on regimen 22%; Dean1999 vigabatrin 3 g/day 44%; French1996 vigabatrin 3 g/day 18%; Grunewald1994 vigabatrin 3 g/day 32.61%)
vigabatrin,outcome_check,high,plot_diff_50_responder_maximum_effective_dose,incorrect,False,Add the missing French1996/FDA Study 2 extractable RR50 differential.,https://pubmed.ncbi.nlm.nih.gov/8559421/; https://www.accessdata.fda.gov/drugsatfda_docs/label/2021/020427s025%2C022006s026lbl.pdf,Kalita2025|42.8|https://pubmed.ncbi.nlm.nih.gov/41500178/|100; Bruni2000|22|https://pubmed.ncbi.nlm.nih.gov/10777431/|111; Dean1999|44|https://pubmed.ncbi.nlm.nih.gov/9924905/|174; Grunewald1994|32.61|https://pubmed.ncbi.nlm.nih.gov/8089668/|45,Kalita2025|42.8|https://pubmed.ncbi.nlm.nih.gov/41500178/|100; Bruni2000|22|https://pubmed.ncbi.nlm.nih.gov/10777431/|111; Dean1999|44|https://pubmed.ncbi.nlm.nih.gov/9924905/|174; French1996|18|https://pubmed.ncbi.nlm.nih.gov/8559421/|183; Grunewald1994|32.61|https://pubmed.ncbi.nlm.nih.gov/8089668/|45
vigabatrin,proposed_row_update,medium,evidence_sources,proposed,False,Replace non-trusted or non-compliant source names with trusted-domain sources that support the populated facts.,https://www.accessdata.fda.gov/drugsatfda_docs/label/2021/020427s025%2C022006s026lbl.pdf; https://www.fda.gov/drugs/postmarket-drug-safety-information-patients-and-providers/sabril-vigabatrin; https://www.ncbi.nlm.nih.gov/books/NBK548253/; https://www.ncbi.nlm.nih.gov/books/NBK548365/table/Anticonvulsants.Tc/; https://www.ema.europa.eu/en/medicines/human/EPAR/kigabeq; https://www.medicines.org.uk/emc/product/14629/smpc; https://clinicaltrials.gov/study/NCT02849457,NCBI LiverTox anticonvulsants table; Epilepsy Society ASM list; Epilepsy Foundation Australia ASM list; FDA/DailyMed labeling,FDA prescribing information (accessdata.fda.gov); FDA Sabril safety page; NCBI LiverTox vigabatrin record and anticonvulsants table; EMA/eMC Kigabeq product information; PubMed RCT abstracts; ClinicalTrials.gov NCT02849457
vigabatrin,proposed_row_update,medium,mechanism_source,proposed,False,The mechanism is FDA-label supported; DailyMed should not be named as the row source when an FDA label URL is available.,https://www.accessdata.fda.gov/drugsatfda_docs/label/2021/020427s025%2C022006s026lbl.pdf,FDA/DailyMed labeling,FDA prescribing information (accessdata.fda.gov)
vigabatrin,proposed_row_update,medium,fda_black_box_warning_source,proposed,False,"FDA boxed warning source must be FDA/openFDA, FDA label, or Drugs@FDA; DailyMed is not permissible.",https://www.accessdata.fda.gov/drugsatfda_docs/label/2021/020427s025%2C022006s026lbl.pdf,"FDA/DailyMed SPL; status=boxed_warning_found; setid=a88ac1b4-e2c9-45c0-b321-4785902172e3; published=Dec 17, 2025; title=SABRIL (VIGABATRIN) POWDER, FOR SOLUTION [LUNDBECK PHARMACEUTICALS LLC]; url=https://dailymed.nlm.nih.gov/dailymed/drugInfo.cfm?setid=a88ac1b4-e2c9-45c0-b321-4785902172e3","FDA prescribing information (accessdata.fda.gov); status=boxed_warning_found; application=NDA020427/NDA022006; label=020427s025,022006s026; revised=10/2021; title=SABRIL (vigabatrin) tablets, for oral use; SABRIL (vigabatrin) for oral solution; url=https://www.accessdata.fda.gov/drugsatfda_docs/label/2021/020427s025%2C022006s026lbl.pdf"
vigabatrin,proposed_row_update,medium,fda_black_box_warning_source,proposed,False,DailyMed is not permissible for FDA boxed warning verification.,https://www.accessdata.fda.gov/drugsatfda_docs/label/2021/020427s025%2C022006s026lbl.pdf,"FDA/DailyMed SPL; status=boxed_warning_found; setid=a88ac1b4-e2c9-45c0-b321-4785902172e3; published=Dec 17, 2025; title=SABRIL (VIGABATRIN) POWDER, FOR SOLUTION [LUNDBECK PHARMACEUTICALS LLC]; url=https://dailymed.nlm.nih.gov/dailymed/drugInfo.cfm?setid=a88ac1b4-e2c9-45c0-b321-4785902172e3","FDA prescribing information (accessdata.fda.gov); status=boxed_warning_found; application=NDA020427/NDA022006; label=020427s025,022006s026; revised=10/2021; title=SABRIL (vigabatrin) tablets, for oral use; SABRIL (vigabatrin) for oral solution; url=https://www.accessdata.fda.gov/drugsatfda_docs/label/2021/020427s025%2C022006s026lbl.pdf"
vigabatrin,proposed_row_update,critical,half_life_range,proposed,True,FDA labeling contradicts the current upper bound.,https://www.accessdata.fda.gov/drugsatfda_docs/label/2021/020427s025%2C022006s026lbl.pdf,5-8 h,"5.7-10.5 h (age-dependent: infants 5.7 h, children 6.8 h, adolescents 9.5 h, adults 10.5 h)"
vigabatrin,proposed_row_update,critical,enzyme_inducing_or_inhibiting,proposed,True,FDA labeling says vigabatrin induces CYP2C9.,https://www.accessdata.fda.gov/drugsatfda_docs/label/2021/020427s025%2C022006s026lbl.pdf,Not significantly metabolized; not an enzyme inducer/inhibitor,Not significantly metabolized; eliminated primarily by renal excretion; induces CYP2C9 but does not induce other hepatic cytochrome P450 systems.
vigabatrin,proposed_row_update,medium,formulations_available,proposed,False,The row lists Vigafyde and Kigabeq but omits their oral-solution/soluble-tablet formulations.,https://www.accessdata.fda.gov/drugsatfda_docs/label/2024/217684s000lbl.pdf; https://www.medicines.org.uk/emc/product/14629/smpc,Tablet; powder for oral solution,Tablet; powder for oral solution; oral solution; soluble tablet (Kigabeq EU/UK)
vigabatrin,proposed_row_update,medium,pubmed_search_aliases,proposed,False,PubMed trial titles use both alias spellings.,https://pubmed.ncbi.nlm.nih.gov/3514204/; https://pubmed.ncbi.nlm.nih.gov/3130253/,gamma-vinyl GABA,gamma-vinyl GABA; gamma-vinyl-GABA
vigabatrin,proposed_row_update,medium,pubmed_phase_ii_iii_rct_links,proposed,False,French1996 appears to be a missing primary placebo-controlled vigabatrin RCT and is supported by FDA label Study 2.,https://pubmed.ncbi.nlm.nih.gov/8559421/; https://www.accessdata.fda.gov/drugsatfda_docs/label/2021/020427s025%2C022006s026lbl.pdf,Kalita2025|https://pubmed.ncbi.nlm.nih.gov/41500178/; Bebin2023|https://pubmed.ncbi.nlm.nih.gov/37638552/; Bruni2000|https://pubmed.ncbi.nlm.nih.gov/10777431/; Dean1999|https://pubmed.ncbi.nlm.nih.gov/9924905/; Appleton1999|https://pubmed.ncbi.nlm.nih.gov/10565592/; Beran1996|https://pubmed.ncbi.nlm.nih.gov/8952010/; Jackson1994|https://pubmed.ncbi.nlm.nih.gov/7957035/; Grunewald1994|https://pubmed.ncbi.nlm.nih.gov/8089668/; Gillham1993|https://pubmed.ncbi.nlm.nih.gov/8270925/; PMID1992|https://pubmed.ncbi.nlm.nih.gov/1483856/; Cosi1989|https://pubmed.ncbi.nlm.nih.gov/2757911/; Cosi1988|https://pubmed.ncbi.nlm.nih.gov/3130253/; Tassinari1987|https://pubmed.ncbi.nlm.nih.gov/2887152/; Tartara1986|https://pubmed.ncbi.nlm.nih.gov/3536469/; Loiseau1986|https://pubmed.ncbi.nlm.nih.gov/3514204/; Rimmer1984|https://pubmed.ncbi.nlm.nih.gov/6141335/,Kalita2025|https://pubmed.ncbi.nlm.nih.gov/41500178/; Bebin2023|https://pubmed.ncbi.nlm.nih.gov/37638552/; Bruni2000|https://pubmed.ncbi.nlm.nih.gov/10777431/; Dean1999|https://pubmed.ncbi.nlm.nih.gov/9924905/; Appleton1999|https://pubmed.ncbi.nlm.nih.gov/10565592/; Beran1996|https://pubmed.ncbi.nlm.nih.gov/8952010/; French1996|https://pubmed.ncbi.nlm.nih.gov/8559421/; Jackson1994|https://pubmed.ncbi.nlm.nih.gov/7957035/; Grunewald1994|https://pubmed.ncbi.nlm.nih.gov/8089668/; Gillham1993|https://pubmed.ncbi.nlm.nih.gov/8270925/; PMID1992|https://pubmed.ncbi.nlm.nih.gov/1483856/; Cosi1989|https://pubmed.ncbi.nlm.nih.gov/2757911/; Cosi1988|https://pubmed.ncbi.nlm.nih.gov/3130253/; Tassinari1987|https://pubmed.ncbi.nlm.nih.gov/2887152/; Tartara1986|https://pubmed.ncbi.nlm.nih.gov/3536469/; Loiseau1986|https://pubmed.ncbi.nlm.nih.gov/3514204/; Rimmer1984|https://pubmed.ncbi.nlm.nih.gov/6141335/
zonisamide,fact_check,high,pubmed_search_aliases,missing,False,"RCT evidence summaries commonly abbreviate zonisamide as ZNS, so this is a useful PubMed/search alias.",https://www.ncbi.nlm.nih.gov/books/NBK327367/bin/appl-et1.pdf,,ZNS
zonisamide,fact_check,medium,trade_names,insufficient_evidence,False,"Zonegran and Zonisade are verified by FDA labeling. Desizon was not verified from the trusted sources available in this audit, so retain only if a trusted eMC/SmPC or EMA source is added. Do not add 'Zonisamide' as a trade name; it is the generic name, not a proprietary name.",https://www.accessdata.fda.gov/drugsatfda_docs/label/2000/20789lbl.pdf; https://www.accessdata.fda.gov/drugsatfda_docs/label/2022/214273s000lbl.pdf,Desizon; Zonegran; Zonisade,Desizon; Zonegran; Zonisade
zonisamide,fact_check,critical,maximum_approved_daily_dose,incorrect,True,"Current FDA Zonisade labeling states patients tolerating 400 mg daily may be increased to a maximum dosage of 600 mg daily, while also noting controlled trials show no increased response above 400 mg/day.",https://www.accessdata.fda.gov/drugsatfda_docs/label/2022/214273s000lbl.pdf,400 mg/day,"600 mg/day; usual target 400 mg/day, with labeling noting no evidence of increasing response above 400 mg/day"
zonisamide,fact_check,high,typical_doses_per_day,incorrect,False,"FDA labeling supports once- or twice-daily administration, initial 100 mg/day, titration to 400 mg/day, and possible increase to 600 mg/day.",https://www.accessdata.fda.gov/drugsatfda_docs/label/2022/214273s000lbl.pdf,Adults: 100-400 mg/day once daily or divided,Adults: 100-400 mg/day once daily or divided; selected patients may be increased to 600 mg/day per FDA labeling
zonisamide,fact_check,high,enzyme_inducing_or_inhibiting,incorrect,False,"FDA labeling supports insignificant CYP inhibition, CYP3A4 metabolism, and carbonic anhydrase inhibition. The label does not frame the carbonic anhydrase effect as 'weak'.",https://www.accessdata.fda.gov/drugsatfda_docs/label/2022/214273s000lbl.pdf,Not a major inducer/inhibitor; CYP3A4 substrate; weak carbonic anhydrase inhibitor,Not expected to affect other drugs via CYP450-mediated mechanisms; metabolized partly by CYP3A4; carbonic anhydrase inhibitor
zonisamide,fact_check,high,mechanism_of_action,incorrect,False,"FDA labeling supports the sodium-channel, T-type calcium-current, and carbonic-anhydrase statements; it does not use 'weak' for the carbonic-anhydrase effect.",https://www.accessdata.fda.gov/drugsatfda_docs/label/2022/214273s000lbl.pdf,"Precise mechanism is unknown; in vitro data suggest sodium-channel blockade and reduced T-type calcium currents, with weak carbonic-anhydrase inhibition of uncertain therapeutic contribution.","Precise mechanism is unknown; in vitro data suggest sodium-channel blockade and reduced T-type calcium currents, with carbonic-anhydrase inhibition of uncertain therapeutic contribution."
zonisamide,fact_check,critical,filter_mechanism,incorrect,True,"Alpha-2-delta is not supported for zonisamide. FDA labeling supports sodium channels, T-type calcium currents, and carbonic anhydrase inhibition.",https://www.accessdata.fda.gov/drugsatfda_docs/label/2022/214273s000lbl.pdf,Calcium channel / alpha-2-delta; Sodium channel,Calcium channel / T-type; Sodium channel; Carbonic anhydrase inhibitor
zonisamide,fact_check,medium,epilepsy_type,missing_source,True,FDA labeling supports adjunctive treatment of partial-onset seizures. The cited row sources do not verify generalized or primary generalized tonic-clonic use as a supported row fact.,https://www.accessdata.fda.gov/drugsatfda_docs/label/2022/214273s000lbl.pdf; https://clinicaltrials.gov/study/NCT00692003,Focal; Generalized; Primary generalized tonic-clonic,Focal/partial-onset seizures; generalized and primary generalized tonic-clonic use require an added trusted source or should be marked off-label/not verified
zonisamide,fact_check,high,adverse_symptoms_percentages,incorrect,False,"FDA labeling verifies somnolence, anorexia, dizziness, and ataxia percentages. The 6% cognitive events are reported as confusion, difficulty concentrating, and difficulty with memory rather than the exact term 'abnormal thinking'.",https://www.accessdata.fda.gov/drugsatfda_docs/label/2000/20789lbl.pdf; https://www.accessdata.fda.gov/drugsatfda_docs/label/2022/214273s000lbl.pdf,"CNS: somnolence 17%, GI: anorexia 13%, CNS: dizziness 13%, neurologic: ataxia 6%, cognitive: abnormal thinking 6%, renal/metabolic: kidney stones 4% over development program","CNS: somnolence 17%, GI: anorexia 13%, CNS: dizziness 13%, neurologic: ataxia 6%, cognitive: confusion/difficulty concentrating/difficulty with memory 6%, renal/metabolic: kidney stones 4% over development program"
zonisamide,fact_check,medium,qt_interval_effect,missing_source,False,"The reviewed FDA labels do not establish a clinically meaningful QT effect, but absence of a QT warning is narrower than proof of no clinically meaningful QT effect.",https://www.accessdata.fda.gov/drugsatfda_docs/label/2022/214273s000lbl.pdf,No clinically meaningful QT effect established,No FDA QT-prolongation warning identified in reviewed FDA labeling
zonisamide,fact_check,medium,status_or_notes,missing_source,True,FDA labeling supports partial-onset seizure use. The migraine/weight-related off-label statement is not supported by the row's named trusted evidence sources.,https://www.accessdata.fda.gov/drugsatfda_docs/label/2022/214273s000lbl.pdf,Current ASM for focal/partial seizures; also used off-label for migraine/weight-related indications in some settings.,Current ASM for adjunctive treatment of focal/partial-onset seizures; non-epilepsy off-label uses require added trusted sources if retained.
zonisamide,outcome_check,high,diff_seizure_freedom_maximum_effective_dose,incorrect,False,"NCBI evidence tables report Lu2011 seizure freedom as 3/52 for zonisamide versus 1/50 for placebo, so the current NR statement is not fully correct.",https://pubmed.ncbi.nlm.nih.gov/21166480/; https://www.ncbi.nlm.nih.gov/books/NBK327367/bin/appl-et1.pdf,NR/not extractable as a drug-minus-placebo seizure-freedom patient-rate differential at the maximum effective dose/regimen from included phase II/III placebo-controlled RCT records,3.8 % (drug minus placebo seizure-freedom patient-rate differential extractable from Lu2011 pooled zonisamide 300-400 mg/day: 3/52 [5.8%] vs 1/50 [2.0%]; no dose-specific 400 mg/day seizure-freedom differential extractable from included abstracts/evidence summaries)
zonisamide,outcome_check,high,plot_diff_seizure_freedom_maximum_effective_dose,incorrect,False,"A pooled Lu2011 seizure-freedom differential is extractable, although not dose-specific to the 400 mg/day arm.",https://pubmed.ncbi.nlm.nih.gov/21166480/; https://www.ncbi.nlm.nih.gov/books/NBK327367/bin/appl-et1.pdf,,Lu2011|3.8|https://pubmed.ncbi.nlm.nih.gov/21166480/|104
zonisamide,black_box_warning,high,fda_black_box_warning,incorrect,False,"The no-boxed-warning conclusion is plausible, but the current row relies on DailyMed, which is not permissible for this field. Use FDA/openFDA or FDA accessdata label metadata instead.",https://api.fda.gov/drug/label.json?search=openfda.spl_set_id%3A%22d12de43e-3ac3-4335-bc85-70d7366a91eb%22&limit=5; https://www.accessdata.fda.gov/drugsatfda_docs/label/2022/214273s000lbl.pdf,No FDA boxed warning identified in selected current DailyMed label.,No FDA boxed warning identified in selected current FDA/openFDA label.
zonisamide,proposed_row_update,critical,evidence_sources,proposed,True,The current evidence_sources field names DailyMed and non-whitelisted epilepsy organization sources. The retained row facts should cite trusted source domains from the audit policy.,https://www.accessdata.fda.gov/drugsatfda_docs/label/2000/20789lbl.pdf; https://www.accessdata.fda.gov/drugsatfda_docs/label/2022/214273s000lbl.pdf; https://www.ncbi.nlm.nih.gov/books/NBK327367/bin/appl-et1.pdf; https://pubmed.ncbi.nlm.nih.gov/21166480/,NCBI LiverTox anticonvulsants table; Epilepsy Society ASM list; Epilepsy Foundation Australia ASM list; FDA/DailyMed labeling,FDA accessdata labeling; FDA/openFDA labeling; NCBI Bookshelf/PubMed RCT evidence summaries; PubMed RCT records; ClinicalTrials.gov where trial-registry facts are used
zonisamide,proposed_row_update,medium,mechanism_source,proposed,False,Mechanism facts are supported by FDA labeling; cite FDA accessdata rather than DailyMed to stay within trusted-source policy.,https://www.accessdata.fda.gov/drugsatfda_docs/label/2022/214273s000lbl.pdf,FDA/DailyMed labeling,FDA accessdata labeling
zonisamide,proposed_row_update,medium,fda_black_box_warning_source,proposed,False,DailyMed is not permissible for black-box verification; use FDA/openFDA metadata.,https://api.fda.gov/drug/label.json?search=openfda.spl_set_id%3A%22d12de43e-3ac3-4335-bc85-70d7366a91eb%22&limit=5,"FDA/DailyMed SPL; status=no_boxed_warning_in_selected_label; setid=d12de43e-3ac3-4335-bc85-70d7366a91eb; published=Oct 03, 2025; title=ZONEGRAN (ZONISAMIDE) CAPSULE [ADVANZ PHARMA (US) CORP.]; url=https://dailymed.nlm.nih.gov/dailymed/drugInfo.cfm?setid=d12de43e-3ac3-4335-bc85-70d7366a91eb",FDA/openFDA drug label API; status=no_boxed_warning_in_selected_fda_label; spl_set_id=d12de43e-3ac3-4335-bc85-70d7366a91eb; effective_time=20250912; title=Zonegran / ZONISAMIDE; api_url=https://api.fda.gov/drug/label.json?search=openfda.spl_set_id%3A%22d12de43e-3ac3-4335-bc85-70d7366a91eb%22&limit=5
zonisamide,proposed_row_update,medium,pubmed_search_aliases,proposed,False,ZNS is a common zonisamide abbreviation in RCT evidence summaries.,https://www.ncbi.nlm.nih.gov/books/NBK327367/bin/appl-et1.pdf,,ZNS
zonisamide,proposed_row_update,critical,maximum_approved_daily_dose,proposed,True,Current FDA labeling permits increase to 600 mg/day in selected patients tolerating 400 mg/day.,https://www.accessdata.fda.gov/drugsatfda_docs/label/2022/214273s000lbl.pdf,400 mg/day,"600 mg/day; usual target 400 mg/day, with labeling noting no evidence of increasing response above 400 mg/day"
zonisamide,proposed_row_update,critical,filter_mechanism,proposed,True,"Alpha-2-delta is not supported; FDA labeling supports T-type calcium currents, sodium channels, and carbonic anhydrase inhibition.",https://www.accessdata.fda.gov/drugsatfda_docs/label/2022/214273s000lbl.pdf,Calcium channel / alpha-2-delta; Sodium channel,Calcium channel / T-type; Sodium channel; Carbonic anhydrase inhibitor
zonisamide,proposed_row_update,medium,diff_seizure_freedom_maximum_effective_dose,proposed,False,Lu2011 reports extractable seizure-freedom counts in NCBI evidence tables.,https://pubmed.ncbi.nlm.nih.gov/21166480/; https://www.ncbi.nlm.nih.gov/books/NBK327367/bin/appl-et1.pdf,NR/not extractable as a drug-minus-placebo seizure-freedom patient-rate differential at the maximum effective dose/regimen from included phase II/III placebo-controlled RCT records,3.8 % (drug minus placebo seizure-freedom patient-rate differential extractable from Lu2011 pooled zonisamide 300-400 mg/day: 3/52 [5.8%] vs 1/50 [2.0%]; no dose-specific 400 mg/day seizure-freedom differential extractable from included abstracts/evidence summaries)
zonisamide,proposed_row_update,medium,plot_diff_seizure_freedom_maximum_effective_dose,proposed,False,Adds the extractable Lu2011 pooled seizure-freedom differential.,https://pubmed.ncbi.nlm.nih.gov/21166480/; https://www.ncbi.nlm.nih.gov/books/NBK327367/bin/appl-et1.pdf,,Lu2011|3.8|https://pubmed.ncbi.nlm.nih.gov/21166480/|104
